ISO-10303-21;
HEADER;
FILE_DESCRIPTION (( 'STEP AP203' ),
    '1' );
FILE_NAME ('·¨À¼µ××ùrobotiq-tb6r5ÈÈÈÛÂÝÄ¸°æ±¾.STEP',
    '2026-05-16T02:42:17',
    ( '' ),
    ( '' ),
    'SwSTEP 2.0',
    'SolidWorks 2024',
    '' );
FILE_SCHEMA (( 'CONFIG_CONTROL_DESIGN' ));
ENDSEC;

DATA;
#1 = DIRECTION ( 'NONE',  ( 1.000000000000000000, 0.000000000000000000, 0.000000000000000000 ) ) ;
#2 = VERTEX_POINT ( 'NONE', #2279 ) ;
#3 = ORIENTED_EDGE ( 'NONE', *, *, #1508, .T. ) ;
#4 = FACE_BOUND ( 'NONE', #978, .T. ) ;
#5 = CARTESIAN_POINT ( 'NONE',  ( -10.57935615310511324, -33.68543350024464189, 11.80000000000000071 ) ) ;
#6 = CLOSED_SHELL ( 'NONE', ( #107, #555, #926, #409, #863, #1571, #1070, #1906, #1602, #1855, #144, #955, #1274, #811, #1751, #291, #2049, #491, #2188, #2236, #191, #39, #1208, #1459, #1105, #785, #253, #1231, #443, #671, #805, #72, #1959, #1721, #406, #1411, #476, #1779, #1935, #1046, #2145, #1859, #871, #1447, #1704, #2004, #1975, #712, #1555, #1950, #1495, #23, #2293, #1056, #1582, #940, #2150, #1674, #532, #2014, #2295, #1842, #336, #2126, #502, #1690, #304, #884, #1949, #740 ) ) ;
#7 = ORIENTED_EDGE ( 'NONE', *, *, #242, .F. ) ;
#8 = DIRECTION ( 'NONE',  ( -1.000000000000000000, 0.000000000000000000, 0.000000000000000000 ) ) ;
#9 = EDGE_CURVE ( 'NONE', #2257, #478, #1191, .T. ) ;
#10 = AXIS2_PLACEMENT_3D ( 'NONE', #345, #1572, #1426 ) ;
#11 = DIRECTION ( 'NONE',  ( -0.000000000000000000, -0.000000000000000000, -1.000000000000000000 ) ) ;
#12 = VERTEX_POINT ( 'NONE', #675 ) ;
#13 = CIRCLE ( 'NONE', #1183, 2.149999999999999023 ) ;
#14 = CIRCLE ( 'NONE', #2269, 3.925000000000001599 ) ;
#15 = EDGE_LOOP ( 'NONE', ( #222, #1298, #1852, #2238 ) ) ;
#16 = DIRECTION ( 'NONE',  ( 1.000000000000000000, 0.000000000000000000, 0.000000000000000000 ) ) ;
#17 = PLANE ( 'NONE',  #987 ) ;
#18 = CARTESIAN_POINT ( 'NONE',  ( -28.76935615310511807, 10.12456649975535505, 11.80000000000000071 ) ) ;
#19 = ORIENTED_EDGE ( 'NONE', *, *, #1708, .F. ) ;
#20 = DIRECTION ( 'NONE',  ( -0.000000000000000000, -0.000000000000000000, -1.000000000000000000 ) ) ;
#21 = DIRECTION ( 'NONE',  ( 1.000000000000000000, 0.000000000000000000, 0.000000000000000000 ) ) ;
#22 = VERTEX_POINT ( 'NONE', #1727 ) ;
#23 = ADVANCED_FACE ( 'NONE', ( #1022 ), #1391, .F. ) ;
#24 = ORIENTED_EDGE ( 'NONE', *, *, #135, .F. ) ;
#25 = FACE_BOUND ( 'NONE', #104, .T. ) ;
#26 = CARTESIAN_POINT ( 'NONE',  ( 11.04064384689489309, -33.68543350024464189, 7.800000000000001599 ) ) ;
#27 = DIRECTION ( 'NONE',  ( 0.000000000000000000, 0.000000000000000000, -1.000000000000000000 ) ) ;
#28 = AXIS2_PLACEMENT_3D ( 'NONE', #992, #438, #953 ) ;
#29 = DIRECTION ( 'NONE',  ( 0.000000000000000000, 0.000000000000000000, 1.000000000000000000 ) ) ;
#30 = ORIENTED_EDGE ( 'NONE', *, *, #268, .F. ) ;
#31 = CARTESIAN_POINT ( 'NONE',  ( -27.27980021920985365, 15.74999999999993783, 11.80000000000000071 ) ) ;
#32 = DIRECTION ( 'NONE',  ( -1.000000000000000000, 0.000000000000000000, 0.000000000000000000 ) ) ;
#33 = AXIS2_PLACEMENT_3D ( 'NONE', #672, #465, #657 ) ;
#34 = DIRECTION ( 'NONE',  ( 0.000000000000000000, 0.000000000000000000, 1.000000000000000000 ) ) ;
#35 = ORIENTED_EDGE ( 'NONE', *, *, #459, .T. ) ;
#36 = CIRCLE ( 'NONE', #1947, 3.925000000000001599 ) ;
#37 = EDGE_LOOP ( 'NONE', ( #937, #611, #1133, #1030, #1127, #833 ) ) ;
#38 = CARTESIAN_POINT ( 'NONE',  ( 9.290643846894893088, 33.93456649975535555, 0.000000000000000000 ) ) ;
#39 = ADVANCED_FACE ( 'NONE', ( #314 ), #1031, .T. ) ;
#40 = EDGE_CURVE ( 'NONE', #22, #829, #1249, .T. ) ;
#41 = CARTESIAN_POINT ( 'NONE',  ( 39.99999999999999289, 4.898587196589412237E-15, 11.80000000000000071 ) ) ;
#42 = DIRECTION ( 'NONE',  ( -0.000000000000000000, -0.000000000000000000, -1.000000000000000000 ) ) ;
#43 = ORIENTED_EDGE ( 'NONE', *, *, #1350, .F. ) ;
#44 = CARTESIAN_POINT ( 'NONE',  ( -31.20480021920975844, -15.75000000000012790, 11.80000000000000071 ) ) ;
#45 = AXIS2_PLACEMENT_3D ( 'NONE', #696, #2298, #1415 ) ;
#46 = DIRECTION ( 'NONE',  ( -0.000000000000000000, -0.000000000000000000, -1.000000000000000000 ) ) ;
#47 = CARTESIAN_POINT ( 'NONE',  ( 27.27980021920963338, 15.75000000000031974, 11.29999999999997584 ) ) ;
#48 = VECTOR ( 'NONE', #523, 1000.000000000000000 ) ;
#49 = ORIENTED_EDGE ( 'NONE', *, *, #633, .F. ) ;
#50 = AXIS2_PLACEMENT_3D ( 'NONE', #966, #565, #925 ) ;
#51 = EDGE_LOOP ( 'NONE', ( #1279, #30 ) ) ;
#52 = CARTESIAN_POINT ( 'NONE',  ( 2.199633243471174140E-13, -31.50000000000000000, 11.30000000000000426 ) ) ;
#53 = DIRECTION ( 'NONE',  ( -1.000000000000000000, 0.000000000000000000, 0.000000000000000000 ) ) ;
#54 = AXIS2_PLACEMENT_3D ( 'NONE', #2015, #34, #1629 ) ;
#55 = CONICAL_SURFACE ( 'NONE', #1524, 4.425000000000012257, 0.7853981633974466137 ) ;
#56 = AXIS2_PLACEMENT_3D ( 'NONE', #1689, #1331, #1002 ) ;
#57 = EDGE_CURVE ( 'NONE', #1123, #1795, #2107, .T. ) ;
#58 = CARTESIAN_POINT ( 'NONE',  ( 30.14757339938327618, 12.49519741795140071, 11.70809577254750522 ) ) ;
#59 = ORIENTED_EDGE ( 'NONE', *, *, #1228, .T. ) ;
#60 = EDGE_CURVE ( 'NONE', #2245, #1795, #158, .T. ) ;
#61 = ORIENTED_EDGE ( 'NONE', *, *, #130, .F. ) ;
#62 = DIRECTION ( 'NONE',  ( -0.000000000000000000, -0.000000000000000000, -1.000000000000000000 ) ) ;
#63 = DIRECTION ( 'NONE',  ( 1.000000000000000000, 0.000000000000000000, 0.000000000000000000 ) ) ;
#64 = DIRECTION ( 'NONE',  ( -0.000000000000000000, -0.000000000000000000, -1.000000000000000000 ) ) ;
#65 = ORIENTED_EDGE ( 'NONE', *, *, #1261, .T. ) ;
#66 = VECTOR ( 'NONE', #1874, 1000.000000000000000 ) ;
#67 = ORIENTED_EDGE ( 'NONE', *, *, #1541, .T. ) ;
#68 = DIRECTION ( 'NONE',  ( -0.000000000000000000, -0.000000000000000000, -1.000000000000000000 ) ) ;
#69 = CARTESIAN_POINT ( 'NONE',  ( 29.23064384689489970, -9.875433500244644947, 7.800000000000001599 ) ) ;
#70 = ORIENTED_EDGE ( 'NONE', *, *, #223, .T. ) ;
#71 = CARTESIAN_POINT ( 'NONE',  ( -28.76935615310511807, 10.12456649975535505, 7.800000000000001599 ) ) ;
#72 = ADVANCED_FACE ( 'NONE', ( #1758 ), #1587, .F. ) ;
#73 = AXIS2_PLACEMENT_3D ( 'NONE', #141, #315, #1032 ) ;
#74 = CARTESIAN_POINT ( 'NONE',  ( -31.20480021920975844, -15.75000000000012790, 11.29999999999998828 ) ) ;
#75 = EDGE_CURVE ( 'NONE', #2, #645, #2072, .T. ) ;
#76 = CARTESIAN_POINT ( 'NONE',  ( -30.66519942438065982, 13.24257339062028116, 11.58310563779803815 ) ) ;
#77 = VERTEX_POINT ( 'NONE', #1667 ) ;
#78 = EDGE_LOOP ( 'NONE', ( #624, #2087, #895, #1455 ) ) ;
#79 = FACE_OUTER_BOUND ( 'NONE', #1703, .T. ) ;
#80 = LOCAL_TIME ( 10, 42, 17.00000000000000000, #2157 ) ;
#81 = CARTESIAN_POINT ( 'NONE',  ( 0.000000000000000000, 31.50000000000000000, 11.80000000000000071 ) ) ;
#82 = CARTESIAN_POINT ( 'NONE',  ( 30.59778960581071416, 12.90655250709962054, 11.74069026618196965 ) ) ;
#83 = CARTESIAN_POINT ( 'NONE',  ( 27.27980021920996379, -15.74999999999974598, 11.80000000000000071 ) ) ;
#84 = ORIENTED_EDGE ( 'NONE', *, *, #2105, .T. ) ;
#85 = DIRECTION ( 'NONE',  ( -0.000000000000000000, -0.000000000000000000, -1.000000000000000000 ) ) ;
#86 = CARTESIAN_POINT ( 'NONE',  ( -35.76935615310511452, -9.875433500244644947, 11.80000000000000071 ) ) ;
#87 = EDGE_CURVE ( 'NONE', #1983, #369, #535, .T. ) ;
#88 = CYLINDRICAL_SURFACE ( 'NONE', #1482, 2.899999999999999911 ) ;
#89 = ORIENTED_EDGE ( 'NONE', *, *, #2217, .T. ) ;
#90 = PRODUCT_RELATED_PRODUCT_CATEGORY ( 'detail', '', ( #892 ) ) ;
#91 = ORIENTED_EDGE ( 'NONE', *, *, #349, .T. ) ;
#92 = FACE_BOUND ( 'NONE', #1445, .T. ) ;
#93 = AXIS2_PLACEMENT_3D ( 'NONE', #159, #1058, #1422 ) ;
#94 = AXIS2_PLACEMENT_3D ( 'NONE', #1952, #543, #1765 ) ;
#95 = CARTESIAN_POINT ( 'NONE',  ( -28.76935615310511807, -9.875433500244644947, 7.800000000000001599 ) ) ;
#96 = EDGE_LOOP ( 'NONE', ( #1770, #294 ) ) ;
#97 = CIRCLE ( 'NONE', #1927, 3.499999999999999556 ) ;
#98 = AXIS2_PLACEMENT_3D ( 'NONE', #1035, #1958, #2115 ) ;
#99 = CYLINDRICAL_SURFACE ( 'NONE', #164, 3.924999999999998046 ) ;
#100 = ORIENTED_EDGE ( 'NONE', *, *, #788, .F. ) ;
#101 = CARTESIAN_POINT ( 'NONE',  ( 34.88064384689489827, -9.875433500244644947, 11.80000000000000071 ) ) ;
#102 = FACE_BOUND ( 'NONE', #1821, .T. ) ;
#103 = ORIENTED_EDGE ( 'NONE', *, *, #542, .F. ) ;
#104 = EDGE_LOOP ( 'NONE', ( #1673, #621 ) ) ;
#105 = VERTEX_POINT ( 'NONE', #1138 ) ;
#106 = CARTESIAN_POINT ( 'NONE',  ( -7.079356153105113236, 33.93456649975535555, 0.000000000000000000 ) ) ;
#107 = ADVANCED_FACE ( 'NONE', ( #919 ), #2216, .F. ) ;
#108 = CARTESIAN_POINT ( 'NONE',  ( -8.829356153105113236, -33.68543350024464189, 11.80000000000000071 ) ) ;
#109 = EDGE_LOOP ( 'NONE', ( #234, #1017, #1010, #7 ) ) ;
#110 = EDGE_CURVE ( 'NONE', #952, #1451, #1838, .T. ) ;
#111 = DIRECTION ( 'NONE',  ( -0.000000000000000000, -0.000000000000000000, -1.000000000000000000 ) ) ;
#112 = CARTESIAN_POINT ( 'NONE',  ( 32.73064384689489970, -9.875433500244644947, 0.000000000000000000 ) ) ;
#113 = CARTESIAN_POINT ( 'NONE',  ( 12.19064384689489344, -33.68543350024464189, 7.800000000000001599 ) ) ;
#114 = VERTEX_POINT ( 'NONE', #86 ) ;
#115 = AXIS2_PLACEMENT_3D ( 'NONE', #1501, #602, #2029 ) ;
#116 = EDGE_LOOP ( 'NONE', ( #951, #1112, #2088, #2143 ) ) ;
#117 = APPROVAL_DATE_TIME ( #1007, #1085 ) ;
#118 = LINE ( 'NONE', #138, #1281 ) ;
#119 = ORIENTED_EDGE ( 'NONE', *, *, #2000, .T. ) ;
#120 = EDGE_CURVE ( 'NONE', #664, #1961, #1216, .T. ) ;
#121 = VERTEX_POINT ( 'NONE', #2212 ) ;
#122 = CARTESIAN_POINT ( 'NONE',  ( -5.929356153105113769, -33.68543350024464189, 11.80000000000000071 ) ) ;
#123 = FACE_OUTER_BOUND ( 'NONE', #1903, .T. ) ;
#124 = CARTESIAN_POINT ( 'NONE',  ( -30.39074108270904517, 13.07958373536144414, 11.47366872928304815 ) ) ;
#125 = ORIENTED_EDGE ( 'NONE', *, *, #1424, .F. ) ;
#126 = APPROVAL_STATUS ( 'not_yet_approved' ) ;
#127 = DIRECTION ( 'NONE',  ( 1.000000000000000000, 0.000000000000000000, 0.000000000000000000 ) ) ;
#128 = VERTEX_POINT ( 'NONE', #74 ) ;
#129 = VECTOR ( 'NONE', #1659, 1000.000000000000000 ) ;
#130 = EDGE_CURVE ( 'NONE', #570, #1123, #1738, .T. ) ;
#131 = VERTEX_POINT ( 'NONE', #2174 ) ;
#132 = CARTESIAN_POINT ( 'NONE',  ( 27.27980021920996379, -15.74999999999974598, 11.80000000000000071 ) ) ;
#133 = AXIS2_PLACEMENT_3D ( 'NONE', #650, #475, #1015 ) ;
#134 = CIRCLE ( 'NONE', #94, 3.499999999999999556 ) ;
#135 = EDGE_CURVE ( 'NONE', #185, #12, #869, .T. ) ;
#136 = FACE_BOUND ( 'NONE', #51, .T. ) ;
#137 = DIRECTION ( 'NONE',  ( 1.000000000000000000, 0.000000000000000000, 0.000000000000000000 ) ) ;
#138 = CARTESIAN_POINT ( 'NONE',  ( 36.23064384689489970, 10.12456649975535505, 7.800000000000001599 ) ) ;
#139 = ORIENTED_EDGE ( 'NONE', *, *, #754, .T. ) ;
#140 = ORIENTED_EDGE ( 'NONE', *, *, #1641, .T. ) ;
#141 = CARTESIAN_POINT ( 'NONE',  ( -32.26935615310511452, 10.12456649975535505, 7.800000000000001599 ) ) ;
#142 = DIRECTION ( 'NONE',  ( -1.000000000000000000, 0.000000000000000000, 0.000000000000000000 ) ) ;
#143 = EDGE_CURVE ( 'NONE', #901, #1613, #500, .T. ) ;
#144 = ADVANCED_FACE ( 'NONE', ( #799 ), #1507, .F. ) ;
#145 = DIRECTION ( 'NONE',  ( 1.000000000000000000, 0.000000000000000000, 0.000000000000000000 ) ) ;
#146 = AXIS2_PLACEMENT_3D ( 'NONE', #1488, #2070, #1187 ) ;
#147 = EDGE_LOOP ( 'NONE', ( #270, #1493, #280, #2193, #244, #1409 ) ) ;
#148 = LINE ( 'NONE', #1907, #232 ) ;
#149 = VERTEX_POINT ( 'NONE', #1677 ) ;
#150 = DIRECTION ( 'NONE',  ( 1.000000000000000000, 0.000000000000000000, 0.000000000000000000 ) ) ;
#151 = DIRECTION ( 'NONE',  ( -0.000000000000000000, -0.000000000000000000, -1.000000000000000000 ) ) ;
#152 = CARTESIAN_POINT ( 'NONE',  ( -32.26935615310511452, 10.12456649975535505, 0.000000000000000000 ) ) ;
#153 = CARTESIAN_POINT ( 'NONE',  ( -7.079356153105113236, -33.68543350024464189, 11.80000000000000071 ) ) ;
#154 = EDGE_CURVE ( 'NONE', #283, #209, #973, .T. ) ;
#155 = CARTESIAN_POINT ( 'NONE',  ( -5.929356153105113769, 33.93456649975535555, 7.800000000000001599 ) ) ;
#156 = APPROVAL ( #1446, 'æœª' ) ;
#157 = EDGE_LOOP ( 'NONE', ( #1626, #2177, #35, #807 ) ) ;
#158 = CIRCLE ( 'NONE', #1616, 1.749999999999999778 ) ;
#159 = CARTESIAN_POINT ( 'NONE',  ( -8.829356153105113236, -33.68543350024464189, 11.80000000000000071 ) ) ;
#160 = CIRCLE ( 'NONE', #2144, 15.59999999999999964 ) ;
#161 = CARTESIAN_POINT ( 'NONE',  ( -7.079356153105113236, -33.68543350024464189, 7.800000000000001599 ) ) ;
#162 = CIRCLE ( 'NONE', #1473, 1.750000000000000666 ) ;
#163 = EDGE_LOOP ( 'NONE', ( #1333, #332, #957, #1538 ) ) ;
#164 = AXIS2_PLACEMENT_3D ( 'NONE', #83, #1134, #794 ) ;
#165 = AXIS2_PLACEMENT_3D ( 'NONE', #898, #1251, #1782 ) ;
#166 = FACE_OUTER_BOUND ( 'NONE', #1101, .T. ) ;
#167 = CIRCLE ( 'NONE', #1099, 39.99999999999999289 ) ;
#168 = CIRCLE ( 'NONE', #98, 3.925000000000001599 ) ;
#169 = DIRECTION ( 'NONE',  ( 0.000000000000000000, 0.000000000000000000, 1.000000000000000000 ) ) ;
#170 = DIRECTION ( 'NONE',  ( 1.000000000000000000, 0.000000000000000000, 0.000000000000000000 ) ) ;
#171 = EDGE_CURVE ( 'NONE', #298, #1853, #797, .T. ) ;
#172 = CARTESIAN_POINT ( 'NONE',  ( -29.56068674417259601, -12.09740921360883625, 11.67862961412419764 ) ) ;
#173 = EDGE_LOOP ( 'NONE', ( #233, #1108, #1150, #564 ) ) ;
#174 = CARTESIAN_POINT ( 'NONE',  ( -32.26935615310511452, 10.12456649975535505, 11.80000000000000071 ) ) ;
#175 = DIRECTION ( 'NONE',  ( 1.000000000000000000, 0.000000000000000000, 0.000000000000000000 ) ) ;
#176 = CYLINDRICAL_SURFACE ( 'NONE', #2265, 3.500000000000003109 ) ;
#177 = DIRECTION ( 'NONE',  ( 0.000000000000000000, 0.000000000000000000, -1.000000000000000000 ) ) ;
#178 = EDGE_CURVE ( 'NONE', #2122, #830, #1094, .T. ) ;
#179 = DIRECTION ( 'NONE',  ( 0.000000000000000000, 0.000000000000000000, 1.000000000000000000 ) ) ;
#180 = ORIENTED_EDGE ( 'NONE', *, *, #600, .F. ) ;
#181 = AXIS2_PLACEMENT_3D ( 'NONE', #808, #1720, #482 ) ;
#182 = DIRECTION ( 'NONE',  ( -0.000000000000000000, -0.000000000000000000, -1.000000000000000000 ) ) ;
#183 = DIRECTION ( 'NONE',  ( 0.000000000000000000, 0.000000000000000000, 1.000000000000000000 ) ) ;
#184 = VERTEX_POINT ( 'NONE', #1314 ) ;
#185 = VERTEX_POINT ( 'NONE', #1152 ) ;
#186 = LINE ( 'NONE', #2131, #1658 ) ;
#187 = AXIS2_PLACEMENT_3D ( 'NONE', #220, #1114, #748 ) ;
#188 = FACE_OUTER_BOUND ( 'NONE', #37, .T. ) ;
#189 = EDGE_LOOP ( 'NONE', ( #2288, #1163 ) ) ;
#190 = DIRECTION ( 'NONE',  ( 1.000000000000000000, 0.000000000000000000, 0.000000000000000000 ) ) ;
#191 = ADVANCED_FACE ( 'NONE', ( #432 ), #962, .F. ) ;
#192 = AXIS2_PLACEMENT_3D ( 'NONE', #492, #1756, #1226 ) ;
#193 = AXIS2_PLACEMENT_3D ( 'NONE', #2067, #461, #2040 ) ;
#194 = VECTOR ( 'NONE', #961, 999.9999999999998863 ) ;
#195 = CARTESIAN_POINT ( 'NONE',  ( -4.424999999999777778, -31.50000000000000000, 11.80000000000000071 ) ) ;
#196 = ORIENTED_EDGE ( 'NONE', *, *, #702, .F. ) ;
#197 = AXIS2_PLACEMENT_3D ( 'NONE', #497, #1393, #1232 ) ;
#198 = AXIS2_PLACEMENT_3D ( 'NONE', #286, #257, #1166 ) ;
#199 = EDGE_CURVE ( 'NONE', #22, #1172, #2024, .T. ) ;
#200 = VERTEX_POINT ( 'NONE', #626 ) ;
#201 = CARTESIAN_POINT ( 'NONE',  ( -27.27980021920975773, -15.75000000000012790, 11.80000000000000071 ) ) ;
#202 = DIRECTION ( 'NONE',  ( 1.000000000000000000, 7.840558083510951575E-16, 0.000000000000000000 ) ) ;
#203 = CARTESIAN_POINT ( 'NONE',  ( -34.41935615310512020, 10.12456649975535505, 0.000000000000000000 ) ) ;
#204 = VERTEX_POINT ( 'NONE', #418 ) ;
#205 = DIRECTION ( 'NONE',  ( 1.000000000000000000, 0.000000000000000000, -0.000000000000000000 ) ) ;
#206 = CARTESIAN_POINT ( 'NONE',  ( -30.11935615310511594, -9.875433500244644947, 11.80000000000000071 ) ) ;
#207 = EDGE_CURVE ( 'NONE', #464, #131, #941, .T. ) ;
#208 = CARTESIAN_POINT ( 'NONE',  ( 0.000000000000000000, 31.50000000000000000, 11.30000000000000071 ) ) ;
#209 = VERTEX_POINT ( 'NONE', #1650 ) ;
#210 = EDGE_CURVE ( 'NONE', #829, #1998, #1813, .T. ) ;
#211 = ORIENTED_EDGE ( 'NONE', *, *, #1458, .F. ) ;
#212 = CARTESIAN_POINT ( 'NONE',  ( -8.829356153105113236, 33.93456649975535555, 0.000000000000000000 ) ) ;
#213 = CARTESIAN_POINT ( 'NONE',  ( 0.000000000000000000, 0.000000000000000000, 0.000000000000000000 ) ) ;
#214 = CARTESIAN_POINT ( 'NONE',  ( 34.88064384689489827, -9.875433500244644947, 0.000000000000000000 ) ) ;
#215 = ORIENTED_EDGE ( 'NONE', *, *, #360, .F. ) ;
#216 = AXIS2_PLACEMENT_3D ( 'NONE', #1072, #177, #893 ) ;
#217 = DIRECTION ( 'NONE',  ( 1.000000000000000000, 0.000000000000000000, 0.000000000000000000 ) ) ;
#218 = ORIENTED_EDGE ( 'NONE', *, *, #1368, .T. ) ;
#219 = LINE ( 'NONE', #44, #1807 ) ;
#220 = CARTESIAN_POINT ( 'NONE',  ( 9.290643846894893088, -33.68543350024464189, 7.800000000000001599 ) ) ;
#221 = CARTESIAN_POINT ( 'NONE',  ( -29.25884426729260923, 11.92022609892129381, 11.68311675332652122 ) ) ;
#222 = ORIENTED_EDGE ( 'NONE', *, *, #910, .F. ) ;
#223 = EDGE_CURVE ( 'NONE', #2240, #1732, #1484, .T. ) ;
#224 = ORIENTED_EDGE ( 'NONE', *, *, #1976, .F. ) ;
#225 = DIRECTION ( 'NONE',  ( 0.000000000000000000, 0.000000000000000000, 1.000000000000000000 ) ) ;
#226 = EDGE_CURVE ( 'NONE', #741, #2048, #904, .T. ) ;
#227 = LINE ( 'NONE', #942, #129 ) ;
#228 = ORIENTED_EDGE ( 'NONE', *, *, #1305, .F. ) ;
#229 = LINE ( 'NONE', #944, #194 ) ;
#230 = CARTESIAN_POINT ( 'NONE',  ( -32.26935615310511452, 10.12456649975535505, 7.800000000000001599 ) ) ;
#231 = DIRECTION ( 'NONE',  ( -0.000000000000000000, -0.000000000000000000, 1.000000000000000000 ) ) ;
#232 = VECTOR ( 'NONE', #1400, 1000.000000000000000 ) ;
#233 = ORIENTED_EDGE ( 'NONE', *, *, #2138, .F. ) ;
#234 = ORIENTED_EDGE ( 'NONE', *, *, #975, .F. ) ;
#235 = DIRECTION ( 'NONE',  ( -0.000000000000000000, 0.000000000000000000, -1.000000000000000000 ) ) ;
#236 = DIRECTION ( 'NONE',  ( 1.000000000000000000, 0.000000000000000000, -0.000000000000000000 ) ) ;
#237 = AXIS2_PLACEMENT_3D ( 'NONE', #326, #1752, #856 ) ;
#238 = AXIS2_PLACEMENT_3D ( 'NONE', #2292, #183, #145 ) ;
#239 = EDGE_CURVE ( 'NONE', #1802, #2051, #1709, .T. ) ;
#240 = CARTESIAN_POINT ( 'NONE',  ( 7.540643846894893088, 33.93456649975535555, 0.000000000000000000 ) ) ;
#241 = EDGE_LOOP ( 'NONE', ( #1463, #1724, #546, #1791 ) ) ;
#242 = EDGE_CURVE ( 'NONE', #308, #464, #763, .T. ) ;
#243 = DIRECTION ( 'NONE',  ( 1.000000000000000000, 0.000000000000000000, 0.000000000000000000 ) ) ;
#244 = ORIENTED_EDGE ( 'NONE', *, *, #110, .F. ) ;
#245 = CARTESIAN_POINT ( 'NONE',  ( 11.04064384689489309, 33.93456649975535555, 11.80000000000000071 ) ) ;
#246 = DIRECTION ( 'NONE',  ( 0.000000000000000000, 0.000000000000000000, 1.000000000000000000 ) ) ;
#247 = DIRECTION ( 'NONE',  ( 0.000000000000000000, 0.000000000000000000, 1.000000000000000000 ) ) ;
#248 = ORIENTED_EDGE ( 'NONE', *, *, #820, .T. ) ;
#249 = ORIENTED_EDGE ( 'NONE', *, *, #60, .T. ) ;
#250 = CARTESIAN_POINT ( 'NONE',  ( 4.424999999999998046, 31.50000000000000000, 11.80000000000000071 ) ) ;
#251 = DIRECTION ( 'NONE',  ( -0.000000000000000000, -0.000000000000000000, -1.000000000000000000 ) ) ;
#252 = DIRECTION ( 'NONE',  ( -0.000000000000000000, -0.000000000000000000, 1.000000000000000000 ) ) ;
#253 = ADVANCED_FACE ( 'NONE', ( #909 ), #1627, .F. ) ;
#254 = VERTEX_POINT ( 'NONE', #1494 ) ;
#255 = DIRECTION ( 'NONE',  ( -1.000000000000000000, 0.000000000000000000, 0.000000000000000000 ) ) ;
#256 = CARTESIAN_POINT ( 'NONE',  ( -34.41935615310512020, -9.875433500244644947, 11.80000000000000071 ) ) ;
#257 = DIRECTION ( 'NONE',  ( -0.000000000000000000, -0.000000000000000000, -1.000000000000000000 ) ) ;
#258 = ORIENTED_EDGE ( 'NONE', *, *, #2134, .T. ) ;
#259 = VERTEX_POINT ( 'NONE', #585 ) ;
#260 = DIRECTION ( 'NONE',  ( 1.000000000000000000, 0.000000000000000000, 0.000000000000000000 ) ) ;
#261 = CIRCLE ( 'NONE', #1082, 3.925000000000001599 ) ;
#262 = LINE ( 'NONE', #250, #1273 ) ;
#263 = FACE_OUTER_BOUND ( 'NONE', #1129, .T. ) ;
#264 = CYLINDRICAL_SURFACE ( 'NONE', #1680, 3.500000000000003109 ) ;
#265 = ORIENTED_EDGE ( 'NONE', *, *, #2200, .T. ) ;
#266 = CARTESIAN_POINT ( 'NONE',  ( -8.829356153105113236, 33.93456649975535555, 7.800000000000001599 ) ) ;
#267 = CARTESIAN_POINT ( 'NONE',  ( 32.73064384689489970, -9.875433500244644947, 7.800000000000001599 ) ) ;
#268 = EDGE_CURVE ( 'NONE', #1362, #689, #1964, .T. ) ;
#269 = EDGE_LOOP ( 'NONE', ( #1107, #736, #2258, #293 ) ) ;
#270 = ORIENTED_EDGE ( 'NONE', *, *, #1497, .F. ) ;
#271 = AXIS2_PLACEMENT_3D ( 'NONE', #2261, #662, #127 ) ;
#272 = ORIENTED_EDGE ( 'NONE', *, *, #1317, .F. ) ;
#273 = CARTESIAN_POINT ( 'NONE',  ( 3.924999999999999822, 31.50000000000000000, 11.80000000000000071 ) ) ;
#274 = FACE_BOUND ( 'NONE', #802, .T. ) ;
#275 = CIRCLE ( 'NONE', #801, 3.924999999999998046 ) ;
#276 = DIRECTION ( 'NONE',  ( 0.000000000000000000, 0.000000000000000000, 1.000000000000000000 ) ) ;
#277 = AXIS2_PLACEMENT_3D ( 'NONE', #152, #522, #1242 ) ;
#278 = CIRCLE ( 'NONE', #1027, 2.149999999999999023 ) ;
#279 = DIRECTION ( 'NONE',  ( -1.000000000000000000, 0.000000000000000000, 0.000000000000000000 ) ) ;
#280 = ORIENTED_EDGE ( 'NONE', *, *, #834, .F. ) ;
#281 = AXIS2_PLACEMENT_3D ( 'NONE', #1283, #678, #137 ) ;
#282 = CARTESIAN_POINT ( 'NONE',  ( -30.11935615310511594, -9.875433500244644947, 7.800000000000001599 ) ) ;
#283 = VERTEX_POINT ( 'NONE', #571 ) ;
#284 = DIRECTION ( 'NONE',  ( -1.000000000000000000, 0.000000000000000000, 0.000000000000000000 ) ) ;
#285 = CARTESIAN_POINT ( 'NONE',  ( 32.73064384689489970, 10.12456649975535505, 7.800000000000001599 ) ) ;
#286 = CARTESIAN_POINT ( 'NONE',  ( 9.290643846894893088, 33.93456649975535555, 7.800000000000001599 ) ) ;
#287 = ORIENTED_EDGE ( 'NONE', *, *, #2168, .F. ) ;
#288 = EDGE_CURVE ( 'NONE', #1853, #1351, #1301, .T. ) ;
#289 = ORIENTED_EDGE ( 'NONE', *, *, #692, .T. ) ;
#290 = CALENDAR_DATE ( 2026, 16, 5 ) ;
#291 = ADVANCED_FACE ( 'NONE', ( #2199 ), #2011, .F. ) ;
#292 = CYLINDRICAL_SURFACE ( 'NONE', #1742, 39.99999999999999289 ) ;
#293 = ORIENTED_EDGE ( 'NONE', *, *, #521, .T. ) ;
#294 = ORIENTED_EDGE ( 'NONE', *, *, #2215, .F. ) ;
#295 = DIRECTION ( 'NONE',  ( 1.000000000000000000, 0.000000000000000000, 0.000000000000000000 ) ) ;
#296 = CYLINDRICAL_SURFACE ( 'NONE', #2268, 3.500000000000003109 ) ;
#297 = DIRECTION ( 'NONE',  ( -0.000000000000000000, -0.000000000000000000, 1.000000000000000000 ) ) ;
#298 = VERTEX_POINT ( 'NONE', #1987 ) ;
#299 = ORIENTED_EDGE ( 'NONE', *, *, #40, .F. ) ;
#300 =( LENGTH_UNIT ( ) NAMED_UNIT ( * ) SI_UNIT ( .MILLI., .METRE. ) );
#301 = EDGE_CURVE ( 'NONE', #128, #607, #219, .T. ) ;
#302 = CARTESIAN_POINT ( 'NONE',  ( 9.290643846894893088, -33.68543350024464189, 11.80000000000000071 ) ) ;
#303 = EDGE_LOOP ( 'NONE', ( #654, #1375 ) ) ;
#304 = ADVANCED_FACE ( 'NONE', ( #390 ), #55, .F. ) ;
#305 = EDGE_LOOP ( 'NONE', ( #1529, #681, #935, #1271 ) ) ;
#306 = DIRECTION ( 'NONE',  ( 0.000000000000000000, 0.000000000000000000, 1.000000000000000000 ) ) ;
#307 = DIRECTION ( 'NONE',  ( -0.000000000000000000, -0.000000000000000000, -1.000000000000000000 ) ) ;
#308 = VERTEX_POINT ( 'NONE', #1088 ) ;
#309 = VECTOR ( 'NONE', #1933, 1000.000000000000000 ) ;
#310 = CYLINDRICAL_SURFACE ( 'NONE', #2221, 3.925000000000000711 ) ;
#311 = EDGE_LOOP ( 'NONE', ( #43, #387 ) ) ;
#312 = VECTOR ( 'NONE', #1948, 1000.000000000000000 ) ;
#313 = CIRCLE ( 'NONE', #1663, 2.899999999999999911 ) ;
#314 = FACE_OUTER_BOUND ( 'NONE', #441, .T. ) ;
#315 = DIRECTION ( 'NONE',  ( 0.000000000000000000, 0.000000000000000000, 1.000000000000000000 ) ) ;
#316 = CIRCLE ( 'NONE', #1994, 4.424999999999998046 ) ;
#317 = EDGE_CURVE ( 'NONE', #1692, #952, #613, .T. ) ;
#318 = CARTESIAN_POINT ( 'NONE',  ( -8.829356153105113236, 33.93456649975535555, 11.80000000000000071 ) ) ;
#319 = CARTESIAN_POINT ( 'NONE',  ( 0.000000000000000000, 31.50000000000000000, 11.80000000000000071 ) ) ;
#320 = LINE ( 'NONE', #1914, #1729 ) ;
#321 = DIRECTION ( 'NONE',  ( 1.000000000000000000, 0.000000000000000000, 0.000000000000000000 ) ) ;
#322 = VERTEX_POINT ( 'NONE', #559 ) ;
#323 = CARTESIAN_POINT ( 'NONE',  ( -27.27980021920975773, -15.75000000000012790, 11.80000000000000071 ) ) ;
#324 = FACE_OUTER_BOUND ( 'NONE', #305, .T. ) ;
#325 = EDGE_CURVE ( 'NONE', #2162, #322, #1926, .T. ) ;
#326 = CARTESIAN_POINT ( 'NONE',  ( -27.27980021920975773, -15.75000000000012790, 11.80000000000000071 ) ) ;
#327 = CC_DESIGN_DATE_AND_TIME_ASSIGNMENT ( #2313, #707, ( #2206 ) ) ;
#328 = LINE ( 'NONE', #1217, #48 ) ;
#329 = AXIS2_PLACEMENT_3D ( 'NONE', #1257, #1768, #1403 ) ;
#330 = FACE_OUTER_BOUND ( 'NONE', #157, .T. ) ;
#331 = CARTESIAN_POINT ( 'NONE',  ( 6.390643846894894509, -33.68543350024464189, 7.800000000000001599 ) ) ;
#332 = ORIENTED_EDGE ( 'NONE', *, *, #1574, .T. ) ;
#333 = PLANE ( 'NONE',  #533 ) ;
#334 = EDGE_LOOP ( 'NONE', ( #1981, #2084, #1528, #215 ) ) ;
#335 = FACE_OUTER_BOUND ( 'NONE', #628, .T. ) ;
#336 = ADVANCED_FACE ( 'NONE', ( #1276, #416 ), #1104, .T. ) ;
#337 = DIRECTION ( 'NONE',  ( -0.000000000000000000, -0.000000000000000000, 1.000000000000000000 ) ) ;
#338 = ORIENTED_EDGE ( 'NONE', *, *, #1432, .F. ) ;
#339 = DIRECTION ( 'NONE',  ( -0.000000000000000000, -0.000000000000000000, 1.000000000000000000 ) ) ;
#340 = DIRECTION ( 'NONE',  ( 0.000000000000000000, 0.000000000000000000, 1.000000000000000000 ) ) ;
#341 = LINE ( 'NONE', #1945, #561 ) ;
#342 = AXIS2_PLACEMENT_3D ( 'NONE', #1081, #874, #170 ) ;
#343 = ORIENTED_EDGE ( 'NONE', *, *, #2027, .T. ) ;
#344 = CIRCLE ( 'NONE', #425, 2.149999999999999023 ) ;
#345 = CARTESIAN_POINT ( 'NONE',  ( -27.27980021920985365, 15.74999999999993783, 11.80000000000000071 ) ) ;
#346 = AXIS2_PLACEMENT_3D ( 'NONE', #918, #1637, #747 ) ;
#347 = CIRCLE ( 'NONE', #908, 4.425000000000022915 ) ;
#348 = DIRECTION ( 'NONE',  ( -1.000000000000000000, 0.000000000000000000, 0.000000000000000000 ) ) ;
#349 = EDGE_CURVE ( 'NONE', #389, #1826, #1285, .T. ) ;
#350 = ORIENTED_EDGE ( 'NONE', *, *, #426, .T. ) ;
#351 = EDGE_CURVE ( 'NONE', #2294, #1545, #278, .T. ) ;
#352 = CARTESIAN_POINT ( 'NONE',  ( 31.20480021920963409, 15.75000000000031974, 0.000000000000000000 ) ) ;
#353 = CARTESIAN_POINT ( 'NONE',  ( 36.23064384689489970, -9.875433500244644947, 7.800000000000001599 ) ) ;
#354 = CARTESIAN_POINT ( 'NONE',  ( -28.76935615310511807, 10.12456649975535505, 7.800000000000001599 ) ) ;
#355 = LINE ( 'NONE', #583, #2117 ) ;
#356 = LINE ( 'NONE', #1376, #1453 ) ;
#357 = CARTESIAN_POINT ( 'NONE',  ( 9.290643846894893088, -33.68543350024464189, 7.800000000000001599 ) ) ;
#358 = PERSON_AND_ORGANIZATION ( #2189, #1353 ) ;
#359 = VERTEX_POINT ( 'NONE', #1834 ) ;
#360 = EDGE_CURVE ( 'NONE', #283, #77, #229, .T. ) ;
#361 = AXIS2_PLACEMENT_3D ( 'NONE', #1614, #481, #8 ) ;
#362 = FACE_BOUND ( 'NONE', #2112, .T. ) ;
#363 = EDGE_CURVE ( 'NONE', #724, #584, #1594, .T. ) ;
#364 = CARTESIAN_POINT ( 'NONE',  ( -32.26935615310511452, 10.12456649975535505, 11.80000000000000071 ) ) ;
#365 = CARTESIAN_POINT ( 'NONE',  ( -32.26935615310511452, 10.12456649975535505, 7.800000000000001599 ) ) ;
#366 = ORIENTED_EDGE ( 'NONE', *, *, #1574, .F. ) ;
#367 = DIRECTION ( 'NONE',  ( -0.000000000000000000, -0.000000000000000000, -1.000000000000000000 ) ) ;
#368 = ORIENTED_EDGE ( 'NONE', *, *, #2063, .T. ) ;
#369 = VERTEX_POINT ( 'NONE', #71 ) ;
#370 = DIRECTION ( 'NONE',  ( -0.000000000000000000, -0.000000000000000000, 1.000000000000000000 ) ) ;
#371 = DIRECTION ( 'NONE',  ( -0.000000000000000000, -0.000000000000000000, 1.000000000000000000 ) ) ;
#372 = EDGE_CURVE ( 'NONE', #2048, #105, #784, .T. ) ;
#373 = CARTESIAN_POINT ( 'NONE',  ( 15.59999999999999964, 1.910449006669870914E-15, 11.80000000000000071 ) ) ;
#374 = AXIS2_PLACEMENT_3D ( 'NONE', #1361, #1710, #1009 ) ;
#375 = ORIENTED_EDGE ( 'NONE', *, *, #531, .T. ) ;
#376 = DIRECTION ( 'NONE',  ( -0.000000000000000000, -0.000000000000000000, -1.000000000000000000 ) ) ;
#377 = EDGE_CURVE ( 'NONE', #1878, #1828, #167, .T. ) ;
#378 = CIRCLE ( 'NONE', #50, 3.500000000000003109 ) ;
#379 = AXIS2_PLACEMENT_3D ( 'NONE', #911, #1293, #393 ) ;
#380 = AXIS2_PLACEMENT_3D ( 'NONE', #2172, #20, #1798 ) ;
#381 = CARTESIAN_POINT ( 'NONE',  ( -29.77873482174652864, 12.59398836773010188, 11.39418457320980238 ) ) ;
#382 = EDGE_LOOP ( 'NONE', ( #886, #1227, #582, #2064, #917, #778 ) ) ;
#383 = AXIS2_PLACEMENT_3D ( 'NONE', #757, #905, #1967 ) ;
#384 = ORIENTED_EDGE ( 'NONE', *, *, #120, .T. ) ;
#385 = DIRECTION ( 'NONE',  ( -1.000000000000000000, 0.000000000000000000, 0.000000000000000000 ) ) ;
#386 = DIRECTION ( 'NONE',  ( -0.000000000000000000, -0.000000000000000000, -1.000000000000000000 ) ) ;
#387 = ORIENTED_EDGE ( 'NONE', *, *, #2000, .F. ) ;
#388 = CARTESIAN_POINT ( 'NONE',  ( 2.199633243471174140E-13, -31.50000000000000000, 11.80000000000000071 ) ) ;
#389 = VERTEX_POINT ( 'NONE', #815 ) ;
#390 = FACE_OUTER_BOUND ( 'NONE', #1119, .T. ) ;
#391 = EDGE_CURVE ( 'NONE', #1300, #200, #313, .T. ) ;
#392 = DIRECTION ( 'NONE',  ( 1.000000000000000000, 0.000000000000000000, 0.000000000000000000 ) ) ;
#393 = DIRECTION ( 'NONE',  ( -1.000000000000000000, 0.000000000000000000, 0.000000000000000000 ) ) ;
#394 = ORIENTED_EDGE ( 'NONE', *, *, #622, .T. ) ;
#395 = ORIENTED_EDGE ( 'NONE', *, *, #545, .T. ) ;
#396 = DIRECTION ( 'NONE',  ( 1.000000000000000000, 0.000000000000000000, 0.000000000000000000 ) ) ;
#397 = CARTESIAN_POINT ( 'NONE',  ( 30.01725643482267003, 12.34403462687390807, 11.74069284068331420 ) ) ;
#398 = ORIENTED_EDGE ( 'NONE', *, *, #301, .F. ) ;
#399 = CIRCLE ( 'NONE', #1120, 4.425000000000008704 ) ;
#400 = CARTESIAN_POINT ( 'NONE',  ( 32.73064384689489970, 10.12456649975535505, 0.000000000000000000 ) ) ;
#401 = VERTEX_POINT ( 'NONE', #1176 ) ;
#402 = DIRECTION ( 'NONE',  ( -0.000000000000000000, -0.000000000000000000, -1.000000000000000000 ) ) ;
#403 = CARTESIAN_POINT ( 'NONE',  ( 22.85480021920994886, -15.74999999999974598, 11.80000000000000071 ) ) ;
#404 = CARTESIAN_POINT ( 'NONE',  ( -10.57935615310511324, 33.93456649975535555, 0.000000000000000000 ) ) ;
#405 = ORIENTED_EDGE ( 'NONE', *, *, #1641, .F. ) ;
#406 = ADVANCED_FACE ( 'NONE', ( #1910 ), #648, .F. ) ;
#407 = ORIENTED_EDGE ( 'NONE', *, *, #2123, .T. ) ;
#408 = CARTESIAN_POINT ( 'NONE',  ( 23.35480021920996307, -15.74999999999974598, 11.29999999999998295 ) ) ;
#409 = ADVANCED_FACE ( 'NONE', ( #665 ), #1889, .F. ) ;
#410 = VECTOR ( 'NONE', #1238, 1000.000000000000000 ) ;
#411 = CYLINDRICAL_SURFACE ( 'NONE', #2176, 3.925000000000001599 ) ;
#412 = ORIENTED_EDGE ( 'NONE', *, *, #1128, .F. ) ;
#413 = CARTESIAN_POINT ( 'NONE',  ( -34.41935615310512020, -9.875433500244644947, 0.000000000000000000 ) ) ;
#414 = FACE_OUTER_BOUND ( 'NONE', #109, .T. ) ;
#415 = ORIENTED_EDGE ( 'NONE', *, *, #1432, .T. ) ;
#416 = FACE_BOUND ( 'NONE', #1986, .T. ) ;
#417 = AXIS2_PLACEMENT_3D ( 'NONE', #1759, #686, #1050 ) ;
#418 = CARTESIAN_POINT ( 'NONE',  ( -5.929356153105113769, 33.93456649975535555, 11.80000000000000071 ) ) ;
#419 = DIRECTION ( 'NONE',  ( -1.000000000000000000, 0.000000000000000000, 0.000000000000000000 ) ) ;
#420 = AXIS2_PLACEMENT_3D ( 'NONE', #318, #1753, #142 ) ;
#421 = ORIENTED_EDGE ( 'NONE', *, *, #716, .T. ) ;
#422 = ORIENTED_EDGE ( 'NONE', *, *, #1145, .F. ) ;
#423 = FACE_OUTER_BOUND ( 'NONE', #1943, .T. ) ;
#424 = DIRECTION ( 'NONE',  ( -1.000000000000000000, 0.000000000000000000, 0.000000000000000000 ) ) ;
#425 = AXIS2_PLACEMENT_3D ( 'NONE', #963, #1639, #2025 ) ;
#426 = EDGE_CURVE ( 'NONE', #149, #1209, #575, .T. ) ;
#427 = CC_DESIGN_PERSON_AND_ORGANIZATION_ASSIGNMENT ( #1584, #1235, ( #2247 ) ) ;
#428 = DIRECTION ( 'NONE',  ( -1.000000000000000000, 0.000000000000000000, 0.000000000000000000 ) ) ;
#429 = ORIENTED_EDGE ( 'NONE', *, *, #1218, .F. ) ;
#430 = ORIENTED_EDGE ( 'NONE', *, *, #1876, .F. ) ;
#431 = DIRECTION ( 'NONE',  ( -1.000000000000000000, 0.000000000000000000, 0.000000000000000000 ) ) ;
#432 = FACE_OUTER_BOUND ( 'NONE', #943, .T. ) ;
#433 = FACE_OUTER_BOUND ( 'NONE', #1748, .T. ) ;
#434 = EDGE_LOOP ( 'NONE', ( #890, #430 ) ) ;
#435 = CONICAL_SURFACE ( 'NONE', #1754, 4.424999999999998046, 0.7853981633974491672 ) ;
#436 = ORIENTED_EDGE ( 'NONE', *, *, #679, .T. ) ;
#437 = ORIENTED_EDGE ( 'NONE', *, *, #1291, .T. ) ;
#438 = DIRECTION ( 'NONE',  ( -0.000000000000000000, -0.000000000000000000, -1.000000000000000000 ) ) ;
#439 = CARTESIAN_POINT ( 'NONE',  ( -10.57935615310511324, 33.93456649975535555, 7.800000000000001599 ) ) ;
#440 = DIRECTION ( 'NONE',  ( -0.000000000000000000, -0.000000000000000000, -1.000000000000000000 ) ) ;
#441 = EDGE_LOOP ( 'NONE', ( #100, #2266, #2198, #970 ) ) ;
#442 = CARTESIAN_POINT ( 'NONE',  ( -27.27980021920975773, -15.75000000000012790, 11.80000000000000071 ) ) ;
#443 = ADVANCED_FACE ( 'NONE', ( #1901 ), #1546, .F. ) ;
#444 = EDGE_LOOP ( 'NONE', ( #2205, #1154, #436, #103 ) ) ;
#445 = CYLINDRICAL_SURFACE ( 'NONE', #1327, 2.149999999999999023 ) ;
#446 = DIRECTION ( 'NONE',  ( 1.000000000000000000, 0.000000000000000000, 0.000000000000000000 ) ) ;
#447 = CARTESIAN_POINT ( 'NONE',  ( -27.27980021920985365, 15.74999999999993783, 11.29999999999998828 ) ) ;
#448 = ORIENTED_EDGE ( 'NONE', *, *, #178, .F. ) ;
#449 = EDGE_LOOP ( 'NONE', ( #1691, #2018 ) ) ;
#450 = EDGE_LOOP ( 'NONE', ( #89, #1275 ) ) ;
#451 = APPLICATION_PROTOCOL_DEFINITION ( 'international standard', 'config_control_design', 1994, #1790 ) ;
#452 = DIRECTION ( 'NONE',  ( 1.000000000000000000, 0.000000000000000000, 0.000000000000000000 ) ) ;
#453 = ORIENTED_EDGE ( 'NONE', *, *, #2272, .F. ) ;
#454 = CARTESIAN_POINT ( 'NONE',  ( -8.829356153105113236, -33.68543350024464189, 7.800000000000001599 ) ) ;
#455 = EDGE_LOOP ( 'NONE', ( #1654, #2166 ) ) ;
#456 = DIRECTION ( 'NONE',  ( 1.000000000000000000, 0.000000000000000000, 0.000000000000000000 ) ) ;
#457 = EDGE_CURVE ( 'NONE', #1004, #1545, #825, .T. ) ;
#458 = FACE_OUTER_BOUND ( 'NONE', #1632, .T. ) ;
#459 = EDGE_CURVE ( 'NONE', #1839, #504, #661, .T. ) ;
#460 = AXIS2_PLACEMENT_3D ( 'NONE', #1578, #2289, #1402 ) ;
#461 = DIRECTION ( 'NONE',  ( 0.000000000000000000, 0.000000000000000000, 1.000000000000000000 ) ) ;
#462 = ORIENTED_EDGE ( 'NONE', *, *, #1741, .T. ) ;
#463 = AXIS2_PLACEMENT_3D ( 'NONE', #1122, #620, #927 ) ;
#464 = VERTEX_POINT ( 'NONE', #2089 ) ;
#465 = DIRECTION ( 'NONE',  ( 0.000000000000000000, 0.000000000000000000, 1.000000000000000000 ) ) ;
#466 = AXIS2_PLACEMENT_3D ( 'NONE', #201, #733, #1633 ) ;
#467 = AXIS2_PLACEMENT_3D ( 'NONE', #2066, #1547, #1923 ) ;
#468 = CIRCLE ( 'NONE', #238, 2.899999999999999911 ) ;
#469 = AXIS2_PLACEMENT_3D ( 'NONE', #932, #402, #608 ) ;
#470 = DIRECTION ( 'NONE',  ( -0.000000000000000000, -0.000000000000000000, -1.000000000000000000 ) ) ;
#471 = ORIENTED_EDGE ( 'NONE', *, *, #223, .F. ) ;
#472 = VECTOR ( 'NONE', #307, 1000.000000000000000 ) ;
#473 = ORIENTED_EDGE ( 'NONE', *, *, #2203, .T. ) ;
#474 = DIRECTION ( 'NONE',  ( -0.000000000000000000, -0.000000000000000000, 1.000000000000000000 ) ) ;
#475 = DIRECTION ( 'NONE',  ( -0.000000000000000000, -0.000000000000000000, -1.000000000000000000 ) ) ;
#476 = ADVANCED_FACE ( 'NONE', ( #2280 ), #445, .F. ) ;
#477 = CARTESIAN_POINT ( 'NONE',  ( -31.20480021920985791, 15.74999999999993783, 11.29999999999998828 ) ) ;
#478 = VERTEX_POINT ( 'NONE', #1887 ) ;
#479 = EDGE_CURVE ( 'NONE', #1322, #1568, #1256, .T. ) ;
#480 = ORIENTED_EDGE ( 'NONE', *, *, #317, .T. ) ;
#481 = DIRECTION ( 'NONE',  ( -0.000000000000000000, -0.000000000000000000, -1.000000000000000000 ) ) ;
#482 = DIRECTION ( 'NONE',  ( 1.000000000000000000, 0.000000000000000000, -0.000000000000000000 ) ) ;
#483 = CYLINDRICAL_SURFACE ( 'NONE', #537, 3.925000000000001599 ) ;
#484 = VERTEX_POINT ( 'NONE', #122 ) ;
#485 = VERTEX_POINT ( 'NONE', #836 ) ;
#486 = CARTESIAN_POINT ( 'NONE',  ( -27.27980021920985365, 15.74999999999993783, 11.80000000000000071 ) ) ;
#487 = FACE_BOUND ( 'NONE', #729, .T. ) ;
#488 = DIRECTION ( 'NONE',  ( 1.000000000000000000, 0.000000000000000000, -0.000000000000000000 ) ) ;
#489 = ORIENTED_EDGE ( 'NONE', *, *, #1812, .T. ) ;
#490 = COORDINATED_UNIVERSAL_TIME_OFFSET ( 8, 0, .AHEAD. ) ;
#491 = ADVANCED_FACE ( 'NONE', ( #1714 ), #1558, .F. ) ;
#492 = CARTESIAN_POINT ( 'NONE',  ( 9.290643846894893088, -33.68543350024464189, 0.000000000000000000 ) ) ;
#493 = ORIENTED_EDGE ( 'NONE', *, *, #9, .F. ) ;
#494 = CIRCLE ( 'NONE', #1865, 3.499999999999999556 ) ;
#495 = CARTESIAN_POINT ( 'NONE',  ( -32.26935615310511452, -9.875433500244644947, 7.800000000000001599 ) ) ;
#496 = CARTESIAN_POINT ( 'NONE',  ( -30.77999087331525629, -13.04273378019229668, 11.80000000000000071 ) ) ;
#497 = CARTESIAN_POINT ( 'NONE',  ( 0.000000000000000000, 0.000000000000000000, 11.80000000000000071 ) ) ;
#498 = DIRECTION ( 'NONE',  ( 1.000000000000000000, 0.000000000000000000, 0.000000000000000000 ) ) ;
#499 = CYLINDRICAL_SURFACE ( 'NONE', #1373, 2.149999999999999023 ) ;
#500 = CIRCLE ( 'NONE', #1556, 2.150000000000002576 ) ;
#501 = AXIS2_PLACEMENT_3D ( 'NONE', #1599, #2137, #1066 ) ;
#502 = ADVANCED_FACE ( 'NONE', ( #1203 ), #435, .F. ) ;
#503 = DIRECTION ( 'NONE',  ( -0.000000000000000000, -0.000000000000000000, -1.000000000000000000 ) ) ;
#504 = VERTEX_POINT ( 'NONE', #1392 ) ;
#505 = CIRCLE ( 'NONE', #1803, 1.750000000000000666 ) ;
#506 = CC_DESIGN_PERSON_AND_ORGANIZATION_ASSIGNMENT ( #358, #1971, ( #2247 ) ) ;
#507 = AXIS2_PLACEMENT_3D ( 'NONE', #881, #1600, #534 ) ;
#508 = AXIS2_PLACEMENT_3D ( 'NONE', #1676, #1137, #1849 ) ;
#509 = CARTESIAN_POINT ( 'NONE',  ( 11.04064384689489309, -33.68543350024464189, 11.80000000000000071 ) ) ;
#510 = CARTESIAN_POINT ( 'NONE',  ( 30.58064384689489756, -9.875433500244644947, 7.800000000000001599 ) ) ;
#511 = VECTOR ( 'NONE', #1266, 1000.000000000000000 ) ;
#512 = VECTOR ( 'NONE', #297, 1000.000000000000000 ) ;
#513 = VERTEX_POINT ( 'NONE', #1164 ) ;
#514 = FACE_BOUND ( 'NONE', #817, .T. ) ;
#515 = CARTESIAN_POINT ( 'NONE',  ( 30.58064384689489756, 10.12456649975535505, 11.80000000000000071 ) ) ;
#516 = DIRECTION ( 'NONE',  ( 1.000000000000000000, 0.000000000000000000, 0.000000000000000000 ) ) ;
#517 = FACE_BOUND ( 'NONE', #739, .T. ) ;
#518 = ORIENTED_EDGE ( 'NONE', *, *, #1195, .F. ) ;
#519 = DIRECTION ( 'NONE',  ( 1.000000000000000000, 0.000000000000000000, 0.000000000000000000 ) ) ;
#520 = FACE_BOUND ( 'NONE', #997, .T. ) ;
#521 = EDGE_CURVE ( 'NONE', #656, #1278, #2154, .T. ) ;
#522 = DIRECTION ( 'NONE',  ( -0.000000000000000000, 0.000000000000000000, -1.000000000000000000 ) ) ;
#523 = DIRECTION ( 'NONE',  ( -0.000000000000000000, -0.000000000000000000, -1.000000000000000000 ) ) ;
#524 = EDGE_CURVE ( 'NONE', #1961, #1839, #625, .T. ) ;
#525 = DIRECTION ( 'NONE',  ( 1.000000000000000000, 0.000000000000000000, 0.000000000000000000 ) ) ;
#526 = AXIS2_PLACEMENT_3D ( 'NONE', #1080, #1093, #16 ) ;
#527 = DIRECTION ( 'NONE',  ( 0.7071067811865469066, 0.000000000000000000, 0.7071067811865482389 ) ) ;
#528 = CARTESIAN_POINT ( 'NONE',  ( -30.12500943471348691, -12.64615468518302066, 11.58260650359885346 ) ) ;
#529 = VERTEX_POINT ( 'NONE', #2241 ) ;
#530 = FACE_OUTER_BOUND ( 'NONE', #713, .T. ) ;
#531 = EDGE_CURVE ( 'NONE', #121, #865, #936, .T. ) ;
#532 = ADVANCED_FACE ( 'NONE', ( #1352, #520 ), #333, .T. ) ;
#533 = AXIS2_PLACEMENT_3D ( 'NONE', #722, #1934, #2310 ) ;
#534 = DIRECTION ( 'NONE',  ( -1.000000000000000000, 0.000000000000000000, 0.000000000000000000 ) ) ;
#535 = CIRCLE ( 'NONE', #1515, 3.499999999999999556 ) ;
#536 = DIRECTION ( 'NONE',  ( 0.000000000000000000, 0.000000000000000000, -1.000000000000000000 ) ) ;
#537 = AXIS2_PLACEMENT_3D ( 'NONE', #864, #1038, #279 ) ;
#538 = LINE ( 'NONE', #354, #410 ) ;
#539 = DIRECTION ( 'NONE',  ( 1.000000000000000000, 0.000000000000000000, 0.000000000000000000 ) ) ;
#540 = CONICAL_SURFACE ( 'NONE', #1102, 4.425000000000022915, 0.7853981633974439491 ) ;
#541 = CIRCLE ( 'NONE', #1924, 3.500000000000003109 ) ;
#542 = EDGE_CURVE ( 'NONE', #369, #931, #538, .T. ) ;
#543 = DIRECTION ( 'NONE',  ( 0.000000000000000000, 0.000000000000000000, 1.000000000000000000 ) ) ;
#544 = PRODUCT_DEFINITION_SHAPE ( 'NONE', 'NONE',  #1148 ) ;
#545 = EDGE_CURVE ( 'NONE', #1004, #1237, #1734, .T. ) ;
#546 = ORIENTED_EDGE ( 'NONE', *, *, #1071, .F. ) ;
#547 = CARTESIAN_POINT ( 'NONE',  ( 27.27980021920963338, 15.75000000000031974, 0.000000000000000000 ) ) ;
#548 = CYLINDRICAL_SURFACE ( 'NONE', #1268, 2.149999999999999023 ) ;
#549 = AXIS2_PLACEMENT_3D ( 'NONE', #486, #85, #431 ) ;
#550 = DIRECTION ( 'NONE',  ( 1.000000000000000000, 0.000000000000000000, 0.000000000000000000 ) ) ;
#551 = VERTEX_POINT ( 'NONE', #1788 ) ;
#552 = ORIENTED_EDGE ( 'NONE', *, *, #1615, .F. ) ;
#553 = AXIS2_PLACEMENT_3D ( 'NONE', #855, #2290, #1230 ) ;
#554 = DIRECTION ( 'NONE',  ( 0.000000000000000000, 0.000000000000000000, 1.000000000000000000 ) ) ;
#555 = ADVANCED_FACE ( 'NONE', ( #1247 ), #1239, .F. ) ;
#556 = CC_DESIGN_DATE_AND_TIME_ASSIGNMENT ( #2071, #1169, ( #1148 ) ) ;
#557 = DIRECTION ( 'NONE',  ( 1.000000000000000000, 0.000000000000000000, 0.000000000000000000 ) ) ;
#558 = LOCAL_TIME ( 10, 42, 17.00000000000000000, #2120 ) ;
#559 = CARTESIAN_POINT ( 'NONE',  ( 36.23064384689489970, -9.875433500244644947, 7.800000000000001599 ) ) ;
#560 = APPLICATION_CONTEXT ( 'configuration controlled 3d designs of mechanical parts and assemblies' ) ;
#561 = VECTOR ( 'NONE', #1955, 1000.000000000000000 ) ;
#562 = CARTESIAN_POINT ( 'NONE',  ( -8.829356153105113236, 33.93456649975535555, 7.800000000000001599 ) ) ;
#563 = ORIENTED_EDGE ( 'NONE', *, *, #1458, .T. ) ;
#564 = ORIENTED_EDGE ( 'NONE', *, *, #649, .F. ) ;
#565 = DIRECTION ( 'NONE',  ( 0.000000000000000000, 0.000000000000000000, 1.000000000000000000 ) ) ;
#566 = EDGE_CURVE ( 'NONE', #1826, #1300, #341, .T. ) ;
#567 = CARTESIAN_POINT ( 'NONE',  ( -32.26935615310511452, -9.875433500244644947, 0.000000000000000000 ) ) ;
#568 = DIRECTION ( 'NONE',  ( 1.000000000000000000, 0.000000000000000000, 0.000000000000000000 ) ) ;
#569 = VECTOR ( 'NONE', #1019, 1000.000000000000000 ) ;
#570 = VERTEX_POINT ( 'NONE', #885 ) ;
#571 = CARTESIAN_POINT ( 'NONE',  ( 3.925000000000220979, -31.50000000000000000, 11.30000000000000426 ) ) ;
#572 = AXIS2_PLACEMENT_3D ( 'NONE', #547, #1272, #1095 ) ;
#573 = CARTESIAN_POINT ( 'NONE',  ( 32.73064384689489970, -9.875433500244644947, 7.800000000000001599 ) ) ;
#574 = VECTOR ( 'NONE', #1592, 1000.000000000000000 ) ;
#575 = CIRCLE ( 'NONE', #2033, 3.500000000000003109 ) ;
#576 = DIRECTION ( 'NONE',  ( -0.000000000000000000, -0.000000000000000000, 1.000000000000000000 ) ) ;
#577 = ORIENTED_EDGE ( 'NONE', *, *, #1785, .T. ) ;
#578 = CIRCLE ( 'NONE', #198, 1.749999999999999778 ) ;
#579 = ORIENTED_EDGE ( 'NONE', *, *, #210, .T. ) ;
#580 = CARTESIAN_POINT ( 'NONE',  ( 29.23064384689489970, -9.875433500244644947, 7.800000000000001599 ) ) ;
#581 = CARTESIAN_POINT ( 'NONE',  ( 31.20480021920963409, 15.75000000000031974, 11.29999999999997584 ) ) ;
#582 = ORIENTED_EDGE ( 'NONE', *, *, #542, .T. ) ;
#583 = CARTESIAN_POINT ( 'NONE',  ( 22.85480021920961136, 15.75000000000031974, 11.80000000000000071 ) ) ;
#584 = VERTEX_POINT ( 'NONE', #1041 ) ;
#585 = CARTESIAN_POINT ( 'NONE',  ( 15.59999999999999964, 1.910449006669870914E-15, 0.000000000000000000 ) ) ;
#586 = EDGE_CURVE ( 'NONE', #1172, #1998, #1461, .T. ) ;
#587 = DIRECTION ( 'NONE',  ( 1.000000000000000000, 0.000000000000000000, 0.000000000000000000 ) ) ;
#588 = DIRECTION ( 'NONE',  ( 0.000000000000000000, 0.000000000000000000, 1.000000000000000000 ) ) ;
#589 = ORIENTED_EDGE ( 'NONE', *, *, #171, .T. ) ;
#590 = EDGE_LOOP ( 'NONE', ( #2026, #421, #806, #398 ) ) ;
#591 = CARTESIAN_POINT ( 'NONE',  ( 0.000000000000000000, 0.000000000000000000, 11.80000000000000071 ) ) ;
#592 = CARTESIAN_POINT ( 'NONE',  ( 9.290643846894893088, -33.68543350024464189, 7.800000000000001599 ) ) ;
#593 = VERTEX_POINT ( 'NONE', #2109 ) ;
#594 = ORIENTED_EDGE ( 'NONE', *, *, #531, .F. ) ;
#595 = DIRECTION ( 'NONE',  ( -0.000000000000000000, -0.000000000000000000, -1.000000000000000000 ) ) ;
#596 = DIRECTION ( 'NONE',  ( -0.000000000000000000, -0.000000000000000000, -1.000000000000000000 ) ) ;
#597 = APPROVAL_PERSON_ORGANIZATION ( #1575, #1085, #1897 ) ;
#598 = DIRECTION ( 'NONE',  ( -0.000000000000000000, -0.000000000000000000, -1.000000000000000000 ) ) ;
#599 = ORIENTED_EDGE ( 'NONE', *, *, #2110, .F. ) ;
#600 = EDGE_CURVE ( 'NONE', #2074, #529, #1423, .T. ) ;
#601 = ORIENTED_EDGE ( 'NONE', *, *, #2251, .F. ) ;
#602 = DIRECTION ( 'NONE',  ( 0.000000000000000000, 0.000000000000000000, -1.000000000000000000 ) ) ;
#603 = FACE_OUTER_BOUND ( 'NONE', #1711, .T. ) ;
#604 = DIRECTION ( 'NONE',  ( -1.000000000000000000, 0.000000000000000000, 0.000000000000000000 ) ) ;
#605 = ORIENTED_EDGE ( 'NONE', *, *, #2046, .F. ) ;
#606 = DIRECTION ( 'NONE',  ( -0.000000000000000000, -0.000000000000000000, -1.000000000000000000 ) ) ;
#607 = VERTEX_POINT ( 'NONE', #1063 ) ;
#608 = DIRECTION ( 'NONE',  ( -1.000000000000000000, 0.000000000000000000, 0.000000000000000000 ) ) ;
#609 = DIRECTION ( 'NONE',  ( 1.000000000000000000, 0.000000000000000000, 0.000000000000000000 ) ) ;
#610 = DIRECTION ( 'NONE',  ( -1.000000000000000000, 0.000000000000000000, 0.000000000000000000 ) ) ;
#611 = ORIENTED_EDGE ( 'NONE', *, *, #975, .T. ) ;
#612 = AXIS2_PLACEMENT_3D ( 'NONE', #2191, #598, #1116 ) ;
#613 = CIRCLE ( 'NONE', #989, 4.425000000000008704 ) ;
#614 = VERTEX_POINT ( 'NONE', #161 ) ;
#615 = ORIENTED_EDGE ( 'NONE', *, *, #40, .T. ) ;
#616 = DIRECTION ( 'NONE',  ( 0.000000000000000000, 0.000000000000000000, 1.000000000000000000 ) ) ;
#617 = CIRCLE ( 'NONE', #1028, 4.424999999999998046 ) ;
#618 = AXIS2_PLACEMENT_3D ( 'NONE', #1277, #1851, #2202 ) ;
#619 = EDGE_CURVE ( 'NONE', #551, #1810, #494, .T. ) ;
#620 = DIRECTION ( 'NONE',  ( -0.000000000000000000, -0.000000000000000000, 1.000000000000000000 ) ) ;
#621 = ORIENTED_EDGE ( 'NONE', *, *, #1631, .F. ) ;
#622 = EDGE_CURVE ( 'NONE', #830, #2122, #967, .T. ) ;
#623 = DIRECTION ( 'NONE',  ( 0.000000000000000000, 0.000000000000000000, -1.000000000000000000 ) ) ;
#624 = ORIENTED_EDGE ( 'NONE', *, *, #349, .F. ) ;
#625 = LINE ( 'NONE', #101, #66 ) ;
#626 = CARTESIAN_POINT ( 'NONE',  ( 6.390643846894894509, 33.93456649975535555, 11.80000000000000071 ) ) ;
#627 = DIRECTION ( 'NONE',  ( 1.000000000000000000, 0.000000000000000000, 0.000000000000000000 ) ) ;
#628 = EDGE_LOOP ( 'NONE', ( #822, #1895, #2104, #2156 ) ) ;
#629 = ORIENTED_EDGE ( 'NONE', *, *, #377, .F. ) ;
#630 = VERTEX_POINT ( 'NONE', #2133 ) ;
#631 = CYLINDRICAL_SURFACE ( 'NONE', #655, 2.899999999999999911 ) ;
#632 = ORIENTED_EDGE ( 'NONE', *, *, #2220, .F. ) ;
#633 = EDGE_CURVE ( 'NONE', #645, #819, #1688, .T. ) ;
#634 = DIRECTION ( 'NONE',  ( 1.000000000000000000, 0.000000000000000000, 0.000000000000000000 ) ) ;
#635 = ORIENTED_EDGE ( 'NONE', *, *, #154, .F. ) ;
#636 = DIRECTION ( 'NONE',  ( 1.000000000000000000, 0.000000000000000000, 0.000000000000000000 ) ) ;
#637 = CIRCLE ( 'NONE', #1824, 1.750000000000000666 ) ;
#638 = LINE ( 'NONE', #1570, #2148 ) ;
#639 = CARTESIAN_POINT ( 'NONE',  ( -23.35480021920985294, 15.74999999999993783, 11.80000000000000071 ) ) ;
#640 = ORIENTED_EDGE ( 'NONE', *, *, #2220, .T. ) ;
#641 = ORIENTED_EDGE ( 'NONE', *, *, #1973, .T. ) ;
#642 = ORIENTED_EDGE ( 'NONE', *, *, #360, .T. ) ;
#643 = PERSON_AND_ORGANIZATION ( #2189, #1353 ) ;
#644 = FACE_OUTER_BOUND ( 'NONE', #2061, .T. ) ;
#645 = VERTEX_POINT ( 'NONE', #496 ) ;
#646 = EDGE_CURVE ( 'NONE', #1278, #656, #2286, .T. ) ;
#647 = ORIENTED_EDGE ( 'NONE', *, *, #1725, .T. ) ;
#648 = CYLINDRICAL_SURFACE ( 'NONE', #695, 1.750000000000000666 ) ;
#649 = EDGE_CURVE ( 'NONE', #2010, #12, #1610, .T. ) ;
#650 = CARTESIAN_POINT ( 'NONE',  ( 27.27980021920996379, -15.74999999999974598, 11.80000000000000071 ) ) ;
#651 = VECTOR ( 'NONE', #596, 1000.000000000000000 ) ;
#652 = DIRECTION ( 'NONE',  ( -0.000000000000000000, -0.000000000000000000, 1.000000000000000000 ) ) ;
#653 = ORIENTED_EDGE ( 'NONE', *, *, #679, .F. ) ;
#654 = ORIENTED_EDGE ( 'NONE', *, *, #1317, .T. ) ;
#655 = AXIS2_PLACEMENT_3D ( 'NONE', #793, #1337, #1297 ) ;
#656 = VERTEX_POINT ( 'NONE', #1750 ) ;
#657 = DIRECTION ( 'NONE',  ( 1.000000000000000000, 0.000000000000000000, 0.000000000000000000 ) ) ;
#658 = AXIS2_PLACEMENT_3D ( 'NONE', #954, #2167, #2195 ) ;
#659 = CIRCLE ( 'NONE', #907, 2.899999999999999911 ) ;
#660 = VECTOR ( 'NONE', #749, 999.9999999999998863 ) ;
#661 = CIRCLE ( 'NONE', #949, 2.149999999999999023 ) ;
#662 = DIRECTION ( 'NONE',  ( 0.000000000000000000, 0.000000000000000000, 1.000000000000000000 ) ) ;
#663 = VERTEX_POINT ( 'NONE', #1921 ) ;
#664 = VERTEX_POINT ( 'NONE', #510 ) ;
#665 = FACE_OUTER_BOUND ( 'NONE', #1900, .T. ) ;
#666 = CARTESIAN_POINT ( 'NONE',  ( -8.829356153105113236, -33.68543350024464189, 7.800000000000001599 ) ) ;
#667 = EDGE_CURVE ( 'NONE', #369, #1983, #742, .T. ) ;
#668 = DIRECTION ( 'NONE',  ( 1.000000000000000000, 0.000000000000000000, -0.000000000000000000 ) ) ;
#669 = EDGE_CURVE ( 'NONE', #200, #1300, #2013, .T. ) ;
#670 = ORIENTED_EDGE ( 'NONE', *, *, #910, .T. ) ;
#671 = ADVANCED_FACE ( 'NONE', ( #324 ), #548, .F. ) ;
#672 = CARTESIAN_POINT ( 'NONE',  ( 0.000000000000000000, 0.000000000000000000, 0.000000000000000000 ) ) ;
#673 = CARTESIAN_POINT ( 'NONE',  ( 0.000000000000000000, 0.000000000000000000, 11.80000000000000071 ) ) ;
#674 = ORIENTED_EDGE ( 'NONE', *, *, #726, .F. ) ;
#675 = CARTESIAN_POINT ( 'NONE',  ( -10.57935615310511324, -33.68543350024464189, 0.000000000000000000 ) ) ;
#676 = CARTESIAN_POINT ( 'NONE',  ( 2.199633243471174140E-13, -31.50000000000000000, 11.80000000000000071 ) ) ;
#677 = AXIS2_PLACEMENT_3D ( 'NONE', #1858, #623, #1173 ) ;
#678 = DIRECTION ( 'NONE',  ( -0.000000000000000000, -0.000000000000000000, 1.000000000000000000 ) ) ;
#679 = EDGE_CURVE ( 'NONE', #1512, #931, #1390, .T. ) ;
#680 = CARTESIAN_POINT ( 'NONE',  ( -32.26935615310511452, 10.12456649975535505, 7.800000000000001599 ) ) ;
#681 = ORIENTED_EDGE ( 'NONE', *, *, #457, .T. ) ;
#682 = LOCAL_TIME ( 10, 42, 17.00000000000000000, #1565 ) ;
#683 = CYLINDRICAL_SURFACE ( 'NONE', #2075, 1.749999999999999778 ) ;
#684 = ORIENTED_EDGE ( 'NONE', *, *, #820, .F. ) ;
#685 = EDGE_LOOP ( 'NONE', ( #1837, #1448, #1675, #2249 ) ) ;
#686 = DIRECTION ( 'NONE',  ( 0.000000000000000000, 0.000000000000000000, -1.000000000000000000 ) ) ;
#687 = DIRECTION ( 'NONE',  ( -0.000000000000000000, -0.000000000000000000, -1.000000000000000000 ) ) ;
#688 = DIRECTION ( 'NONE',  ( -0.000000000000000000, -0.000000000000000000, 1.000000000000000000 ) ) ;
#689 = VERTEX_POINT ( 'NONE', #1915 ) ;
#690 = DIRECTION ( 'NONE',  ( -0.000000000000000000, -0.000000000000000000, 1.000000000000000000 ) ) ;
#691 = ORIENTED_EDGE ( 'NONE', *, *, #649, .T. ) ;
#692 = EDGE_CURVE ( 'NONE', #819, #1026, #1014, .T. ) ;
#693 = AXIS2_PLACEMENT_3D ( 'NONE', #591, #1158, #385 ) ;
#694 = CIRCLE ( 'NONE', #2149, 3.499999999999999556 ) ;
#695 = AXIS2_PLACEMENT_3D ( 'NONE', #2052, #2267, #1861 ) ;
#696 = CARTESIAN_POINT ( 'NONE',  ( 9.290643846894893088, -33.68543350024464189, 11.80000000000000071 ) ) ;
#697 = CARTESIAN_POINT ( 'NONE',  ( -30.77999087331525629, -13.04273378019229668, 11.80000000000000071 ) ) ;
#698 = VECTOR ( 'NONE', #1045, 1000.000000000000000 ) ;
#699 = DIRECTION ( 'NONE',  ( 1.000000000000000000, 0.000000000000000000, 0.000000000000000000 ) ) ;
#700 = CARTESIAN_POINT ( 'NONE',  ( -34.41935615310512020, 10.12456649975535505, 7.800000000000001599 ) ) ;
#701 = CARTESIAN_POINT ( 'NONE',  ( -11.72935615310511359, -33.68543350024464189, 7.800000000000001599 ) ) ;
#702 = EDGE_CURVE ( 'NONE', #718, #1380, #637, .T. ) ;
#703 = CARTESIAN_POINT ( 'NONE',  ( 9.290643846894893088, -33.68543350024464189, 7.800000000000001599 ) ) ;
#704 = EDGE_CURVE ( 'NONE', #921, #584, #791, .T. ) ;
#705 = CARTESIAN_POINT ( 'NONE',  ( 7.540643846894893088, -33.68543350024464189, 11.80000000000000071 ) ) ;
#706 = CARTESIAN_POINT ( 'NONE',  ( -22.85480021920974636, -15.75000000000012790, 11.80000000000000071 ) ) ;
#707 = DATE_TIME_ROLE ( 'classification_date' ) ;
#708 = CIRCLE ( 'NONE', #781, 1.750000000000000666 ) ;
#709 = FACE_OUTER_BOUND ( 'NONE', #1685, .T. ) ;
#710 = APPROVAL_PERSON_ORGANIZATION ( #1360, #731, #1346 ) ;
#711 = DIRECTION ( 'NONE',  ( 0.000000000000000000, 0.000000000000000000, 1.000000000000000000 ) ) ;
#712 = ADVANCED_FACE ( 'NONE', ( #79 ), #1513, .F. ) ;
#713 = EDGE_LOOP ( 'NONE', ( #2028, #2186, #59, #1186, #49, #1136 ) ) ;
#714 = DIRECTION ( 'NONE',  ( -1.000000000000000000, 0.000000000000000000, 0.000000000000000000 ) ) ;
#715 = DIRECTION ( 'NONE',  ( -0.000000000000000000, -0.000000000000000000, -1.000000000000000000 ) ) ;
#716 = EDGE_CURVE ( 'NONE', #630, #184, #1334, .T. ) ;
#717 = CARTESIAN_POINT ( 'NONE',  ( 30.58064384689489756, 10.12456649975535505, 7.800000000000001599 ) ) ;
#718 = VERTEX_POINT ( 'NONE', #106 ) ;
#719 = EDGE_LOOP ( 'NONE', ( #518, #1142, #601, #879 ) ) ;
#720 = AXIS2_PLACEMENT_3D ( 'NONE', #1687, #2231, #587 ) ;
#721 = FACE_BOUND ( 'NONE', #767, .T. ) ;
#722 = CARTESIAN_POINT ( 'NONE',  ( -8.829356153105113236, -33.68543350024464189, 7.800000000000001599 ) ) ;
#723 = LINE ( 'NONE', #1086, #1476 ) ;
#724 = VERTEX_POINT ( 'NONE', #1359 ) ;
#725 = AXIS2_PLACEMENT_3D ( 'NONE', #562, #934, #21 ) ;
#726 = EDGE_CURVE ( 'NONE', #1568, #1322, #1347, .T. ) ;
#727 = EDGE_CURVE ( 'NONE', #607, #184, #857, .T. ) ;
#728 = CARTESIAN_POINT ( 'NONE',  ( 32.73064384689489970, -9.875433500244644947, 7.800000000000001599 ) ) ;
#729 = EDGE_LOOP ( 'NONE', ( #1990, #2229 ) ) ;
#730 = DATE_AND_TIME ( #900, #80 ) ;
#731 = APPROVAL ( #126, 'æœª' ) ;
#732 = ORIENTED_EDGE ( 'NONE', *, *, #939, .F. ) ;
#733 = DIRECTION ( 'NONE',  ( -0.000000000000000000, -0.000000000000000000, -1.000000000000000000 ) ) ;
#734 = AXIS2_PLACEMENT_3D ( 'NONE', #1151, #1686, #2230 ) ;
#735 = DIRECTION ( 'NONE',  ( -0.000000000000000000, -0.000000000000000000, -1.000000000000000000 ) ) ;
#736 = ORIENTED_EDGE ( 'NONE', *, *, #1985, .T. ) ;
#737 = DIRECTION ( 'NONE',  ( -0.000000000000000000, -0.000000000000000000, -1.000000000000000000 ) ) ;
#738 = CARTESIAN_POINT ( 'NONE',  ( -32.26935615310511452, -9.875433500244644947, 11.80000000000000071 ) ) ;
#739 = EDGE_LOOP ( 'NONE', ( #2097, #1401 ) ) ;
#740 = ADVANCED_FACE ( 'NONE', ( #423 ), #1944, .F. ) ;
#741 = VERTEX_POINT ( 'NONE', #1006 ) ;
#742 = CIRCLE ( 'NONE', #73, 3.499999999999999556 ) ;
#743 = CARTESIAN_POINT ( 'NONE',  ( 27.27980021920963338, 15.75000000000031974, 11.29999999999997584 ) ) ;
#744 = DIRECTION ( 'NONE',  ( -0.000000000000000000, -0.000000000000000000, -1.000000000000000000 ) ) ;
#745 = LINE ( 'NONE', #373, #1224 ) ;
#746 = ORIENTED_EDGE ( 'NONE', *, *, #2215, .T. ) ;
#747 = DIRECTION ( 'NONE',  ( 1.000000000000000000, 0.000000000000000000, 0.000000000000000000 ) ) ;
#748 = DIRECTION ( 'NONE',  ( 1.000000000000000000, 0.000000000000000000, 0.000000000000000000 ) ) ;
#749 = DIRECTION ( 'NONE',  ( -0.7071067811865482389, 8.659560562354941486E-17, 0.7071067811865469066 ) ) ;
#750 = ORIENTED_EDGE ( 'NONE', *, *, #2200, .F. ) ;
#751 = ORIENTED_EDGE ( 'NONE', *, *, #372, .T. ) ;
#752 = CYLINDRICAL_SURFACE ( 'NONE', #2099, 3.924999999999998046 ) ;
#753 = VECTOR ( 'NONE', #1012, 1000.000000000000000 ) ;
#754 = EDGE_CURVE ( 'NONE', #1864, #283, #826, .T. ) ;
#755 = CARTESIAN_POINT ( 'NONE',  ( 30.44242717920484864, 12.78091895543972356, 11.70807138762923394 ) ) ;
#756 = ORIENTED_EDGE ( 'NONE', *, *, #646, .T. ) ;
#757 = CARTESIAN_POINT ( 'NONE',  ( -27.27980021920975773, -15.75000000000012790, 0.000000000000000000 ) ) ;
#758 = EDGE_LOOP ( 'NONE', ( #1431, #2127 ) ) ;
#759 = DIRECTION ( 'NONE',  ( 1.000000000000000000, 0.000000000000000000, 0.000000000000000000 ) ) ;
#760 = DIRECTION ( 'NONE',  ( 1.000000000000000000, 0.000000000000000000, 0.000000000000000000 ) ) ;
#761 = AXIS2_PLACEMENT_3D ( 'NONE', #1532, #1847, #243 ) ;
#762 = CIRCLE ( 'NONE', #54, 3.499999999999999556 ) ;
#763 = CIRCLE ( 'NONE', #2080, 4.425000000000022915 ) ;
#764 = DIRECTION ( 'NONE',  ( 1.000000000000000000, 0.000000000000000000, 0.000000000000000000 ) ) ;
#765 = EDGE_LOOP ( 'NONE', ( #1536, #299, #1241, #1992 ) ) ;
#766 = CIRCLE ( 'NONE', #1103, 2.150000000000002576 ) ;
#767 = EDGE_LOOP ( 'NONE', ( #599, #2058 ) ) ;
#768 = DIRECTION ( 'NONE',  ( -0.000000000000000000, -0.000000000000000000, 1.000000000000000000 ) ) ;
#769 = DIRECTION ( 'NONE',  ( 0.000000000000000000, 0.000000000000000000, 1.000000000000000000 ) ) ;
#770 = CARTESIAN_POINT ( 'NONE',  ( 31.70480021920965541, 15.75000000000031974, 11.80000000000000071 ) ) ;
#771 = ORIENTED_EDGE ( 'NONE', *, *, #130, .T. ) ;
#772 = CARTESIAN_POINT ( 'NONE',  ( 3.924999999999999822, 31.50000000000000000, 11.30000000000000071 ) ) ;
#773 = EDGE_LOOP ( 'NONE', ( #1294, #779 ) ) ;
#774 = DIRECTION ( 'NONE',  ( -0.000000000000000000, -0.000000000000000000, -1.000000000000000000 ) ) ;
#775 = EDGE_CURVE ( 'NONE', #1537, #1404, #356, .T. ) ;
#776 = DIRECTION ( 'NONE',  ( -0.000000000000000000, -0.000000000000000000, -1.000000000000000000 ) ) ;
#777 = DIRECTION ( 'NONE',  ( 1.000000000000000000, 0.000000000000000000, 0.000000000000000000 ) ) ;
#778 = ORIENTED_EDGE ( 'NONE', *, *, #1011, .T. ) ;
#779 = ORIENTED_EDGE ( 'NONE', *, *, #1615, .T. ) ;
#780 = DIRECTION ( 'NONE',  ( 1.000000000000000000, 0.000000000000000000, 0.000000000000000000 ) ) ;
#781 = AXIS2_PLACEMENT_3D ( 'NONE', #454, #1519, #969 ) ;
#782 = DIRECTION ( 'NONE',  ( -0.000000000000000000, -0.000000000000000000, -1.000000000000000000 ) ) ;
#783 = ORIENTED_EDGE ( 'NONE', *, *, #1083, .T. ) ;
#784 = LINE ( 'NONE', #2211, #1062 ) ;
#785 = ADVANCED_FACE ( 'NONE', ( #896 ), #2085, .F. ) ;
#786 = CARTESIAN_POINT ( 'NONE',  ( -27.27980021920985365, 15.74999999999993783, 11.80000000000000071 ) ) ;
#787 = LINE ( 'NONE', #113, #512 ) ;
#788 = EDGE_CURVE ( 'NONE', #1886, #359, #2056, .T. ) ;
#789 = ORIENTED_EDGE ( 'NONE', *, *, #1021, .T. ) ;
#790 = ORIENTED_EDGE ( 'NONE', *, *, #426, .F. ) ;
#791 = LINE ( 'NONE', #273, #2315 ) ;
#792 = DIRECTION ( 'NONE',  ( -0.000000000000000000, 0.000000000000000000, -1.000000000000000000 ) ) ;
#793 = CARTESIAN_POINT ( 'NONE',  ( 9.290643846894893088, -33.68543350024464189, 7.800000000000001599 ) ) ;
#794 = DIRECTION ( 'NONE',  ( -1.000000000000000000, 0.000000000000000000, 0.000000000000000000 ) ) ;
#795 = ORIENTED_EDGE ( 'NONE', *, *, #1694, .T. ) ;
#796 = DIRECTION ( 'NONE',  ( -0.000000000000000000, -0.000000000000000000, 1.000000000000000000 ) ) ;
#797 = CIRCLE ( 'NONE', #720, 1.749999999999999778 ) ;
#798 = CIRCLE ( 'NONE', #1471, 3.924999999999998046 ) ;
#799 = FACE_OUTER_BOUND ( 'NONE', #78, .T. ) ;
#800 = CARTESIAN_POINT ( 'NONE',  ( -8.829356153105113236, -33.68543350024464189, 7.800000000000001599 ) ) ;
#801 = AXIS2_PLACEMENT_3D ( 'NONE', #1236, #339, #2314 ) ;
#802 = EDGE_LOOP ( 'NONE', ( #771, #437 ) ) ;
#803 = CIRCLE ( 'NONE', #2222, 2.899999999999999911 ) ;
#804 = VECTOR ( 'NONE', #774, 1000.000000000000000 ) ;
#805 = ADVANCED_FACE ( 'NONE', ( #1044 ), #1761, .F. ) ;
#806 = ORIENTED_EDGE ( 'NONE', *, *, #959, .T. ) ;
#807 = ORIENTED_EDGE ( 'NONE', *, *, #1008, .F. ) ;
#808 = CARTESIAN_POINT ( 'NONE',  ( 9.290643846894893088, -33.68543350024464189, 7.800000000000001599 ) ) ;
#809 = CIRCLE ( 'NONE', #1438, 2.899999999999999911 ) ;
#810 = CIRCLE ( 'NONE', #2118, 2.149999999999999023 ) ;
#811 = ADVANCED_FACE ( 'NONE', ( #1872 ), #264, .F. ) ;
#812 = CARTESIAN_POINT ( 'NONE',  ( -39.99999999999999289, 0.000000000000000000, 0.000000000000000000 ) ) ;
#813 = DIRECTION ( 'NONE',  ( 1.000000000000000000, 0.000000000000000000, 0.000000000000000000 ) ) ;
#814 = EDGE_LOOP ( 'NONE', ( #394, #1364 ) ) ;
#815 = CARTESIAN_POINT ( 'NONE',  ( 6.390643846894894509, 33.93456649975535555, 7.800000000000001599 ) ) ;
#816 = DIRECTION ( 'NONE',  ( 0.000000000000000000, 0.000000000000000000, -1.000000000000000000 ) ) ;
#817 = EDGE_LOOP ( 'NONE', ( #1481, #1879, #480, #835, #2003, #653 ) ) ;
#818 = ORIENTED_EDGE ( 'NONE', *, *, #2217, .F. ) ;
#819 = VERTEX_POINT ( 'NONE', #1323 ) ;
#820 = EDGE_CURVE ( 'NONE', #1380, #718, #2244, .T. ) ;
#821 = DIRECTION ( 'NONE',  ( 1.000000000000000000, 0.000000000000000000, 0.000000000000000000 ) ) ;
#822 = ORIENTED_EDGE ( 'NONE', *, *, #1195, .T. ) ;
#823 = DIRECTION ( 'NONE',  ( 1.000000000000000000, 0.000000000000000000, 0.000000000000000000 ) ) ;
#824 = DIRECTION ( 'NONE',  ( -1.000000000000000000, 0.000000000000000000, 0.000000000000000000 ) ) ;
#825 = LINE ( 'NONE', #1382, #1478 ) ;
#826 = CIRCLE ( 'NONE', #1722, 3.925000000000000711 ) ;
#827 = DIRECTION ( 'NONE',  ( 1.000000000000000000, 0.000000000000000000, 0.000000000000000000 ) ) ;
#828 = FACE_BOUND ( 'NONE', #912, .T. ) ;
#829 = VERTEX_POINT ( 'NONE', #282 ) ;
#830 = VERTEX_POINT ( 'NONE', #981 ) ;
#831 = FACE_OUTER_BOUND ( 'NONE', #814, .T. ) ;
#832 = DIRECTION ( 'NONE',  ( -0.000000000000000000, -0.000000000000000000, 1.000000000000000000 ) ) ;
#833 = ORIENTED_EDGE ( 'NONE', *, *, #1827, .F. ) ;
#834 = EDGE_CURVE ( 'NONE', #254, #1692, #399, .T. ) ;
#835 = ORIENTED_EDGE ( 'NONE', *, *, #110, .T. ) ;
#836 = CARTESIAN_POINT ( 'NONE',  ( 31.70480021920997515, -15.74999999999974598, 11.80000000000000071 ) ) ;
#837 = CC_DESIGN_PERSON_AND_ORGANIZATION_ASSIGNMENT ( #643, #1222, ( #892 ) ) ;
#838 = DIRECTION ( 'NONE',  ( 1.000000000000000000, 0.000000000000000000, 0.000000000000000000 ) ) ;
#839 = CARTESIAN_POINT ( 'NONE',  ( -27.27980021920985365, 15.74999999999993783, 11.29999999999998828 ) ) ;
#840 = ORIENTED_EDGE ( 'NONE', *, *, #317, .F. ) ;
#841 = AXIS2_PLACEMENT_3D ( 'NONE', #1210, #1576, #321 ) ;
#842 = CIRCLE ( 'NONE', #2035, 2.899999999999999911 ) ;
#843 = AXIS2_PLACEMENT_3D ( 'NONE', #738, #367, #419 ) ;
#844 = CARTESIAN_POINT ( 'NONE',  ( 34.88064384689489827, -9.875433500244644947, 7.800000000000001599 ) ) ;
#845 = ORIENTED_EDGE ( 'NONE', *, *, #2272, .T. ) ;
#846 = ORIENTED_EDGE ( 'NONE', *, *, #524, .F. ) ;
#847 = DIRECTION ( 'NONE',  ( 1.000000000000000000, 0.000000000000000000, 0.000000000000000000 ) ) ;
#848 = EDGE_CURVE ( 'NONE', #2010, #614, #708, .T. ) ;
#849 = FACE_BOUND ( 'NONE', #1111, .T. ) ;
#850 = CYLINDRICAL_SURFACE ( 'NONE', #10, 3.925000000000001599 ) ;
#851 = CALENDAR_DATE ( 2026, 16, 5 ) ;
#852 = CARTESIAN_POINT ( 'NONE',  ( -32.26935615310511452, -9.875433500244644947, 7.800000000000001599 ) ) ;
#853 = ORIENTED_EDGE ( 'NONE', *, *, #2027, .F. ) ;
#854 = ORIENTED_EDGE ( 'NONE', *, *, #60, .F. ) ;
#855 = CARTESIAN_POINT ( 'NONE',  ( 9.290643846894893088, 33.93456649975535555, 11.80000000000000071 ) ) ;
#856 = DIRECTION ( 'NONE',  ( 1.000000000000000000, 0.000000000000000000, 0.000000000000000000 ) ) ;
#857 = CIRCLE ( 'NONE', #1978, 3.925000000000001599 ) ;
#858 = DIRECTION ( 'NONE',  ( 1.000000000000000000, 0.000000000000000000, 0.000000000000000000 ) ) ;
#859 = EDGE_CURVE ( 'NONE', #209, #513, #2094, .T. ) ;
#860 = LINE ( 'NONE', #1583, #903 ) ;
#861 = ORIENTED_EDGE ( 'NONE', *, *, #2173, .F. ) ;
#862 = CC_DESIGN_SECURITY_CLASSIFICATION ( #2206, ( #2247 ) ) ;
#863 = ADVANCED_FACE ( 'NONE', ( #1349 ), #1410, .F. ) ;
#864 = CARTESIAN_POINT ( 'NONE',  ( -27.27980021920975773, -15.75000000000012790, 11.80000000000000071 ) ) ;
#865 = VERTEX_POINT ( 'NONE', #2050 ) ;
#866 = CARTESIAN_POINT ( 'NONE',  ( 9.290643846894893088, -33.68543350024464189, 0.000000000000000000 ) ) ;
#867 = DIRECTION ( 'NONE',  ( -0.7071067811865463515, 8.659560562354919300E-17, 0.7071067811865487940 ) ) ;
#868 = FACE_OUTER_BOUND ( 'NONE', #1475, .T. ) ;
#869 = CIRCLE ( 'NONE', #1363, 1.749999999999999778 ) ;
#870 = CARTESIAN_POINT ( 'NONE',  ( 32.73064384689489970, -9.875433500244644947, 11.80000000000000071 ) ) ;
#871 = ADVANCED_FACE ( 'NONE', ( #998 ), #99, .F. ) ;
#872 = AXIS2_PLACEMENT_3D ( 'NONE', #1388, #1029, #1917 ) ;
#873 = EDGE_CURVE ( 'NONE', #819, #663, #1775, .T. ) ;
#874 = DIRECTION ( 'NONE',  ( -0.000000000000000000, -0.000000000000000000, -1.000000000000000000 ) ) ;
#875 = AXIS2_PLACEMENT_3D ( 'NONE', #743, #1805, #1965 ) ;
#876 = AXIS2_PLACEMENT_3D ( 'NONE', #132, #474, #847 ) ;
#877 = CARTESIAN_POINT ( 'NONE',  ( -32.26935615310511452, -9.875433500244644947, 7.800000000000001599 ) ) ;
#878 = CIRCLE ( 'NONE', #1378, 3.925000000000001599 ) ;
#879 = ORIENTED_EDGE ( 'NONE', *, *, #2282, .F. ) ;
#880 = CYLINDRICAL_SURFACE ( 'NONE', #501, 3.924999999999999822 ) ;
#881 = CARTESIAN_POINT ( 'NONE',  ( -8.829356153105113236, -33.68543350024464189, 11.80000000000000071 ) ) ;
#882 = EDGE_CURVE ( 'NONE', #1630, #204, #809, .T. ) ;
#883 = FACE_BOUND ( 'NONE', #1660, .T. ) ;
#884 = ADVANCED_FACE ( 'NONE', ( #414 ), #1963, .F. ) ;
#885 = CARTESIAN_POINT ( 'NONE',  ( 7.540643846894893088, -33.68543350024464189, 7.800000000000001599 ) ) ;
#886 = ORIENTED_EDGE ( 'NONE', *, *, #1302, .F. ) ;
#887 = DIRECTION ( 'NONE',  ( -0.000000000000000000, -0.000000000000000000, -1.000000000000000000 ) ) ;
#888 = CARTESIAN_POINT ( 'NONE',  ( -34.41935615310512020, 10.12456649975535505, 11.80000000000000071 ) ) ;
#889 = LINE ( 'NONE', #706, #2036 ) ;
#890 = ORIENTED_EDGE ( 'NONE', *, *, #363, .F. ) ;
#891 = FACE_BOUND ( 'NONE', #434, .T. ) ;
#892 = PRODUCT ( '\X2\6cd551705e955ea7\X0\robotiq-tb6r5\X2\70ed719487ba6bcd7248672c\X0\', '\X2\6cd551705e955ea7\X0\robotiq-tb6r5\X2\70ed719487ba6bcd7248672c\X0\', '', ( #2235 ) ) ;
#893 = DIRECTION ( 'NONE',  ( -1.000000000000000000, 0.000000000000000000, 0.000000000000000000 ) ) ;
#894 = EDGE_CURVE ( 'NONE', #401, #1090, #2079, .T. ) ;
#895 = ORIENTED_EDGE ( 'NONE', *, *, #669, .T. ) ;
#896 = FACE_OUTER_BOUND ( 'NONE', #1312, .T. ) ;
#897 = EDGE_CURVE ( 'NONE', #1886, #1878, #1100, .T. ) ;
#898 = CARTESIAN_POINT ( 'NONE',  ( -32.26935615310511452, -9.875433500244644947, 7.800000000000001599 ) ) ;
#899 = ORIENTED_EDGE ( 'NONE', *, *, #479, .T. ) ;
#900 = CALENDAR_DATE ( 2026, 16, 5 ) ;
#901 = VERTEX_POINT ( 'NONE', #203 ) ;
#902 = FACE_OUTER_BOUND ( 'NONE', #590, .T. ) ;
#903 = VECTOR ( 'NONE', #688, 1000.000000000000000 ) ;
#904 = CIRCLE ( 'NONE', #1408, 2.899999999999999911 ) ;
#905 = DIRECTION ( 'NONE',  ( 0.000000000000000000, 0.000000000000000000, -1.000000000000000000 ) ) ;
#906 = ORIENTED_EDGE ( 'NONE', *, *, #199, .F. ) ;
#907 = AXIS2_PLACEMENT_3D ( 'NONE', #666, #1936, #827 ) ;
#908 = AXIS2_PLACEMENT_3D ( 'NONE', #1771, #744, #202 ) ;
#909 = FACE_OUTER_BOUND ( 'NONE', #116, .T. ) ;
#910 = EDGE_CURVE ( 'NONE', #1568, #259, #745, .T. ) ;
#911 = CARTESIAN_POINT ( 'NONE',  ( -32.26935615310511452, 10.12456649975535505, 11.80000000000000071 ) ) ;
#912 = EDGE_LOOP ( 'NONE', ( #384, #2057 ) ) ;
#913 = ORIENTED_EDGE ( 'NONE', *, *, #459, .F. ) ;
#914 = CARTESIAN_POINT ( 'NONE',  ( 32.73064384689489970, 10.12456649975535505, 7.800000000000001599 ) ) ;
#915 = DIRECTION ( 'NONE',  ( 0.000000000000000000, 0.000000000000000000, -1.000000000000000000 ) ) ;
#916 = CARTESIAN_POINT ( 'NONE',  ( 9.290643846894893088, 33.93456649975535555, 0.000000000000000000 ) ) ;
#917 = ORIENTED_EDGE ( 'NONE', *, *, #1480, .T. ) ;
#918 = CARTESIAN_POINT ( 'NONE',  ( 9.290643846894893088, 33.93456649975535555, 7.800000000000001599 ) ) ;
#919 = FACE_OUTER_BOUND ( 'NONE', #147, .T. ) ;
#920 = FACE_OUTER_BOUND ( 'NONE', #2302, .T. ) ;
#921 = VERTEX_POINT ( 'NONE', #772 ) ;
#922 = EDGE_CURVE ( 'NONE', #1833, #1351, #1254, .T. ) ;
#923 = EDGE_LOOP ( 'NONE', ( #1517, #2068, #1421, #2077 ) ) ;
#924 = AXIS2_PLACEMENT_3D ( 'NONE', #1443, #1197, #1937 ) ;
#925 = DIRECTION ( 'NONE',  ( 1.000000000000000000, 0.000000000000000000, 0.000000000000000000 ) ) ;
#926 = ADVANCED_FACE ( 'NONE', ( #188 ), #540, .F. ) ;
#927 = DIRECTION ( 'NONE',  ( 1.000000000000000000, 0.000000000000000000, 0.000000000000000000 ) ) ;
#928 = ORIENTED_EDGE ( 'NONE', *, *, #143, .F. ) ;
#929 = CIRCLE ( 'NONE', #1165, 2.149999999999999023 ) ;
#930 = CYLINDRICAL_SURFACE ( 'NONE', #1744, 3.499999999999999556 ) ;
#931 = VERTEX_POINT ( 'NONE', #18 ) ;
#932 = CARTESIAN_POINT ( 'NONE',  ( 2.199633243471174140E-13, -31.50000000000000000, 11.80000000000000071 ) ) ;
#933 = CARTESIAN_POINT ( 'NONE',  ( 9.290643846894893088, -33.68543350024464189, 7.800000000000001599 ) ) ;
#934 = DIRECTION ( 'NONE',  ( -0.000000000000000000, -0.000000000000000000, -1.000000000000000000 ) ) ;
#935 = ORIENTED_EDGE ( 'NONE', *, *, #985, .T. ) ;
#936 = CIRCLE ( 'NONE', #1552, 2.899999999999999911 ) ;
#937 = ORIENTED_EDGE ( 'NONE', *, *, #1427, .F. ) ;
#938 = FACE_OUTER_BOUND ( 'NONE', #1819, .T. ) ;
#939 = EDGE_CURVE ( 'NONE', #1826, #389, #842, .T. ) ;
#940 = ADVANCED_FACE ( 'NONE', ( #1299 ), #1832, .F. ) ;
#941 = CIRCLE ( 'NONE', #2260, 4.425000000000022915 ) ;
#942 = CARTESIAN_POINT ( 'NONE',  ( -39.99999999999999289, 0.000000000000000000, 11.80000000000000071 ) ) ;
#943 = EDGE_LOOP ( 'NONE', ( #1557, #1698, #1642, #493 ) ) ;
#944 = CARTESIAN_POINT ( 'NONE',  ( 4.425000000000218314, -31.50000000000000000, 11.80000000000000071 ) ) ;
#945 = CIRCLE ( 'NONE', #1960, 2.899999999999999911 ) ;
#946 = DIRECTION ( 'NONE',  ( 0.000000000000000000, 0.000000000000000000, 1.000000000000000000 ) ) ;
#947 = CIRCLE ( 'NONE', #237, 4.425000000000008704 ) ;
#948 = VECTOR ( 'NONE', #64, 1000.000000000000000 ) ;
#949 = AXIS2_PLACEMENT_3D ( 'NONE', #112, #1192, #295 ) ;
#950 = CYLINDRICAL_SURFACE ( 'NONE', #379, 2.149999999999999023 ) ;
#951 = ORIENTED_EDGE ( 'NONE', *, *, #1336, .F. ) ;
#952 = VERTEX_POINT ( 'NONE', #1462 ) ;
#953 = DIRECTION ( 'NONE',  ( -1.000000000000000000, 0.000000000000000000, 0.000000000000000000 ) ) ;
#954 = CARTESIAN_POINT ( 'NONE',  ( -8.829356153105113236, -33.68543350024464189, 0.000000000000000000 ) ) ;
#955 = ADVANCED_FACE ( 'NONE', ( #1258 ), #930, .F. ) ;
#956 = CARTESIAN_POINT ( 'NONE',  ( -31.70480021920976554, -15.75000000000012790, 11.80000000000000071 ) ) ;
#957 = ORIENTED_EDGE ( 'NONE', *, *, #1611, .T. ) ;
#958 = DIRECTION ( 'NONE',  ( 1.000000000000000000, -1.568111616702195443E-15, 0.000000000000000000 ) ) ;
#959 = EDGE_CURVE ( 'NONE', #184, #607, #1661, .T. ) ;
#960 = ORIENTED_EDGE ( 'NONE', *, *, #1605, .F. ) ;
#961 = DIRECTION ( 'NONE',  ( 0.7071067811865482389, 0.000000000000000000, 0.7071067811865469066 ) ) ;
#962 = CYLINDRICAL_SURFACE ( 'NONE', #1956, 3.925000000000001599 ) ;
#963 = CARTESIAN_POINT ( 'NONE',  ( 32.73064384689489970, 10.12456649975535505, 7.800000000000001599 ) ) ;
#964 = ORIENTED_EDGE ( 'NONE', *, *, #2092, .T. ) ;
#965 = EDGE_LOOP ( 'NONE', ( #139, #2278, #1550, #1918 ) ) ;
#966 = CARTESIAN_POINT ( 'NONE',  ( 32.73064384689489970, 10.12456649975535505, 11.80000000000000071 ) ) ;
#967 = CIRCLE ( 'NONE', #1243, 2.899999999999999911 ) ;
#968 = DIRECTION ( 'NONE',  ( 0.7071067811865444641, 0.000000000000000000, 0.7071067811865505703 ) ) ;
#969 = DIRECTION ( 'NONE',  ( 1.000000000000000000, 0.000000000000000000, 0.000000000000000000 ) ) ;
#970 = ORIENTED_EDGE ( 'NONE', *, *, #1892, .F. ) ;
#971 = DIRECTION ( 'NONE',  ( 1.000000000000000000, 0.000000000000000000, 0.000000000000000000 ) ) ;
#972 = EDGE_CURVE ( 'NONE', #77, #1491, #617, .T. ) ;
#973 = LINE ( 'NONE', #2039, #651 ) ;
#974 = AXIS2_PLACEMENT_3D ( 'NONE', #680, #2259, #1551 ) ;
#975 = EDGE_CURVE ( 'NONE', #2257, #308, #355, .T. ) ;
#976 = PLANE ( 'NONE',  #1526 ) ;
#977 = EDGE_LOOP ( 'NONE', ( #180, #1932, #1521, #429 ) ) ;
#978 = EDGE_LOOP ( 'NONE', ( #928, #1717 ) ) ;
#979 = DIRECTION ( 'NONE',  ( -0.000000000000000000, -0.000000000000000000, 1.000000000000000000 ) ) ;
#980 = LINE ( 'NONE', #2034, #1219 ) ;
#981 = CARTESIAN_POINT ( 'NONE',  ( 12.19064384689489344, -33.68543350024464189, 7.800000000000001599 ) ) ;
#982 = ORIENTED_EDGE ( 'NONE', *, *, #2138, .T. ) ;
#983 = DIRECTION ( 'NONE',  ( 0.000000000000000000, 0.000000000000000000, 1.000000000000000000 ) ) ;
#984 = AXIS2_PLACEMENT_3D ( 'NONE', #852, #2073, #452 ) ;
#985 = EDGE_CURVE ( 'NONE', #1545, #2294, #13, .T. ) ;
#986 = LINE ( 'NONE', #639, #472 ) ;
#987 = AXIS2_PLACEMENT_3D ( 'NONE', #2160, #554, #1954 ) ;
#988 = EDGE_LOOP ( 'NONE', ( #789, #350 ) ) ;
#989 = AXIS2_PLACEMENT_3D ( 'NONE', #31, #376, #759 ) ;
#990 = ORIENTED_EDGE ( 'NONE', *, *, #2270, .F. ) ;
#991 = ORIENTED_EDGE ( 'NONE', *, *, #873, .T. ) ;
#992 = CARTESIAN_POINT ( 'NONE',  ( 0.000000000000000000, 31.50000000000000000, 11.80000000000000071 ) ) ;
#993 =( NAMED_UNIT ( * ) SI_UNIT ( $, .STERADIAN. ) SOLID_ANGLE_UNIT ( ) );
#994 = AXIS2_PLACEMENT_3D ( 'NONE', #1016, #1731, #488 ) ;
#995 = DIRECTION ( 'NONE',  ( 1.000000000000000000, 0.000000000000000000, 0.000000000000000000 ) ) ;
#996 = FACE_OUTER_BOUND ( 'NONE', #2204, .T. ) ;
#997 = EDGE_LOOP ( 'NONE', ( #1306, #982 ) ) ;
#998 = FACE_OUTER_BOUND ( 'NONE', #269, .T. ) ;
#999 = ORIENTED_EDGE ( 'NONE', *, *, #1472, .F. ) ;
#1000 = CARTESIAN_POINT ( 'NONE',  ( -32.26935615310511452, -9.875433500244644947, 11.80000000000000071 ) ) ;
#1001 = FACE_BOUND ( 'NONE', #189, .T. ) ;
#1002 = DIRECTION ( 'NONE',  ( 1.000000000000000000, 0.000000000000000000, 0.000000000000000000 ) ) ;
#1003 = ORIENTED_EDGE ( 'NONE', *, *, #2146, .T. ) ;
#1004 = VERTEX_POINT ( 'NONE', #1789 ) ;
#1005 = ORIENTED_EDGE ( 'NONE', *, *, #1530, .F. ) ;
#1006 = CARTESIAN_POINT ( 'NONE',  ( -5.929356153105113769, -33.68543350024464189, 7.800000000000001599 ) ) ;
#1007 = DATE_AND_TIME ( #290, #1311 ) ;
#1008 = EDGE_CURVE ( 'NONE', #664, #504, #723, .T. ) ;
#1009 = DIRECTION ( 'NONE',  ( 1.000000000000000000, 0.000000000000000000, 0.000000000000000000 ) ) ;
#1010 = ORIENTED_EDGE ( 'NONE', *, *, #1827, .T. ) ;
#1011 = EDGE_CURVE ( 'NONE', #254, #1512, #97, .T. ) ;
#1012 = DIRECTION ( 'NONE',  ( -0.000000000000000000, -0.000000000000000000, -1.000000000000000000 ) ) ;
#1013 = DIRECTION ( 'NONE',  ( 0.000000000000000000, 0.000000000000000000, -1.000000000000000000 ) ) ;
#1014 = CIRCLE ( 'NONE', #526, 3.499999999999999556 ) ;
#1015 = DIRECTION ( 'NONE',  ( 1.000000000000000000, 0.000000000000000000, 0.000000000000000000 ) ) ;
#1016 = CARTESIAN_POINT ( 'NONE',  ( 9.290643846894893088, 33.93456649975535555, 7.800000000000001599 ) ) ;
#1017 = ORIENTED_EDGE ( 'NONE', *, *, #2123, .F. ) ;
#1018 = PERSON_AND_ORGANIZATION_ROLE ( 'creator' ) ;
#1019 = DIRECTION ( 'NONE',  ( -0.000000000000000000, -0.000000000000000000, 1.000000000000000000 ) ) ;
#1020 = ORIENTED_EDGE ( 'NONE', *, *, #646, .F. ) ;
#1021 = EDGE_CURVE ( 'NONE', #1209, #149, #1845, .T. ) ;
#1022 = FACE_OUTER_BOUND ( 'NONE', #2297, .T. ) ;
#1023 = CARTESIAN_POINT ( 'NONE',  ( 9.290643846894893088, -33.68543350024464189, 11.80000000000000071 ) ) ;
#1024 = PLANE ( 'NONE',  #197 ) ;
#1025 = PLANE ( 'NONE',  #994 ) ;
#1026 = VERTEX_POINT ( 'NONE', #2081 ) ;
#1027 = AXIS2_PLACEMENT_3D ( 'NONE', #1464, #1113, #1822 ) ;
#1028 = AXIS2_PLACEMENT_3D ( 'NONE', #388, #735, #217 ) ;
#1029 = DIRECTION ( 'NONE',  ( -0.000000000000000000, -0.000000000000000000, 1.000000000000000000 ) ) ;
#1030 = ORIENTED_EDGE ( 'NONE', *, *, #1799, .F. ) ;
#1031 = CYLINDRICAL_SURFACE ( 'NONE', #1174, 39.99999999999999289 ) ;
#1032 = DIRECTION ( 'NONE',  ( 1.000000000000000000, 0.000000000000000000, 0.000000000000000000 ) ) ;
#1033 = EDGE_CURVE ( 'NONE', #1646, #1613, #638, .T. ) ;
#1034 = DIRECTION ( 'NONE',  ( 1.000000000000000000, 0.000000000000000000, 0.000000000000000000 ) ) ;
#1035 = CARTESIAN_POINT ( 'NONE',  ( -27.27980021920975773, -15.75000000000012790, 11.29999999999998828 ) ) ;
#1036 = CARTESIAN_POINT ( 'NONE',  ( 0.000000000000000000, 31.50000000000000000, 11.30000000000000071 ) ) ;
#1037 = ORIENTED_EDGE ( 'NONE', *, *, #2173, .T. ) ;
#1038 = DIRECTION ( 'NONE',  ( -0.000000000000000000, -0.000000000000000000, -1.000000000000000000 ) ) ;
#1039 = ORIENTED_EDGE ( 'NONE', *, *, #1286, .F. ) ;
#1040 = DIRECTION ( 'NONE',  ( -0.000000000000000000, -0.000000000000000000, -1.000000000000000000 ) ) ;
#1041 = CARTESIAN_POINT ( 'NONE',  ( 3.924999999999999822, 31.50000000000000000, 0.000000000000000000 ) ) ;
#1042 = CARTESIAN_POINT ( 'NONE',  ( 32.73064384689489970, 10.12456649975535505, 7.800000000000001599 ) ) ;
#1043 = VECTOR ( 'NONE', #1707, 1000.000000000000000 ) ;
#1044 = FACE_OUTER_BOUND ( 'NONE', #1155, .T. ) ;
#1045 = DIRECTION ( 'NONE',  ( -0.000000000000000000, -0.000000000000000000, -1.000000000000000000 ) ) ;
#1046 = ADVANCED_FACE ( 'NONE', ( #2100, #1560, #487, #1367, #1911, #1891, #1204, #1001, #136, #1215, #514, #849, #1354 ), #1024, .T. ) ;
#1047 = LINE ( 'NONE', #1970, #1184 ) ;
#1048 = VECTOR ( 'NONE', #979, 1000.000000000000000 ) ;
#1049 = DIRECTION ( 'NONE',  ( 1.000000000000000000, 0.000000000000000000, 0.000000000000000000 ) ) ;
#1050 = DIRECTION ( 'NONE',  ( -1.000000000000000000, 0.000000000000000000, 0.000000000000000000 ) ) ;
#1051 = CARTESIAN_POINT ( 'NONE',  ( -23.35480021920985294, 15.74999999999993783, 0.000000000000000000 ) ) ;
#1052 = CARTESIAN_POINT ( 'NONE',  ( -27.27980021920985365, 15.74999999999993783, 0.000000000000000000 ) ) ;
#1053 = EDGE_CURVE ( 'NONE', #2048, #741, #659, .T. ) ;
#1054 = AXIS2_PLACEMENT_3D ( 'NONE', #573, #776, #1496 ) ;
#1055 = DIRECTION ( 'NONE',  ( 0.7071067811865469066, 0.000000000000000000, 0.7071067811865482389 ) ) ;
#1056 = ADVANCED_FACE ( 'NONE', ( #2281 ), #1178, .F. ) ;
#1057 = AXIS2_PLACEMENT_3D ( 'NONE', #592, #1309, #1585 ) ;
#1058 = DIRECTION ( 'NONE',  ( 0.000000000000000000, 0.000000000000000000, 1.000000000000000000 ) ) ;
#1059 = CIRCLE ( 'NONE', #1181, 4.425000000000012257 ) ;
#1060 = AXIS2_PLACEMENT_3D ( 'NONE', #1884, #252, #823 ) ;
#1061 = AXIS2_PLACEMENT_3D ( 'NONE', #1428, #2119, #516 ) ;
#1062 = VECTOR ( 'NONE', #1326, 1000.000000000000000 ) ;
#1063 = CARTESIAN_POINT ( 'NONE',  ( -31.20480021920975844, -15.75000000000012790, 0.000000000000000000 ) ) ;
#1064 = CIRCLE ( 'NONE', #1289, 3.925000000000001599 ) ;
#1065 = ORIENTED_EDGE ( 'NONE', *, *, #1631, .T. ) ;
#1066 = DIRECTION ( 'NONE',  ( -1.000000000000000000, 0.000000000000000000, 0.000000000000000000 ) ) ;
#1067 = CYLINDRICAL_SURFACE ( 'NONE', #165, 3.499999999999999556 ) ;
#1068 = SHAPE_DEFINITION_REPRESENTATION ( #544, #1437 ) ;
#1069 = DIRECTION ( 'NONE',  ( 1.000000000000000000, 0.000000000000000000, 0.000000000000000000 ) ) ;
#1070 = ADVANCED_FACE ( 'NONE', ( #458 ), #296, .F. ) ;
#1071 = EDGE_CURVE ( 'NONE', #663, #2, #947, .T. ) ;
#1072 = CARTESIAN_POINT ( 'NONE',  ( 27.27980021920996379, -15.74999999999974598, 0.000000000000000000 ) ) ;
#1073 = DIRECTION ( 'NONE',  ( -1.000000000000000000, 0.000000000000000000, 0.000000000000000000 ) ) ;
#1074 = ORIENTED_EDGE ( 'NONE', *, *, #363, .T. ) ;
#1075 = VECTOR ( 'NONE', #1214, 1000.000000000000000 ) ;
#1076 = DIRECTION ( 'NONE',  ( -0.000000000000000000, -0.000000000000000000, -1.000000000000000000 ) ) ;
#1077 = ORIENTED_EDGE ( 'NONE', *, *, #120, .F. ) ;
#1078 = PERSON_AND_ORGANIZATION_ROLE ( 'classification_officer' ) ;
#1079 = EDGE_LOOP ( 'NONE', ( #448, #641, #119, #1857 ) ) ;
#1080 = CARTESIAN_POINT ( 'NONE',  ( -32.26935615310511452, -9.875433500244644947, 11.80000000000000071 ) ) ;
#1081 = CARTESIAN_POINT ( 'NONE',  ( -8.829356153105113236, -33.68543350024464189, 7.800000000000001599 ) ) ;
#1082 = AXIS2_PLACEMENT_3D ( 'NONE', #1868, #1144, #1854 ) ;
#1083 = EDGE_CURVE ( 'NONE', #485, #1732, #1139, .T. ) ;
#1084 = LINE ( 'NONE', #888, #1098 ) ;
#1085 = APPROVAL ( #1188, 'æœª' ) ;
#1086 = CARTESIAN_POINT ( 'NONE',  ( 30.58064384689489756, -9.875433500244644947, 11.80000000000000071 ) ) ;
#1087 = ORIENTED_EDGE ( 'NONE', *, *, #268, .T. ) ;
#1088 = CARTESIAN_POINT ( 'NONE',  ( 22.85480021920961136, 15.75000000000031974, 11.80000000000000071 ) ) ;
#1089 = LINE ( 'NONE', #1454, #1846 ) ;
#1090 = VERTEX_POINT ( 'NONE', #1730 ) ;
#1091 = PERSON_AND_ORGANIZATION ( #2189, #1353 ) ;
#1092 = ORIENTED_EDGE ( 'NONE', *, *, #2146, .F. ) ;
#1093 = DIRECTION ( 'NONE',  ( 0.000000000000000000, 0.000000000000000000, 1.000000000000000000 ) ) ;
#1094 = CIRCLE ( 'NONE', #2106, 2.899999999999999911 ) ;
#1095 = DIRECTION ( 'NONE',  ( -1.000000000000000000, 0.000000000000000000, 0.000000000000000000 ) ) ;
#1096 = AXIS2_PLACEMENT_3D ( 'NONE', #1110, #2182, #1132 ) ;
#1097 = CIRCLE ( 'NONE', #658, 1.749999999999999778 ) ;
#1098 = VECTOR ( 'NONE', #715, 1000.000000000000000 ) ;
#1099 = AXIS2_PLACEMENT_3D ( 'NONE', #2038, #1740, #2078 ) ;
#1100 = LINE ( 'NONE', #2170, #511 ) ;
#1101 = EDGE_LOOP ( 'NONE', ( #1338, #594, #1586, #1908 ) ) ;
#1102 = AXIS2_PLACEMENT_3D ( 'NONE', #1441, #1820, #568 ) ;
#1103 = AXIS2_PLACEMENT_3D ( 'NONE', #1419, #1394, #699 ) ;
#1104 = PLANE ( 'NONE',  #1700 ) ;
#1105 = ADVANCED_FACE ( 'NONE', ( #123 ), #1760, .F. ) ;
#1106 = CARTESIAN_POINT ( 'NONE',  ( -29.16890404964987837, 11.74851131229670642, 11.80000000000000071 ) ) ;
#1107 = ORIENTED_EDGE ( 'NONE', *, *, #2308, .F. ) ;
#1108 = ORIENTED_EDGE ( 'NONE', *, *, #1605, .T. ) ;
#1109 = CARTESIAN_POINT ( 'NONE',  ( 27.27980021920996379, -15.74999999999974598, 11.80000000000000071 ) ) ;
#1110 = CARTESIAN_POINT ( 'NONE',  ( 2.199633243471174140E-13, -31.50000000000000000, 0.000000000000000000 ) ) ;
#1111 = EDGE_LOOP ( 'NONE', ( #899, #2135 ) ) ;
#1112 = ORIENTED_EDGE ( 'NONE', *, *, #1424, .T. ) ;
#1113 = DIRECTION ( 'NONE',  ( 0.000000000000000000, 0.000000000000000000, -1.000000000000000000 ) ) ;
#1114 = DIRECTION ( 'NONE',  ( -0.000000000000000000, -0.000000000000000000, -1.000000000000000000 ) ) ;
#1115 = EDGE_CURVE ( 'NONE', #1613, #901, #1593, .T. ) ;
#1116 = DIRECTION ( 'NONE',  ( -1.000000000000000000, 0.000000000000000000, 0.000000000000000000 ) ) ;
#1117 = VERTEX_POINT ( 'NONE', #1051 ) ;
#1118 = EDGE_CURVE ( 'NONE', #322, #689, #1603, .T. ) ;
#1119 = EDGE_LOOP ( 'NONE', ( #471, #1487, #1844, #2225 ) ) ;
#1120 = AXIS2_PLACEMENT_3D ( 'NONE', #1696, #606, #1149 ) ;
#1121 = FACE_BOUND ( 'NONE', #1913, .T. ) ;
#1122 = CARTESIAN_POINT ( 'NONE',  ( -8.829356153105113236, 33.93456649975535555, 7.800000000000001599 ) ) ;
#1123 = VERTEX_POINT ( 'NONE', #26 ) ;
#1124 = DIRECTION ( 'NONE',  ( 1.000000000000000000, 0.000000000000000000, 0.000000000000000000 ) ) ;
#1125 = CARTESIAN_POINT ( 'NONE',  ( 9.290643846894893088, 33.93456649975535555, 7.800000000000001599 ) ) ;
#1126 = CARTESIAN_POINT ( 'NONE',  ( 29.23064384689489970, -9.875433500244644947, 11.80000000000000071 ) ) ;
#1127 = ORIENTED_EDGE ( 'NONE', *, *, #207, .F. ) ;
#1128 = EDGE_CURVE ( 'NONE', #1026, #114, #694, .T. ) ;
#1129 = EDGE_LOOP ( 'NONE', ( #853, #1946, #1318, #228 ) ) ;
#1130 = DIRECTION ( 'NONE',  ( 1.000000000000000000, 0.000000000000000000, 0.000000000000000000 ) ) ;
#1131 = AXIS2_PLACEMENT_3D ( 'NONE', #495, #1213, #1920 ) ;
#1132 = DIRECTION ( 'NONE',  ( -1.000000000000000000, 0.000000000000000000, 0.000000000000000000 ) ) ;
#1133 = ORIENTED_EDGE ( 'NONE', *, *, #1628, .F. ) ;
#1134 = DIRECTION ( 'NONE',  ( -0.000000000000000000, -0.000000000000000000, -1.000000000000000000 ) ) ;
#1135 = CIRCLE ( 'NONE', #984, 2.150000000000002576 ) ;
#1136 = ORIENTED_EDGE ( 'NONE', *, *, #75, .F. ) ;
#1137 = DIRECTION ( 'NONE',  ( 0.000000000000000000, 0.000000000000000000, -1.000000000000000000 ) ) ;
#1138 = CARTESIAN_POINT ( 'NONE',  ( -11.72935615310511359, -33.68543350024464189, 11.80000000000000071 ) ) ;
#1139 = CIRCLE ( 'NONE', #133, 4.425000000000012257 ) ;
#1140 = CIRCLE ( 'NONE', #2180, 3.500000000000003109 ) ;
#1141 = CARTESIAN_POINT ( 'NONE',  ( 11.04064384689489309, 33.93456649975535555, 0.000000000000000000 ) ) ;
#1142 = ORIENTED_EDGE ( 'NONE', *, *, #600, .T. ) ;
#1143 = ORIENTED_EDGE ( 'NONE', *, *, #1350, .T. ) ;
#1144 = DIRECTION ( 'NONE',  ( 0.000000000000000000, 0.000000000000000000, -1.000000000000000000 ) ) ;
#1145 = EDGE_CURVE ( 'NONE', #1307, #901, #1084, .T. ) ;
#1146 = CARTESIAN_POINT ( 'NONE',  ( 12.19064384689489344, 33.93456649975535555, 7.800000000000001599 ) ) ;
#1147 = ORIENTED_EDGE ( 'NONE', *, *, #1383, .F. ) ;
#1148 = PRODUCT_DEFINITION ( 'æœ', '', #2247, #2239 ) ;
#1149 = DIRECTION ( 'NONE',  ( 1.000000000000000000, 0.000000000000000000, 0.000000000000000000 ) ) ;
#1150 = ORIENTED_EDGE ( 'NONE', *, *, #135, .T. ) ;
#1151 = CARTESIAN_POINT ( 'NONE',  ( 27.27980021920996379, -15.74999999999974598, 0.000000000000000000 ) ) ;
#1152 = CARTESIAN_POINT ( 'NONE',  ( -7.079356153105113236, -33.68543350024464189, 0.000000000000000000 ) ) ;
#1153 = CARTESIAN_POINT ( 'NONE',  ( -4.424999999999777778, -31.50000000000000000, 11.80000000000000071 ) ) ;
#1154 = ORIENTED_EDGE ( 'NONE', *, *, #1302, .T. ) ;
#1155 = EDGE_LOOP ( 'NONE', ( #1295, #1147, #795, #1175 ) ) ;
#1156 = ORIENTED_EDGE ( 'NONE', *, *, #2017, .F. ) ;
#1157 = DIRECTION ( 'NONE',  ( 0.000000000000000000, 0.000000000000000000, -1.000000000000000000 ) ) ;
#1158 = DIRECTION ( 'NONE',  ( -0.000000000000000000, -0.000000000000000000, -1.000000000000000000 ) ) ;
#1159 = AXIS2_PLACEMENT_3D ( 'NONE', #364, #2153, #2276 ) ;
#1160 = CARTESIAN_POINT ( 'NONE',  ( -3.924999999999780442, -31.50000000000000000, 11.30000000000000426 ) ) ;
#1161 = EDGE_LOOP ( 'NONE', ( #1262, #1706 ) ) ;
#1162 = DIRECTION ( 'NONE',  ( -1.000000000000000000, 0.000000000000000000, 0.000000000000000000 ) ) ;
#1163 = ORIENTED_EDGE ( 'NONE', *, *, #669, .F. ) ;
#1164 = CARTESIAN_POINT ( 'NONE',  ( -3.924999999999780442, -31.50000000000000000, 0.000000000000000000 ) ) ;
#1165 = AXIS2_PLACEMENT_3D ( 'NONE', #1817, #792, #1502 ) ;
#1166 = DIRECTION ( 'NONE',  ( 1.000000000000000000, 0.000000000000000000, 0.000000000000000000 ) ) ;
#1167 = ORIENTED_EDGE ( 'NONE', *, *, #1212, .T. ) ;
#1168 = EDGE_LOOP ( 'NONE', ( #846, #1077, #2037, #1968 ) ) ;
#1169 = DATE_TIME_ROLE ( 'creation_date' ) ;
#1170 = DIRECTION ( 'NONE',  ( -0.7071067811865463515, 8.659560562354919300E-17, 0.7071067811865487940 ) ) ;
#1171 = FACE_OUTER_BOUND ( 'NONE', #923, .T. ) ;
#1172 = VERTEX_POINT ( 'NONE', #413 ) ;
#1173 = DIRECTION ( 'NONE',  ( -1.000000000000000000, 0.000000000000000000, 0.000000000000000000 ) ) ;
#1174 = AXIS2_PLACEMENT_3D ( 'NONE', #1749, #111, #824 ) ;
#1175 = ORIENTED_EDGE ( 'NONE', *, *, #351, .T. ) ;
#1176 = CARTESIAN_POINT ( 'NONE',  ( 29.90170748095663456, 12.18542045806293395, 11.80000000000000071 ) ) ;
#1177 = AXIS2_PLACEMENT_3D ( 'NONE', #2060, #1831, #1645 ) ;
#1178 = CYLINDRICAL_SURFACE ( 'NONE', #467, 3.499999999999999556 ) ;
#1179 = DIRECTION ( 'NONE',  ( 1.000000000000000000, 0.000000000000000000, 0.000000000000000000 ) ) ;
#1180 = EDGE_CURVE ( 'NONE', #931, #1451, #134, .T. ) ;
#1181 = AXIS2_PLACEMENT_3D ( 'NONE', #1109, #1457, #396 ) ;
#1182 = EDGE_LOOP ( 'NONE', ( #1211, #407, #2214, #1554 ) ) ;
#1183 = AXIS2_PLACEMENT_3D ( 'NONE', #400, #1612, #1073 ) ;
#1184 = VECTOR ( 'NONE', #11, 1000.000000000000000 ) ;
#1185 = VERTEX_POINT ( 'NONE', #1774 ) ;
#1186 = ORIENTED_EDGE ( 'NONE', *, *, #873, .F. ) ;
#1187 = DIRECTION ( 'NONE',  ( 1.000000000000000000, 0.000000000000000000, 0.000000000000000000 ) ) ;
#1188 = APPROVAL_STATUS ( 'not_yet_approved' ) ;
#1189 = FACE_OUTER_BOUND ( 'NONE', #977, .T. ) ;
#1190 = ORIENTED_EDGE ( 'NONE', *, *, #1368, .F. ) ;
#1191 = LINE ( 'NONE', #1909, #753 ) ;
#1192 = DIRECTION ( 'NONE',  ( -0.000000000000000000, 0.000000000000000000, -1.000000000000000000 ) ) ;
#1193 = CARTESIAN_POINT ( 'NONE',  ( -31.02715374255727454, 13.39671154104388506, 11.80000000000000071 ) ) ;
#1194 = VERTEX_POINT ( 'NONE', #1406 ) ;
#1195 = EDGE_CURVE ( 'NONE', #2074, #921, #1888, .T. ) ;
#1196 = EDGE_LOOP ( 'NONE', ( #453, #2096 ) ) ;
#1197 = DIRECTION ( 'NONE',  ( 0.000000000000000000, 0.000000000000000000, 1.000000000000000000 ) ) ;
#1198 = CARTESIAN_POINT ( 'NONE',  ( 36.23064384689489970, 10.12456649975535505, 11.80000000000000071 ) ) ;
#1199 = EDGE_CURVE ( 'NONE', #1537, #1692, #1962, .T. ) ;
#1200 = FACE_OUTER_BOUND ( 'NONE', #1332, .T. ) ;
#1201 = ORIENTED_EDGE ( 'NONE', *, *, #1128, .T. ) ;
#1202 = ORIENTED_EDGE ( 'NONE', *, *, #1799, .T. ) ;
#1203 = FACE_OUTER_BOUND ( 'NONE', #1681, .T. ) ;
#1204 = FACE_BOUND ( 'NONE', #1883, .T. ) ;
#1205 = CARTESIAN_POINT ( 'NONE',  ( 27.27980021920963338, 15.75000000000031974, 0.000000000000000000 ) ) ;
#1206 = ORIENTED_EDGE ( 'NONE', *, *, #391, .T. ) ;
#1207 = PLANE ( 'NONE',  #974 ) ;
#1208 = ADVANCED_FACE ( 'NONE', ( #330 ), #499, .F. ) ;
#1209 = VERTEX_POINT ( 'NONE', #1755 ) ;
#1210 = CARTESIAN_POINT ( 'NONE',  ( 0.000000000000000000, 31.50000000000000000, 11.80000000000000071 ) ) ;
#1211 = ORIENTED_EDGE ( 'NONE', *, *, #239, .F. ) ;
#1212 = EDGE_CURVE ( 'NONE', #689, #1362, #1140, .T. ) ;
#1213 = DIRECTION ( 'NONE',  ( -0.000000000000000000, -0.000000000000000000, 1.000000000000000000 ) ) ;
#1214 = DIRECTION ( 'NONE',  ( -0.000000000000000000, -0.000000000000000000, -1.000000000000000000 ) ) ;
#1215 = FACE_BOUND ( 'NONE', #311, .T. ) ;
#1216 = CIRCLE ( 'NONE', #1054, 2.149999999999999023 ) ;
#1217 = CARTESIAN_POINT ( 'NONE',  ( 7.540643846894893088, 33.93456649975535555, 11.80000000000000071 ) ) ;
#1218 = EDGE_CURVE ( 'NONE', #529, #1736, #316, .T. ) ;
#1219 = VECTOR ( 'NONE', #782, 1000.000000000000000 ) ;
#1220 = AXIS2_PLACEMENT_3D ( 'NONE', #302, #1931, #821 ) ;
#1221 = DIRECTION ( 'NONE',  ( 1.000000000000000000, 0.000000000000000000, 0.000000000000000000 ) ) ;
#1222 = PERSON_AND_ORGANIZATION_ROLE ( 'design_owner' ) ;
#1223 = AXIS2_PLACEMENT_3D ( 'NONE', #728, #1651, #550 ) ;
#1224 = VECTOR ( 'NONE', #42, 1000.000000000000000 ) ;
#1225 = VECTOR ( 'NONE', #1863, 1000.000000000000000 ) ;
#1226 = DIRECTION ( 'NONE',  ( 1.000000000000000000, 0.000000000000000000, 0.000000000000000000 ) ) ;
#1227 = ORIENTED_EDGE ( 'NONE', *, *, #667, .F. ) ;
#1228 = EDGE_CURVE ( 'NONE', #630, #663, #889, .T. ) ;
#1229 = EDGE_LOOP ( 'NONE', ( #1652, #732, #2192, #1206 ) ) ;
#1230 = DIRECTION ( 'NONE',  ( 1.000000000000000000, 0.000000000000000000, 0.000000000000000000 ) ) ;
#1231 = ADVANCED_FACE ( 'NONE', ( #1792 ), #2307, .F. ) ;
#1232 = DIRECTION ( 'NONE',  ( 1.000000000000000000, 0.000000000000000000, -0.000000000000000000 ) ) ;
#1233 = CARTESIAN_POINT ( 'NONE',  ( -30.11935615310511594, 10.12456649975535505, 7.800000000000001599 ) ) ;
#1234 = LINE ( 'NONE', #1433, #2303 ) ;
#1235 = PERSON_AND_ORGANIZATION_ROLE ( 'design_supplier' ) ;
#1236 = CARTESIAN_POINT ( 'NONE',  ( 27.27980021920996379, -15.74999999999974598, 11.29999999999998295 ) ) ;
#1237 = VERTEX_POINT ( 'NONE', #717 ) ;
#1238 = DIRECTION ( 'NONE',  ( -0.000000000000000000, -0.000000000000000000, 1.000000000000000000 ) ) ;
#1239 = CONICAL_SURFACE ( 'NONE', #329, 4.424999999999998046, 0.7853981633974466137 ) ;
#1240 = EDGE_CURVE ( 'NONE', #204, #1630, #468, .T. ) ;
#1241 = ORIENTED_EDGE ( 'NONE', *, *, #199, .T. ) ;
#1242 = DIRECTION ( 'NONE',  ( 1.000000000000000000, 0.000000000000000000, 0.000000000000000000 ) ) ;
#1243 = AXIS2_PLACEMENT_3D ( 'NONE', #703, #1966, #1588 ) ;
#1244 = CARTESIAN_POINT ( 'NONE',  ( -27.27980021920975773, -15.75000000000012790, 11.80000000000000071 ) ) ;
#1245 = DIRECTION ( 'NONE',  ( -0.000000000000000000, -0.000000000000000000, -1.000000000000000000 ) ) ;
#1246 = FACE_BOUND ( 'NONE', #2042, .T. ) ;
#1247 = FACE_OUTER_BOUND ( 'NONE', #719, .T. ) ;
#1248 = CARTESIAN_POINT ( 'NONE',  ( 4.424999999999998046, 31.50000000000000000, 11.80000000000000071 ) ) ;
#1249 = CIRCLE ( 'NONE', #460, 2.150000000000002576 ) ;
#1250 = EDGE_CURVE ( 'NONE', #741, #484, #860, .T. ) ;
#1251 = DIRECTION ( 'NONE',  ( -0.000000000000000000, -0.000000000000000000, 1.000000000000000000 ) ) ;
#1252 = CIRCLE ( 'NONE', #271, 2.899999999999999911 ) ;
#1253 = DIRECTION ( 'NONE',  ( -1.000000000000000000, 0.000000000000000000, 0.000000000000000000 ) ) ;
#1254 = CIRCLE ( 'NONE', #1372, 1.750000000000000666 ) ;
#1255 = CIRCLE ( 'NONE', #618, 3.925000000000000711 ) ;
#1256 = CIRCLE ( 'NONE', #1969, 15.59999999999999964 ) ;
#1257 = CARTESIAN_POINT ( 'NONE',  ( 0.000000000000000000, 31.50000000000000000, 11.80000000000000071 ) ) ;
#1258 = FACE_OUTER_BOUND ( 'NONE', #444, .T. ) ;
#1259 = EDGE_LOOP ( 'NONE', ( #65, #1608 ) ) ;
#1260 = DIRECTION ( 'NONE',  ( 1.000000000000000000, 0.000000000000000000, 0.000000000000000000 ) ) ;
#1261 = EDGE_CURVE ( 'NONE', #359, #1886, #1564, .T. ) ;
#1262 = ORIENTED_EDGE ( 'NONE', *, *, #2063, .F. ) ;
#1263 = FACE_BOUND ( 'NONE', #96, .T. ) ;
#1264 = CARTESIAN_POINT ( 'NONE',  ( -32.26935615310511452, -9.875433500244644947, 11.80000000000000071 ) ) ;
#1265 = DIRECTION ( 'NONE',  ( -0.000000000000000000, -0.000000000000000000, -1.000000000000000000 ) ) ;
#1266 = DIRECTION ( 'NONE',  ( -0.000000000000000000, -0.000000000000000000, -1.000000000000000000 ) ) ;
#1267 = ORIENTED_EDGE ( 'NONE', *, *, #622, .F. ) ;
#1268 = AXIS2_PLACEMENT_3D ( 'NONE', #1977, #1265, #1440 ) ;
#1269 = FACE_OUTER_BOUND ( 'NONE', #1873, .T. ) ;
#1270 = ORIENTED_EDGE ( 'NONE', *, *, #692, .F. ) ;
#1271 = ORIENTED_EDGE ( 'NONE', *, *, #1694, .F. ) ;
#1272 = DIRECTION ( 'NONE',  ( 0.000000000000000000, 0.000000000000000000, -1.000000000000000000 ) ) ;
#1273 = VECTOR ( 'NONE', #1514, 1000.000000000000000 ) ;
#1274 = ADVANCED_FACE ( 'NONE', ( #2139 ), #1067, .F. ) ;
#1275 = ORIENTED_EDGE ( 'NONE', *, *, #325, .T. ) ;
#1276 = FACE_OUTER_BOUND ( 'NONE', #988, .T. ) ;
#1277 = CARTESIAN_POINT ( 'NONE',  ( 2.199633243471174140E-13, -31.50000000000000000, 11.30000000000000426 ) ) ;
#1278 = VERTEX_POINT ( 'NONE', #1617 ) ;
#1279 = ORIENTED_EDGE ( 'NONE', *, *, #1212, .F. ) ;
#1280 = CARTESIAN_POINT ( 'NONE',  ( -3.924999999999999822, 31.50000000000000000, 11.80000000000000071 ) ) ;
#1281 = VECTOR ( 'NONE', #832, 1000.000000000000000 ) ;
#1282 = AXIS2_PLACEMENT_3D ( 'NONE', #1644, #769, #1296 ) ;
#1283 = CARTESIAN_POINT ( 'NONE',  ( -8.829356153105113236, 33.93456649975535555, 7.800000000000001599 ) ) ;
#1284 = AXIS2_PLACEMENT_3D ( 'NONE', #174, #887, #714 ) ;
#1285 = CIRCLE ( 'NONE', #346, 2.899999999999999911 ) ;
#1286 = EDGE_CURVE ( 'NONE', #1322, #1185, #1047, .T. ) ;
#1287 = DIRECTION ( 'NONE',  ( -0.000000000000000000, -0.000000000000000000, 1.000000000000000000 ) ) ;
#1288 = ORIENTED_EDGE ( 'NONE', *, *, #633, .T. ) ;
#1289 = AXIS2_PLACEMENT_3D ( 'NONE', #447, #652, #1179 ) ;
#1290 = DIRECTION ( 'NONE',  ( 1.000000000000000000, 0.000000000000000000, 0.000000000000000000 ) ) ;
#1291 = EDGE_CURVE ( 'NONE', #1123, #570, #1662, .T. ) ;
#1292 = CARTESIAN_POINT ( 'NONE',  ( -8.829356153105113236, -33.68543350024464189, 0.000000000000000000 ) ) ;
#1293 = DIRECTION ( 'NONE',  ( -0.000000000000000000, -0.000000000000000000, -1.000000000000000000 ) ) ;
#1294 = ORIENTED_EDGE ( 'NONE', *, *, #972, .T. ) ;
#1295 = ORIENTED_EDGE ( 'NONE', *, *, #457, .F. ) ;
#1296 = DIRECTION ( 'NONE',  ( 1.000000000000000000, 0.000000000000000000, 0.000000000000000000 ) ) ;
#1297 = DIRECTION ( 'NONE',  ( 1.000000000000000000, 0.000000000000000000, 0.000000000000000000 ) ) ;
#1298 = ORIENTED_EDGE ( 'NONE', *, *, #479, .F. ) ;
#1299 = FACE_OUTER_BOUND ( 'NONE', #1229, .T. ) ;
#1300 = VERTEX_POINT ( 'NONE', #1396 ) ;
#1301 = LINE ( 'NONE', #245, #804 ) ;
#1302 = EDGE_CURVE ( 'NONE', #1983, #1512, #1234, .T. ) ;
#1303 = DIRECTION ( 'NONE',  ( -0.000000000000000000, -0.000000000000000000, 1.000000000000000000 ) ) ;
#1304 = CARTESIAN_POINT ( 'NONE',  ( -23.35480021920985294, 15.74999999999993783, 11.29999999999998828 ) ) ;
#1305 = EDGE_CURVE ( 'NONE', #121, #204, #1940, .T. ) ;
#1306 = ORIENTED_EDGE ( 'NONE', *, *, #848, .T. ) ;
#1307 = VERTEX_POINT ( 'NONE', #700 ) ;
#1308 = DIRECTION ( 'NONE',  ( -0.000000000000000000, -0.000000000000000000, -1.000000000000000000 ) ) ;
#1309 = DIRECTION ( 'NONE',  ( -0.000000000000000000, -0.000000000000000000, 1.000000000000000000 ) ) ;
#1310 = ORIENTED_EDGE ( 'NONE', *, *, #1053, .F. ) ;
#1311 = LOCAL_TIME ( 10, 42, 17.00000000000000000, #2285 ) ;
#1312 = EDGE_LOOP ( 'NONE', ( #1669, #1640, #746, #19 ) ) ;
#1313 = DIRECTION ( 'NONE',  ( -0.000000000000000000, -0.000000000000000000, 1.000000000000000000 ) ) ;
#1314 = CARTESIAN_POINT ( 'NONE',  ( -23.35480021920975702, -15.75000000000012790, 0.000000000000000000 ) ) ;
#1315 = DIRECTION ( 'NONE',  ( 1.000000000000000000, 0.000000000000000000, 0.000000000000000000 ) ) ;
#1316 = ORIENTED_EDGE ( 'NONE', *, *, #716, .F. ) ;
#1317 = EDGE_CURVE ( 'NONE', #1810, #551, #1439, .T. ) ;
#1318 = ORIENTED_EDGE ( 'NONE', *, *, #882, .T. ) ;
#1319 = DIRECTION ( 'NONE',  ( -0.000000000000000000, -0.000000000000000000, -1.000000000000000000 ) ) ;
#1320 = CARTESIAN_POINT ( 'NONE',  ( -8.829356153105113236, 33.93456649975535555, 7.800000000000001599 ) ) ;
#1321 = FACE_OUTER_BOUND ( 'NONE', #1804, .T. ) ;
#1322 = VERTEX_POINT ( 'NONE', #1836 ) ;
#1323 = CARTESIAN_POINT ( 'NONE',  ( -29.38486829570691938, -11.85778811042980152, 11.80000000000000071 ) ) ;
#1324 = AXIS2_PLACEMENT_3D ( 'NONE', #1580, #1938, #2311 ) ;
#1325 = ORIENTED_EDGE ( 'NONE', *, *, #226, .F. ) ;
#1326 = DIRECTION ( 'NONE',  ( -0.000000000000000000, -0.000000000000000000, 1.000000000000000000 ) ) ;
#1327 = AXIS2_PLACEMENT_3D ( 'NONE', #1000, #1699, #255 ) ;
#1328 = DIRECTION ( 'NONE',  ( 0.000000000000000000, 0.000000000000000000, -1.000000000000000000 ) ) ;
#1329 = AXIS2_PLACEMENT_3D ( 'NONE', #1042, #2113, #2271 ) ;
#1330 = VECTOR ( 'NONE', #371, 1000.000000000000000 ) ;
#1331 = DIRECTION ( 'NONE',  ( -0.000000000000000000, -0.000000000000000000, 1.000000000000000000 ) ) ;
#1332 = EDGE_LOOP ( 'NONE', ( #960, #2171, #691, #1037 ) ) ;
#1333 = ORIENTED_EDGE ( 'NONE', *, *, #1497, .T. ) ;
#1334 = LINE ( 'NONE', #1539, #1043 ) ;
#1335 = DIRECTION ( 'NONE',  ( -0.000000000000000000, -0.000000000000000000, 1.000000000000000000 ) ) ;
#1336 = EDGE_CURVE ( 'NONE', #593, #2210, #1928, .T. ) ;
#1337 = DIRECTION ( 'NONE',  ( -0.000000000000000000, -0.000000000000000000, 1.000000000000000000 ) ) ;
#1338 = ORIENTED_EDGE ( 'NONE', *, *, #2284, .F. ) ;
#1339 = DIRECTION ( 'NONE',  ( -0.000000000000000000, 0.000000000000000000, -1.000000000000000000 ) ) ;
#1340 = VERTEX_POINT ( 'NONE', #1304 ) ;
#1341 = DIRECTION ( 'NONE',  ( -1.000000000000000000, 0.000000000000000000, 0.000000000000000000 ) ) ;
#1342 = CARTESIAN_POINT ( 'NONE',  ( 27.27980021920963338, 15.75000000000031974, 11.80000000000000071 ) ) ;
#1343 = LINE ( 'NONE', #153, #1701 ) ;
#1344 = ORIENTED_EDGE ( 'NONE', *, *, #894, .F. ) ;
#1345 = ORIENTED_EDGE ( 'NONE', *, *, #1787, .F. ) ;
#1346 = APPROVAL_ROLE ( '' ) ;
#1347 = CIRCLE ( 'NONE', #115, 15.59999999999999964 ) ;
#1348 = DIRECTION ( 'NONE',  ( -0.000000000000000000, -0.000000000000000000, -1.000000000000000000 ) ) ;
#1349 = FACE_OUTER_BOUND ( 'NONE', #241, .T. ) ;
#1350 = EDGE_CURVE ( 'NONE', #1500, #1664, #803, .T. ) ;
#1351 = VERTEX_POINT ( 'NONE', #1141 ) ;
#1352 = FACE_OUTER_BOUND ( 'NONE', #1486, .T. ) ;
#1353 = ORGANIZATION ( 'æœª', 'æœª', '' ) ;
#1354 = FACE_OUTER_BOUND ( 'NONE', #1259, .T. ) ;
#1355 = EDGE_CURVE ( 'NONE', #1961, #664, #1776, .T. ) ;
#1356 = CARTESIAN_POINT ( 'NONE',  ( -35.76935615310511452, -9.875433500244644947, 7.800000000000001599 ) ) ;
#1357 = ORIENTED_EDGE ( 'NONE', *, *, #894, .T. ) ;
#1358 = EDGE_LOOP ( 'NONE', ( #635, #415, #67, #577 ) ) ;
#1359 = CARTESIAN_POINT ( 'NONE',  ( -3.924999999999999822, 31.50000000000000000, 0.000000000000000000 ) ) ;
#1360 = PERSON_AND_ORGANIZATION ( #2189, #1353 ) ;
#1361 = CARTESIAN_POINT ( 'NONE',  ( -8.829356153105113236, -33.68543350024464189, 7.800000000000001599 ) ) ;
#1362 = VERTEX_POINT ( 'NONE', #1126 ) ;
#1363 = AXIS2_PLACEMENT_3D ( 'NONE', #1292, #1328, #1638 ) ;
#1364 = ORIENTED_EDGE ( 'NONE', *, *, #178, .T. ) ;
#1365 = DIRECTION ( 'NONE',  ( -0.000000000000000000, -0.000000000000000000, -1.000000000000000000 ) ) ;
#1366 = CIRCLE ( 'NONE', #1177, 3.924999999999999822 ) ;
#1367 = FACE_BOUND ( 'NONE', #2209, .T. ) ;
#1368 = EDGE_CURVE ( 'NONE', #114, #645, #762, .T. ) ;
#1369 = CARTESIAN_POINT ( 'NONE',  ( -30.29840717914858672, 13.01896594908876992, 11.44424251941170745 ) ) ;
#1370 = CIRCLE ( 'NONE', #342, 1.750000000000000666 ) ;
#1371 = ORIENTED_EDGE ( 'NONE', *, *, #242, .T. ) ;
#1372 = AXIS2_PLACEMENT_3D ( 'NONE', #916, #1635, #2185 ) ;
#1373 = AXIS2_PLACEMENT_3D ( 'NONE', #1929, #2147, #348 ) ;
#1374 = AXIS2_PLACEMENT_3D ( 'NONE', #2163, #2023, #1124 ) ;
#1375 = ORIENTED_EDGE ( 'NONE', *, *, #619, .T. ) ;
#1376 = CARTESIAN_POINT ( 'NONE',  ( -31.20480021920985791, 15.74999999999993783, 11.80000000000000071 ) ) ;
#1377 = DIRECTION ( 'NONE',  ( -0.000000000000000000, -0.000000000000000000, -1.000000000000000000 ) ) ;
#1378 = AXIS2_PLACEMENT_3D ( 'NONE', #1205, #816, #610 ) ;
#1379 = CARTESIAN_POINT ( 'NONE',  ( 0.000000000000000000, 0.000000000000000000, 0.000000000000000000 ) ) ;
#1380 = VERTEX_POINT ( 'NONE', #404 ) ;
#1381 = ORIENTED_EDGE ( 'NONE', *, *, #143, .T. ) ;
#1382 = CARTESIAN_POINT ( 'NONE',  ( 34.88064384689489827, 10.12456649975535505, 11.80000000000000071 ) ) ;
#1383 = EDGE_CURVE ( 'NONE', #1237, #1004, #344, .T. ) ;
#1384 = CARTESIAN_POINT ( 'NONE',  ( 15.59999999999999964, 1.910449006669870914E-15, 11.80000000000000071 ) ) ;
#1385 = ORIENTED_EDGE ( 'NONE', *, *, #1386, .T. ) ;
#1386 = EDGE_CURVE ( 'NONE', #921, #2074, #1624, .T. ) ;
#1387 = CALENDAR_DATE ( 2026, 16, 5 ) ;
#1388 = CARTESIAN_POINT ( 'NONE',  ( 32.73064384689489970, -9.875433500244644947, 7.800000000000001599 ) ) ;
#1389 = ORIENTED_EDGE ( 'NONE', *, *, #1544, .T. ) ;
#1390 = CIRCLE ( 'NONE', #1159, 3.499999999999999556 ) ;
#1391 = CYLINDRICAL_SURFACE ( 'NONE', #1131, 3.499999999999999556 ) ;
#1392 = CARTESIAN_POINT ( 'NONE',  ( 30.58064384689489756, -9.875433500244644947, 0.000000000000000000 ) ) ;
#1393 = DIRECTION ( 'NONE',  ( 0.000000000000000000, 0.000000000000000000, 1.000000000000000000 ) ) ;
#1394 = DIRECTION ( 'NONE',  ( -0.000000000000000000, -0.000000000000000000, -1.000000000000000000 ) ) ;
#1395 = AXIS2_PLACEMENT_3D ( 'NONE', #81, #68, #780 ) ;
#1396 = CARTESIAN_POINT ( 'NONE',  ( 12.19064384689489344, 33.93456649975535555, 11.80000000000000071 ) ) ;
#1397 = CARTESIAN_POINT ( 'NONE',  ( -27.27980021920975773, -15.75000000000012790, 11.29999999999998828 ) ) ;
#1398 = EDGE_CURVE ( 'NONE', #1864, #1491, #1444, .T. ) ;
#1399 = CC_DESIGN_PERSON_AND_ORGANIZATION_ASSIGNMENT ( #2059, #1018, ( #1148 ) ) ;
#1400 = DIRECTION ( 'NONE',  ( -0.000000000000000000, -0.000000000000000000, 1.000000000000000000 ) ) ;
#1401 = ORIENTED_EDGE ( 'NONE', *, *, #985, .F. ) ;
#1402 = DIRECTION ( 'NONE',  ( 1.000000000000000000, 0.000000000000000000, 0.000000000000000000 ) ) ;
#1403 = DIRECTION ( 'NONE',  ( 1.000000000000000000, 0.000000000000000000, 0.000000000000000000 ) ) ;
#1404 = VERTEX_POINT ( 'NONE', #1678 ) ;
#1405 = DIRECTION ( 'NONE',  ( -1.000000000000000000, 0.000000000000000000, 0.000000000000000000 ) ) ;
#1406 = CARTESIAN_POINT ( 'NONE',  ( 31.20480021920996094, -15.74999999999974598, 11.29999999999998295 ) ) ;
#1407 = AXIS2_PLACEMENT_3D ( 'NONE', #357, #1076, #175 ) ;
#1408 = AXIS2_PLACEMENT_3D ( 'NONE', #2045, #276, #995 ) ;
#1409 = ORIENTED_EDGE ( 'NONE', *, *, #2134, .F. ) ;
#1410 = CONICAL_SURFACE ( 'NONE', #1060, 4.425000000000012257, 0.7853981633974473908 ) ;
#1411 = ADVANCED_FACE ( 'NONE', ( #920 ), #950, .F. ) ;
#1412 = CYLINDRICAL_SURFACE ( 'NONE', #872, 3.500000000000003109 ) ;
#1413 = EDGE_LOOP ( 'NONE', ( #1270, #991, #2234, #1766, #1190, #412 ) ) ;
#1414 = CC_DESIGN_PERSON_AND_ORGANIZATION_ASSIGNMENT ( #1091, #1078, ( #2206 ) ) ;
#1415 = DIRECTION ( 'NONE',  ( -1.000000000000000000, 0.000000000000000000, 0.000000000000000000 ) ) ;
#1416 = CARTESIAN_POINT ( 'NONE',  ( 32.73064384689489970, 10.12456649975535505, 7.800000000000001599 ) ) ;
#1417 = ORIENTED_EDGE ( 'NONE', *, *, #2017, .T. ) ;
#1418 = DIRECTION ( 'NONE',  ( -0.000000000000000000, -0.000000000000000000, -1.000000000000000000 ) ) ;
#1419 = CARTESIAN_POINT ( 'NONE',  ( -32.26935615310511452, 10.12456649975535505, 7.800000000000001599 ) ) ;
#1420 = CARTESIAN_POINT ( 'NONE',  ( -32.26935615310511452, -9.875433500244644947, 7.800000000000001599 ) ) ;
#1421 = ORIENTED_EDGE ( 'NONE', *, *, #1892, .T. ) ;
#1422 = DIRECTION ( 'NONE',  ( 1.000000000000000000, 0.000000000000000000, 0.000000000000000000 ) ) ;
#1423 = LINE ( 'NONE', #1598, #1737 ) ;
#1424 = EDGE_CURVE ( 'NONE', #593, #718, #1485, .T. ) ;
#1425 = AXIS2_PLACEMENT_3D ( 'NONE', #2304, #1418, #1162 ) ;
#1426 = DIRECTION ( 'NONE',  ( -1.000000000000000000, 0.000000000000000000, 0.000000000000000000 ) ) ;
#1427 = EDGE_CURVE ( 'NONE', #2257, #1802, #14, .T. ) ;
#1428 = CARTESIAN_POINT ( 'NONE',  ( 0.000000000000000000, 0.000000000000000000, 11.80000000000000071 ) ) ;
#1429 = DIRECTION ( 'NONE',  ( 1.000000000000000000, 0.000000000000000000, 0.000000000000000000 ) ) ;
#1430 = CARTESIAN_POINT ( 'NONE',  ( -29.38486829570691938, -11.85778811042980152, 11.80000000000000071 ) ) ;
#1431 = ORIENTED_EDGE ( 'NONE', *, *, #2031, .F. ) ;
#1432 = EDGE_CURVE ( 'NONE', #283, #1864, #1255, .T. ) ;
#1433 = CARTESIAN_POINT ( 'NONE',  ( -35.76935615310511452, 10.12456649975535505, 7.800000000000001599 ) ) ;
#1434 = APPROVAL_DATE_TIME ( #730, #156 ) ;
#1435 = ORIENTED_EDGE ( 'NONE', *, *, #1083, .F. ) ;
#1436 = CARTESIAN_POINT ( 'NONE',  ( -8.829356153105113236, -33.68543350024464189, 11.80000000000000071 ) ) ;
#1437 = ADVANCED_BREP_SHAPE_REPRESENTATION ( '\X2\6cd551705e955ea7\X0\robotiq-tb6r5\X2\70ed719487ba6bcd7248672c\X0\', ( #1726, #33 ), #1982 ) ;
#1438 = AXIS2_PLACEMENT_3D ( 'NONE', #2228, #1712, #813 ) ;
#1439 = CIRCLE ( 'NONE', #1806, 3.499999999999999556 ) ;
#1440 = DIRECTION ( 'NONE',  ( -1.000000000000000000, 0.000000000000000000, 0.000000000000000000 ) ) ;
#1441 = CARTESIAN_POINT ( 'NONE',  ( 27.27980021920963338, 15.75000000000031974, 11.80000000000000071 ) ) ;
#1442 = ORIENTED_EDGE ( 'NONE', *, *, #619, .F. ) ;
#1443 = CARTESIAN_POINT ( 'NONE',  ( 0.000000000000000000, 0.000000000000000000, 11.80000000000000071 ) ) ;
#1444 = LINE ( 'NONE', #195, #660 ) ;
#1445 = EDGE_LOOP ( 'NONE', ( #1567, #140 ) ) ;
#1446 = APPROVAL_STATUS ( 'not_yet_approved' ) ;
#1447 = ADVANCED_FACE ( 'NONE', ( #1980 ), #1498, .F. ) ;
#1448 = ORIENTED_EDGE ( 'NONE', *, *, #171, .F. ) ;
#1449 = CARTESIAN_POINT ( 'NONE',  ( -3.924999999999999822, 31.50000000000000000, 11.30000000000000071 ) ) ;
#1450 = DIRECTION ( 'NONE',  ( 0.000000000000000000, 0.000000000000000000, 1.000000000000000000 ) ) ;
#1451 = VERTEX_POINT ( 'NONE', #2155 ) ;
#1452 = CARTESIAN_POINT ( 'NONE',  ( 32.73064384689489970, -9.875433500244644947, 11.80000000000000071 ) ) ;
#1453 = VECTOR ( 'NONE', #182, 1000.000000000000000 ) ;
#1454 = CARTESIAN_POINT ( 'NONE',  ( 31.70480021920997515, -15.74999999999974598, 11.80000000000000071 ) ) ;
#1455 = ORIENTED_EDGE ( 'NONE', *, *, #566, .F. ) ;
#1456 = ORIENTED_EDGE ( 'NONE', *, *, #1021, .F. ) ;
#1457 = DIRECTION ( 'NONE',  ( -0.000000000000000000, -0.000000000000000000, -1.000000000000000000 ) ) ;
#1458 = EDGE_CURVE ( 'NONE', #2318, #131, #541, .T. ) ;
#1459 = ADVANCED_FACE ( 'NONE', ( #1269 ), #2002, .F. ) ;
#1460 = CARTESIAN_POINT ( 'NONE',  ( -11.72935615310511359, 33.93456649975535555, 11.80000000000000071 ) ) ;
#1461 = CIRCLE ( 'NONE', #417, 2.149999999999999023 ) ;
#1462 = CARTESIAN_POINT ( 'NONE',  ( -22.85480021920984228, 15.74999999999993783, 11.80000000000000071 ) ) ;
#1463 = ORIENTED_EDGE ( 'NONE', *, *, #2319, .F. ) ;
#1464 = CARTESIAN_POINT ( 'NONE',  ( 32.73064384689489970, 10.12456649975535505, 0.000000000000000000 ) ) ;
#1465 = CARTESIAN_POINT ( 'NONE',  ( -27.27980021920985365, 15.74999999999993783, 11.80000000000000071 ) ) ;
#1466 = DIRECTION ( 'NONE',  ( 1.000000000000000000, 0.000000000000000000, 0.000000000000000000 ) ) ;
#1467 = ORIENTED_EDGE ( 'NONE', *, *, #704, .F. ) ;
#1468 = AXIS2_PLACEMENT_3D ( 'NONE', #1465, #1303, #63 ) ;
#1469 = ORIENTED_EDGE ( 'NONE', *, *, #1291, .F. ) ;
#1470 = CARTESIAN_POINT ( 'NONE',  ( 7.540643846894893088, -33.68543350024464189, 0.000000000000000000 ) ) ;
#1471 = AXIS2_PLACEMENT_3D ( 'NONE', #1553, #690, #1747 ) ;
#1472 = EDGE_CURVE ( 'NONE', #1194, #485, #1089, .T. ) ;
#1473 = AXIS2_PLACEMENT_3D ( 'NONE', #1682, #2044, #1130 ) ;
#1474 = CARTESIAN_POINT ( 'NONE',  ( 39.99999999999999289, 4.898587196589412237E-15, 0.000000000000000000 ) ) ;
#1475 = EDGE_LOOP ( 'NONE', ( #366, #3, #1867, #845 ) ) ;
#1476 = VECTOR ( 'NONE', #1797, 1000.000000000000000 ) ;
#1477 = AXIS2_PLACEMENT_3D ( 'NONE', #1036, #2102, #1 ) ;
#1478 = VECTOR ( 'NONE', #1365, 1000.000000000000000 ) ;
#1479 = DIRECTION ( 'NONE',  ( 1.000000000000000000, 0.000000000000000000, 0.000000000000000000 ) ) ;
#1480 = EDGE_CURVE ( 'NONE', #1451, #254, #1951, .T. ) ;
#1481 = ORIENTED_EDGE ( 'NONE', *, *, #1011, .F. ) ;
#1482 = AXIS2_PLACEMENT_3D ( 'NONE', #800, #2232, #627 ) ;
#1483 = CARTESIAN_POINT ( 'NONE',  ( 27.27980021920996379, -15.74999999999974598, 11.80000000000000071 ) ) ;
#1484 = LINE ( 'NONE', #403, #2116 ) ;
#1485 = LINE ( 'NONE', #1668, #948 ) ;
#1486 = EDGE_LOOP ( 'NONE', ( #1972, #2243 ) ) ;
#1487 = ORIENTED_EDGE ( 'NONE', *, *, #1985, .F. ) ;
#1488 = CARTESIAN_POINT ( 'NONE',  ( -27.27980021920985365, 15.74999999999993783, 11.80000000000000071 ) ) ;
#1489 = CARTESIAN_POINT ( 'NONE',  ( 27.27980021920996379, -15.74999999999974598, 11.80000000000000071 ) ) ;
#1490 = FACE_OUTER_BOUND ( 'NONE', #1079, .T. ) ;
#1491 = VERTEX_POINT ( 'NONE', #1153 ) ;
#1492 = CARTESIAN_POINT ( 'NONE',  ( 9.290643846894893088, 33.93456649975535555, 7.800000000000001599 ) ) ;
#1493 = ORIENTED_EDGE ( 'NONE', *, *, #1199, .T. ) ;
#1494 = CARTESIAN_POINT ( 'NONE',  ( -31.02715374255727454, 13.39671154104388506, 11.80000000000000071 ) ) ;
#1495 = ADVANCED_FACE ( 'NONE', ( #2054, #1912 ), #2273, .T. ) ;
#1496 = DIRECTION ( 'NONE',  ( 1.000000000000000000, 0.000000000000000000, 0.000000000000000000 ) ) ;
#1497 = EDGE_CURVE ( 'NONE', #1537, #1340, #2114, .T. ) ;
#1498 = CYLINDRICAL_SURFACE ( 'NONE', #612, 15.59999999999999964 ) ;
#1499 = ORIENTED_EDGE ( 'NONE', *, *, #1118, .F. ) ;
#1500 = VERTEX_POINT ( 'NONE', #1510 ) ;
#1501 = CARTESIAN_POINT ( 'NONE',  ( 0.000000000000000000, 0.000000000000000000, 11.80000000000000071 ) ) ;
#1502 = DIRECTION ( 'NONE',  ( 1.000000000000000000, 0.000000000000000000, 0.000000000000000000 ) ) ;
#1503 = LINE ( 'NONE', #770, #1841 ) ;
#1504 = CARTESIAN_POINT ( 'NONE',  ( -8.829356153105113236, 33.93456649975535555, 0.000000000000000000 ) ) ;
#1505 = ORIENTED_EDGE ( 'NONE', *, *, #1573, .T. ) ;
#1506 = DIRECTION ( 'NONE',  ( 1.000000000000000000, 0.000000000000000000, 0.000000000000000000 ) ) ;
#1507 = CYLINDRICAL_SURFACE ( 'NONE', #1653, 2.899999999999999911 ) ;
#1508 = EDGE_CURVE ( 'NONE', #1340, #1537, #1064, .T. ) ;
#1509 = B_SPLINE_CURVE_WITH_KNOTS ( 'NONE', 3,
 ( #1869, #82, #755, #58, #397, #1672 ),
 .UNSPECIFIED., .F., .F.,
 ( 4, 2, 4 ),
 ( 0.000000000000000000, 0.0006068647715187802140, 0.001213729543037560428 ),
 .UNSPECIFIED. ) ;
#1510 = CARTESIAN_POINT ( 'NONE',  ( 12.19064384689489344, -33.68543350024464189, 11.80000000000000071 ) ) ;
#1511 = ORIENTED_EDGE ( 'NONE', *, *, #1115, .T. ) ;
#1512 = VERTEX_POINT ( 'NONE', #1561 ) ;
#1513 = CYLINDRICAL_SURFACE ( 'NONE', #28, 3.924999999999999822 ) ;
#1514 = DIRECTION ( 'NONE',  ( 0.7071067811865463515, 0.000000000000000000, 0.7071067811865487940 ) ) ;
#1515 = AXIS2_PLACEMENT_3D ( 'NONE', #230, #946, #760 ) ;
#1516 = CARTESIAN_POINT ( 'NONE',  ( 11.04064384689489309, 33.93456649975535555, 7.800000000000001599 ) ) ;
#1517 = ORIENTED_EDGE ( 'NONE', *, *, #897, .F. ) ;
#1518 = AXIS2_PLACEMENT_3D ( 'NONE', #1856, #251, #428 ) ;
#1519 = DIRECTION ( 'NONE',  ( -0.000000000000000000, -0.000000000000000000, -1.000000000000000000 ) ) ;
#1520 = AXIS2_PLACEMENT_3D ( 'NONE', #213, #225, #2030 ) ;
#1521 = ORIENTED_EDGE ( 'NONE', *, *, #2282, .T. ) ;
#1522 = DIRECTION ( 'NONE',  ( 1.000000000000000000, 0.000000000000000000, 0.000000000000000000 ) ) ;
#1523 = VECTOR ( 'NONE', #1607, 999.9999999999998863 ) ;
#1524 = AXIS2_PLACEMENT_3D ( 'NONE', #1483, #1313, #1290 ) ;
#1525 = DIRECTION ( 'NONE',  ( 1.000000000000000000, 0.000000000000000000, 0.000000000000000000 ) ) ;
#1526 = AXIS2_PLACEMENT_3D ( 'NONE', #267, #2255, #668 ) ;
#1527 = LINE ( 'NONE', #2213, #1225 ) ;
#1528 = ORIENTED_EDGE ( 'NONE', *, *, #972, .F. ) ;
#1529 = ORIENTED_EDGE ( 'NONE', *, *, #545, .F. ) ;
#1530 = EDGE_CURVE ( 'NONE', #551, #114, #1893, .T. ) ;
#1531 = LINE ( 'NONE', #1695, #1801 ) ;
#1532 = CARTESIAN_POINT ( 'NONE',  ( 27.27980021920963338, 15.75000000000031974, 11.80000000000000071 ) ) ;
#1533 = ORIENTED_EDGE ( 'NONE', *, *, #1250, .T. ) ;
#1534 = DIRECTION ( 'NONE',  ( -0.000000000000000000, -0.000000000000000000, -1.000000000000000000 ) ) ;
#1535 = DIRECTION ( 'NONE',  ( 1.000000000000000000, 0.000000000000000000, 0.000000000000000000 ) ) ;
#1536 = ORIENTED_EDGE ( 'NONE', *, *, #210, .F. ) ;
#1537 = VERTEX_POINT ( 'NONE', #477 ) ;
#1538 = ORIENTED_EDGE ( 'NONE', *, *, #775, .F. ) ;
#1539 = CARTESIAN_POINT ( 'NONE',  ( -23.35480021920975702, -15.75000000000012790, 11.80000000000000071 ) ) ;
#1540 = APPLICATION_PROTOCOL_DEFINITION ( 'international standard', 'config_control_design', 1994, #560 ) ;
#1541 = EDGE_CURVE ( 'NONE', #1864, #513, #1527, .T. ) ;
#1542 = CARTESIAN_POINT ( 'NONE',  ( -30.11935615310511594, -9.875433500244644947, 0.000000000000000000 ) ) ;
#1543 = ORIENTED_EDGE ( 'NONE', *, *, #1976, .T. ) ;
#1544 = EDGE_CURVE ( 'NONE', #1853, #298, #578, .T. ) ;
#1545 = VERTEX_POINT ( 'NONE', #2242 ) ;
#1546 = CYLINDRICAL_SURFACE ( 'NONE', #1777, 1.750000000000000666 ) ;
#1547 = DIRECTION ( 'NONE',  ( -0.000000000000000000, -0.000000000000000000, 1.000000000000000000 ) ) ;
#1548 = DIRECTION ( 'NONE',  ( -0.000000000000000000, -0.000000000000000000, 1.000000000000000000 ) ) ;
#1549 = ORIENTED_EDGE ( 'NONE', *, *, #882, .F. ) ;
#1550 = ORIENTED_EDGE ( 'NONE', *, *, #859, .T. ) ;
#1551 = DIRECTION ( 'NONE',  ( 1.000000000000000000, 0.000000000000000000, -0.000000000000000000 ) ) ;
#1552 = AXIS2_PLACEMENT_3D ( 'NONE', #266, #983, #636 ) ;
#1553 = CARTESIAN_POINT ( 'NONE',  ( 27.27980021920996379, -15.74999999999974598, 11.29999999999998295 ) ) ;
#1554 = ORIENTED_EDGE ( 'NONE', *, *, #2110, .T. ) ;
#1555 = ADVANCED_FACE ( 'NONE', ( #1902, #828 ), #976, .T. ) ;
#1556 = AXIS2_PLACEMENT_3D ( 'NONE', #2190, #2201, #1835 ) ;
#1557 = ORIENTED_EDGE ( 'NONE', *, *, #1427, .T. ) ;
#1558 = CYLINDRICAL_SURFACE ( 'NONE', #549, 3.925000000000001599 ) ;
#1559 = CONICAL_SURFACE ( 'NONE', #841, 4.424999999999998046, 0.7853981633974466137 ) ;
#1560 = FACE_BOUND ( 'NONE', #2005, .T. ) ;
#1561 = CARTESIAN_POINT ( 'NONE',  ( -35.76935615310511452, 10.12456649975535505, 11.80000000000000071 ) ) ;
#1562 = ORIENTED_EDGE ( 'NONE', *, *, #1383, .T. ) ;
#1563 = AXIS2_PLACEMENT_3D ( 'NONE', #442, #2250, #958 ) ;
#1564 = CIRCLE ( 'NONE', #1061, 39.99999999999999289 ) ;
#1565 = COORDINATED_UNIVERSAL_TIME_OFFSET ( 8, 0, .AHEAD. ) ;
#1566 = FACE_OUTER_BOUND ( 'NONE', #1358, .T. ) ;
#1567 = ORIENTED_EDGE ( 'NONE', *, *, #2046, .T. ) ;
#1568 = VERTEX_POINT ( 'NONE', #1384 ) ;
#1569 = CARTESIAN_POINT ( 'NONE',  ( 32.73064384689489970, 10.12456649975535505, 7.800000000000001599 ) ) ;
#1570 = CARTESIAN_POINT ( 'NONE',  ( -30.11935615310511594, 10.12456649975535505, 11.80000000000000071 ) ) ;
#1571 = ADVANCED_FACE ( 'NONE', ( #1702 ), #1665, .F. ) ;
#1572 = DIRECTION ( 'NONE',  ( -0.000000000000000000, -0.000000000000000000, -1.000000000000000000 ) ) ;
#1573 = EDGE_CURVE ( 'NONE', #830, #1500, #787, .T. ) ;
#1574 = EDGE_CURVE ( 'NONE', #1340, #1117, #986, .T. ) ;
#1575 = PERSON_AND_ORGANIZATION ( #2189, #1353 ) ;
#1576 = DIRECTION ( 'NONE',  ( -0.000000000000000000, -0.000000000000000000, 1.000000000000000000 ) ) ;
#1577 = ORIENTED_EDGE ( 'NONE', *, *, #1875, .T. ) ;
#1578 = CARTESIAN_POINT ( 'NONE',  ( -32.26935615310511452, -9.875433500244644947, 7.800000000000001599 ) ) ;
#1579 = DIRECTION ( 'NONE',  ( 1.000000000000000000, 0.000000000000000000, 0.000000000000000000 ) ) ;
#1580 = CARTESIAN_POINT ( 'NONE',  ( 0.000000000000000000, 0.000000000000000000, 0.000000000000000000 ) ) ;
#1581 = CC_DESIGN_APPROVAL ( #1085, ( #2247 ) ) ;
#1582 = ADVANCED_FACE ( 'NONE', ( #2090, #102 ), #1025, .T. ) ;
#1583 = CARTESIAN_POINT ( 'NONE',  ( -5.929356153105113769, -33.68543350024464189, 7.800000000000001599 ) ) ;
#1584 = PERSON_AND_ORGANIZATION ( #2189, #1353 ) ;
#1585 = DIRECTION ( 'NONE',  ( 1.000000000000000000, 0.000000000000000000, 0.000000000000000000 ) ) ;
#1586 = ORIENTED_EDGE ( 'NONE', *, *, #1305, .T. ) ;
#1587 = CYLINDRICAL_SURFACE ( 'NONE', #45, 1.750000000000000666 ) ;
#1588 = DIRECTION ( 'NONE',  ( 1.000000000000000000, 0.000000000000000000, 0.000000000000000000 ) ) ;
#1589 = ORIENTED_EDGE ( 'NONE', *, *, #1398, .F. ) ;
#1590 = CYLINDRICAL_SURFACE ( 'NONE', #281, 2.899999999999999911 ) ;
#1591 = AXIS2_PLACEMENT_3D ( 'NONE', #1320, #616, #236 ) ;
#1592 = DIRECTION ( 'NONE',  ( -0.000000000000000000, -0.000000000000000000, 1.000000000000000000 ) ) ;
#1593 = CIRCLE ( 'NONE', #277, 2.150000000000002576 ) ;
#1594 = CIRCLE ( 'NONE', #508, 3.924999999999999822 ) ;
#1595 = AXIS2_PLACEMENT_3D ( 'NONE', #1244, #2128, #498 ) ;
#1596 = FACE_BOUND ( 'NONE', #758, .T. ) ;
#1597 = EDGE_CURVE ( 'NONE', #2051, #478, #878, .T. ) ;
#1598 = CARTESIAN_POINT ( 'NONE',  ( -4.424999999999998046, 31.50000000000000000, 11.80000000000000071 ) ) ;
#1599 = CARTESIAN_POINT ( 'NONE',  ( 0.000000000000000000, 31.50000000000000000, 11.80000000000000071 ) ) ;
#1600 = DIRECTION ( 'NONE',  ( -0.000000000000000000, -0.000000000000000000, -1.000000000000000000 ) ) ;
#1601 = FACE_BOUND ( 'NONE', #1196, .T. ) ;
#1602 = ADVANCED_FACE ( 'NONE', ( #433 ), #88, .F. ) ;
#1603 = LINE ( 'NONE', #353, #1330 ) ;
#1604 = CARTESIAN_POINT ( 'NONE',  ( -29.88336831459545451, -12.44100960861236516, 11.58247733308626692 ) ) ;
#1605 = EDGE_CURVE ( 'NONE', #614, #185, #1343, .T. ) ;
#1606 = EDGE_LOOP ( 'NONE', ( #1860, #2159 ) ) ;
#1607 = DIRECTION ( 'NONE',  ( -0.7071067811865469066, 8.659560562354926695E-17, 0.7071067811865482389 ) ) ;
#1608 = ORIENTED_EDGE ( 'NONE', *, *, #788, .T. ) ;
#1609 = FACE_BOUND ( 'NONE', #2022, .T. ) ;
#1610 = LINE ( 'NONE', #5, #1075 ) ;
#1611 = EDGE_CURVE ( 'NONE', #1117, #1404, #2306, .T. ) ;
#1612 = DIRECTION ( 'NONE',  ( 0.000000000000000000, 0.000000000000000000, -1.000000000000000000 ) ) ;
#1613 = VERTEX_POINT ( 'NONE', #2169 ) ;
#1614 = CARTESIAN_POINT ( 'NONE',  ( 9.290643846894893088, 33.93456649975535555, 11.80000000000000071 ) ) ;
#1615 = EDGE_CURVE ( 'NONE', #1491, #77, #1808, .T. ) ;
#1616 = AXIS2_PLACEMENT_3D ( 'NONE', #866, #2124, #519 ) ;
#1617 = CARTESIAN_POINT ( 'NONE',  ( 31.20480021920996094, -15.74999999999974598, 0.000000000000000000 ) ) ;
#1618 = EDGE_LOOP ( 'NONE', ( #1784, #61, #462, #249 ) ) ;
#1619 = VECTOR ( 'NONE', #1818, 1000.000000000000000 ) ;
#1620 = ORIENTED_EDGE ( 'NONE', *, *, #1250, .F. ) ;
#1621 = DIRECTION ( 'NONE',  ( 0.000000000000000000, 0.000000000000000000, 1.000000000000000000 ) ) ;
#1622 = VECTOR ( 'NONE', #62, 1000.000000000000000 ) ;
#1623 = AXIS2_PLACEMENT_3D ( 'NONE', #1492, #1979, #1479 ) ;
#1624 = CIRCLE ( 'NONE', #1745, 3.924999999999999822 ) ;
#1625 = CARTESIAN_POINT ( 'NONE',  ( -32.26935615310511452, 10.12456649975535505, 11.80000000000000071 ) ) ;
#1626 = ORIENTED_EDGE ( 'NONE', *, *, #1355, .F. ) ;
#1627 = CYLINDRICAL_SURFACE ( 'NONE', #380, 1.749999999999999778 ) ;
#1628 = EDGE_CURVE ( 'NONE', #401, #308, #347, .T. ) ;
#1629 = DIRECTION ( 'NONE',  ( 1.000000000000000000, 0.000000000000000000, 0.000000000000000000 ) ) ;
#1630 = VERTEX_POINT ( 'NONE', #1460 ) ;
#1631 = EDGE_CURVE ( 'NONE', #1998, #1172, #810, .T. ) ;
#1632 = EDGE_LOOP ( 'NONE', ( #790, #265, #2016, #1156 ) ) ;
#1633 = DIRECTION ( 'NONE',  ( -1.000000000000000000, 0.000000000000000000, 0.000000000000000000 ) ) ;
#1634 = CARTESIAN_POINT ( 'NONE',  ( 6.390643846894894509, -33.68543350024464189, 11.80000000000000071 ) ) ;
#1635 = DIRECTION ( 'NONE',  ( 0.000000000000000000, 0.000000000000000000, -1.000000000000000000 ) ) ;
#1636 = ORIENTED_EDGE ( 'NONE', *, *, #1657, .T. ) ;
#1637 = DIRECTION ( 'NONE',  ( 0.000000000000000000, 0.000000000000000000, 1.000000000000000000 ) ) ;
#1638 = DIRECTION ( 'NONE',  ( -1.000000000000000000, 0.000000000000000000, 0.000000000000000000 ) ) ;
#1639 = DIRECTION ( 'NONE',  ( -0.000000000000000000, -0.000000000000000000, -1.000000000000000000 ) ) ;
#1640 = ORIENTED_EDGE ( 'NONE', *, *, #288, .T. ) ;
#1641 = EDGE_CURVE ( 'NONE', #1646, #1307, #766, .T. ) ;
#1642 = ORIENTED_EDGE ( 'NONE', *, *, #1597, .T. ) ;
#1643 = LOCAL_TIME ( 10, 42, 17.00000000000000000, #490 ) ;
#1644 = CARTESIAN_POINT ( 'NONE',  ( 32.73064384689489970, -9.875433500244644947, 7.800000000000001599 ) ) ;
#1645 = DIRECTION ( 'NONE',  ( -1.000000000000000000, 0.000000000000000000, 0.000000000000000000 ) ) ;
#1646 = VERTEX_POINT ( 'NONE', #1233 ) ;
#1647 = CARTESIAN_POINT ( 'NONE',  ( 9.290643846894893088, 33.93456649975535555, 7.800000000000001599 ) ) ;
#1648 = EDGE_LOOP ( 'NONE', ( #1442, #2256, #218, #1288, #289, #2151 ) ) ;
#1649 = DIRECTION ( 'NONE',  ( 0.000000000000000000, 0.000000000000000000, 1.000000000000000000 ) ) ;
#1650 = CARTESIAN_POINT ( 'NONE',  ( 3.925000000000220979, -31.50000000000000000, 0.000000000000000000 ) ) ;
#1651 = DIRECTION ( 'NONE',  ( -0.000000000000000000, -0.000000000000000000, -1.000000000000000000 ) ) ;
#1652 = ORIENTED_EDGE ( 'NONE', *, *, #1939, .F. ) ;
#1653 = AXIS2_PLACEMENT_3D ( 'NONE', #1125, #1823, #609 ) ;
#1654 = ORIENTED_EDGE ( 'NONE', *, *, #1785, .F. ) ;
#1655 = CYLINDRICAL_SURFACE ( 'NONE', #693, 15.59999999999999964 ) ;
#1656 = CIRCLE ( 'NONE', #1772, 2.150000000000002576 ) ;
#1657 = EDGE_CURVE ( 'NONE', #630, #128, #168, .T. ) ;
#1658 = VECTOR ( 'NONE', #527, 999.9999999999998863 ) ;
#1659 = DIRECTION ( 'NONE',  ( -0.000000000000000000, -0.000000000000000000, -1.000000000000000000 ) ) ;
#1660 = EDGE_LOOP ( 'NONE', ( #990, #913 ) ) ;
#1661 = CIRCLE ( 'NONE', #383, 3.925000000000001599 ) ;
#1662 = CIRCLE ( 'NONE', #1407, 1.749999999999999778 ) ;
#1663 = AXIS2_PLACEMENT_3D ( 'NONE', #2065, #2253, #456 ) ;
#1664 = VERTEX_POINT ( 'NONE', #1634 ) ;
#1665 = CONICAL_SURFACE ( 'NONE', #56, 4.424999999999998046, 0.7853981633974491672 ) ;
#1666 = CARTESIAN_POINT ( 'NONE',  ( 31.20480021920963409, 15.75000000000031974, 11.80000000000000071 ) ) ;
#1667 = CARTESIAN_POINT ( 'NONE',  ( 4.425000000000218314, -31.50000000000000000, 11.80000000000000071 ) ) ;
#1668 = CARTESIAN_POINT ( 'NONE',  ( -7.079356153105113236, 33.93456649975535555, 11.80000000000000071 ) ) ;
#1669 = ORIENTED_EDGE ( 'NONE', *, *, #1544, .F. ) ;
#1670 = ORIENTED_EDGE ( 'NONE', *, *, #1199, .F. ) ;
#1671 = CARTESIAN_POINT ( 'NONE',  ( 29.23064384689489970, 10.12456649975535505, 7.800000000000001599 ) ) ;
#1672 = CARTESIAN_POINT ( 'NONE',  ( 29.90170748095663456, 12.18542045806293395, 11.80000000000000071 ) ) ;
#1673 = ORIENTED_EDGE ( 'NONE', *, *, #586, .F. ) ;
#1674 = ADVANCED_FACE ( 'NONE', ( #166 ), #1590, .F. ) ;
#1675 = ORIENTED_EDGE ( 'NONE', *, *, #1708, .T. ) ;
#1676 = CARTESIAN_POINT ( 'NONE',  ( 0.000000000000000000, 31.50000000000000000, 0.000000000000000000 ) ) ;
#1677 = CARTESIAN_POINT ( 'NONE',  ( 29.23064384689489970, 10.12456649975535505, 7.800000000000001599 ) ) ;
#1678 = CARTESIAN_POINT ( 'NONE',  ( -31.20480021920985791, 15.74999999999993783, 0.000000000000000000 ) ) ;
#1679 = ORIENTED_EDGE ( 'NONE', *, *, #207, .T. ) ;
#1680 = AXIS2_PLACEMENT_3D ( 'NONE', #2062, #1684, #634 ) ;
#1681 = EDGE_LOOP ( 'NONE', ( #1589, #338, #642, #552 ) ) ;
#1682 = CARTESIAN_POINT ( 'NONE',  ( -8.829356153105113236, 33.93456649975535555, 7.800000000000001599 ) ) ;
#1683 = DIRECTION ( 'NONE',  ( -0.7071067811865469066, 8.659560562354926695E-17, 0.7071067811865482389 ) ) ;
#1684 = DIRECTION ( 'NONE',  ( -0.000000000000000000, -0.000000000000000000, 1.000000000000000000 ) ) ;
#1685 = EDGE_LOOP ( 'NONE', ( #375, #343 ) ) ;
#1686 = DIRECTION ( 'NONE',  ( 0.000000000000000000, 0.000000000000000000, -1.000000000000000000 ) ) ;
#1687 = CARTESIAN_POINT ( 'NONE',  ( 9.290643846894893088, 33.93456649975535555, 7.800000000000001599 ) ) ;
#1688 = B_SPLINE_CURVE_WITH_KNOTS ( 'NONE', 3,
 ( #697, #1781, #2141, #2098, #528, #1604, #2125, #172, #2317, #1430 ),
 .UNSPECIFIED., .F., .F.,
 ( 4, 2, 2, 2, 4 ),
 ( 0.000000000000000000, 0.0004774663311365206684, 0.0009549326622730413367, 0.001432398993409561951, 0.001909865324546082673 ),
 .UNSPECIFIED. ) ;
#1689 = CARTESIAN_POINT ( 'NONE',  ( 2.199633243471174140E-13, -31.50000000000000000, 11.80000000000000071 ) ) ;
#1690 = ADVANCED_FACE ( 'NONE', ( #530 ), #1995, .F. ) ;
#1691 = ORIENTED_EDGE ( 'NONE', *, *, #667, .T. ) ;
#1692 = VERTEX_POINT ( 'NONE', #2101 ) ;
#1693 = FACE_OUTER_BOUND ( 'NONE', #449, .T. ) ;
#1694 = EDGE_CURVE ( 'NONE', #1237, #2294, #1996, .T. ) ;
#1695 = CARTESIAN_POINT ( 'NONE',  ( -10.57935615310511324, 33.93456649975535555, 11.80000000000000071 ) ) ;
#1696 = CARTESIAN_POINT ( 'NONE',  ( -27.27980021920985365, 15.74999999999993783, 11.80000000000000071 ) ) ;
#1697 = VECTOR ( 'NONE', #1993, 1000.000000000000000 ) ;
#1698 = ORIENTED_EDGE ( 'NONE', *, *, #239, .T. ) ;
#1699 = DIRECTION ( 'NONE',  ( -0.000000000000000000, -0.000000000000000000, -1.000000000000000000 ) ) ;
#1700 = AXIS2_PLACEMENT_3D ( 'NONE', #1999, #1811, #205 ) ;
#1701 = VECTOR ( 'NONE', #386, 1000.000000000000000 ) ;
#1702 = FACE_OUTER_BOUND ( 'NONE', #334, .T. ) ;
#1703 = EDGE_LOOP ( 'NONE', ( #1467, #1385, #2233, #1074 ) ) ;
#1704 = ADVANCED_FACE ( 'NONE', ( #868 ), #850, .F. ) ;
#1705 = ORIENTED_EDGE ( 'NONE', *, *, #1916, .F. ) ;
#1706 = ORIENTED_EDGE ( 'NONE', *, *, #2092, .F. ) ;
#1707 = DIRECTION ( 'NONE',  ( -0.000000000000000000, -0.000000000000000000, -1.000000000000000000 ) ) ;
#1708 = EDGE_CURVE ( 'NONE', #298, #1833, #328, .T. ) ;
#1709 = LINE ( 'NONE', #1666, #1622 ) ;
#1710 = DIRECTION ( 'NONE',  ( -0.000000000000000000, -0.000000000000000000, 1.000000000000000000 ) ) ;
#1711 = EDGE_LOOP ( 'NONE', ( #1003, #2069, #756, #1345 ) ) ;
#1712 = DIRECTION ( 'NONE',  ( 0.000000000000000000, 0.000000000000000000, 1.000000000000000000 ) ) ;
#1713 = ORIENTED_EDGE ( 'NONE', *, *, #521, .F. ) ;
#1714 = FACE_OUTER_BOUND ( 'NONE', #163, .T. ) ;
#1715 = DIRECTION ( 'NONE',  ( -0.000000000000000000, -0.000000000000000000, -1.000000000000000000 ) ) ;
#1716 = CARTESIAN_POINT ( 'NONE',  ( -30.84615181663779993, 13.32799789117389011, 11.68325984957849251 ) ) ;
#1717 = ORIENTED_EDGE ( 'NONE', *, *, #1115, .F. ) ;
#1718 = EDGE_LOOP ( 'NONE', ( #1739, #91 ) ) ;
#1719 = EDGE_LOOP ( 'NONE', ( #1866, #629 ) ) ;
#1720 = DIRECTION ( 'NONE',  ( 0.000000000000000000, 0.000000000000000000, 1.000000000000000000 ) ) ;
#1721 = ADVANCED_FACE ( 'NONE', ( #1925 ), #2305, .F. ) ;
#1722 = AXIS2_PLACEMENT_3D ( 'NONE', #52, #768, #2194 ) ;
#1723 = DIRECTION ( 'NONE',  ( -1.000000000000000000, 0.000000000000000000, 0.000000000000000000 ) ) ;
#1724 = ORIENTED_EDGE ( 'NONE', *, *, #1764, .T. ) ;
#1725 = EDGE_CURVE ( 'NONE', #259, #1185, #2263, .T. ) ;
#1726 = MANIFOLD_SOLID_BREP ( '\X2\501289d2\X0\1', #6 ) ;
#1727 = CARTESIAN_POINT ( 'NONE',  ( -34.41935615310512020, -9.875433500244644947, 7.800000000000001599 ) ) ;
#1728 = CARTESIAN_POINT ( 'NONE',  ( 0.000000000000000000, 0.000000000000000000, 11.80000000000000071 ) ) ;
#1729 = VECTOR ( 'NONE', #1377, 1000.000000000000000 ) ;
#1730 = CARTESIAN_POINT ( 'NONE',  ( 29.23064384689489970, 10.12456649975535505, 11.80000000000000071 ) ) ;
#1731 = DIRECTION ( 'NONE',  ( 0.000000000000000000, 0.000000000000000000, 1.000000000000000000 ) ) ;
#1732 = VERTEX_POINT ( 'NONE', #2291 ) ;
#1733 = PLANE ( 'NONE',  #181 ) ;
#1734 = CIRCLE ( 'NONE', #1794, 2.149999999999999023 ) ;
#1735 = CARTESIAN_POINT ( 'NONE',  ( -10.57935615310511324, -33.68543350024464189, 7.800000000000001599 ) ) ;
#1736 = VERTEX_POINT ( 'NONE', #1248 ) ;
#1737 = VECTOR ( 'NONE', #867, 1000.000000000000000 ) ;
#1738 = CIRCLE ( 'NONE', #187, 1.749999999999999778 ) ;
#1739 = ORIENTED_EDGE ( 'NONE', *, *, #939, .T. ) ;
#1740 = DIRECTION ( 'NONE',  ( 0.000000000000000000, 0.000000000000000000, 1.000000000000000000 ) ) ;
#1741 = EDGE_CURVE ( 'NONE', #570, #2245, #1762, .T. ) ;
#1742 = AXIS2_PLACEMENT_3D ( 'NONE', #673, #470, #2287 ) ;
#1743 = CARTESIAN_POINT ( 'NONE',  ( 2.199633243471174140E-13, -31.50000000000000000, 11.80000000000000071 ) ) ;
#1744 = AXIS2_PLACEMENT_3D ( 'NONE', #365, #1287, #1997 ) ;
#1745 = AXIS2_PLACEMENT_3D ( 'NONE', #208, #231, #777 ) ;
#1746 =( NAMED_UNIT ( * ) PLANE_ANGLE_UNIT ( ) SI_UNIT ( $, .RADIAN. ) );
#1747 = DIRECTION ( 'NONE',  ( 1.000000000000000000, 0.000000000000000000, 0.000000000000000000 ) ) ;
#1748 = EDGE_LOOP ( 'NONE', ( #1310, #751, #964, #1620 ) ) ;
#1749 = CARTESIAN_POINT ( 'NONE',  ( 0.000000000000000000, 0.000000000000000000, 11.80000000000000071 ) ) ;
#1750 = CARTESIAN_POINT ( 'NONE',  ( 23.35480021920996307, -15.74999999999974598, 0.000000000000000000 ) ) ;
#1751 = ADVANCED_FACE ( 'NONE', ( #335 ), #880, .F. ) ;
#1752 = DIRECTION ( 'NONE',  ( -0.000000000000000000, -0.000000000000000000, -1.000000000000000000 ) ) ;
#1753 = DIRECTION ( 'NONE',  ( -0.000000000000000000, -0.000000000000000000, -1.000000000000000000 ) ) ;
#1754 = AXIS2_PLACEMENT_3D ( 'NONE', #676, #796, #1522 ) ;
#1755 = CARTESIAN_POINT ( 'NONE',  ( 36.23064384689489970, 10.12456649975535505, 7.800000000000001599 ) ) ;
#1756 = DIRECTION ( 'NONE',  ( -0.000000000000000000, 0.000000000000000000, -1.000000000000000000 ) ) ;
#1757 = EDGE_LOOP ( 'NONE', ( #615, #2178 ) ) ;
#1758 = FACE_OUTER_BOUND ( 'NONE', #1618, .T. ) ;
#1759 = CARTESIAN_POINT ( 'NONE',  ( -32.26935615310511452, -9.875433500244644947, 0.000000000000000000 ) ) ;
#1760 = CYLINDRICAL_SURFACE ( 'NONE', #1284, 2.149999999999999023 ) ;
#1761 = CYLINDRICAL_SURFACE ( 'NONE', #1425, 2.149999999999999023 ) ;
#1762 = LINE ( 'NONE', #705, #312 ) ;
#1763 = CC_DESIGN_APPROVAL ( #156, ( #2206 ) ) ;
#1764 = EDGE_CURVE ( 'NONE', #128, #2, #1809, .T. ) ;
#1765 = DIRECTION ( 'NONE',  ( 1.000000000000000000, 0.000000000000000000, 0.000000000000000000 ) ) ;
#1766 = ORIENTED_EDGE ( 'NONE', *, *, #75, .T. ) ;
#1767 = DIRECTION ( 'NONE',  ( -0.000000000000000000, -0.000000000000000000, -1.000000000000000000 ) ) ;
#1768 = DIRECTION ( 'NONE',  ( -0.000000000000000000, -0.000000000000000000, 1.000000000000000000 ) ) ;
#1769 = AXIS2_PLACEMENT_3D ( 'NONE', #786, #1850, #392 ) ;
#1770 = ORIENTED_EDGE ( 'NONE', *, *, #922, .F. ) ;
#1771 = CARTESIAN_POINT ( 'NONE',  ( 27.27980021920963338, 15.75000000000031974, 11.80000000000000071 ) ) ;
#1772 = AXIS2_PLACEMENT_3D ( 'NONE', #1786, #1767, #1069 ) ;
#1773 = CIRCLE ( 'NONE', #572, 3.925000000000001599 ) ;
#1774 = CARTESIAN_POINT ( 'NONE',  ( -15.59999999999999964, 0.000000000000000000, 0.000000000000000000 ) ) ;
#1775 = CIRCLE ( 'NONE', #1563, 4.425000000000008704 ) ;
#1776 = CIRCLE ( 'NONE', #1223, 2.149999999999999023 ) ;
#1777 = AXIS2_PLACEMENT_3D ( 'NONE', #1023, #1534, #284 ) ;
#1778 = AXIS2_PLACEMENT_3D ( 'NONE', #1052, #27, #1405 ) ;
#1779 = ADVANCED_FACE ( 'NONE', ( #1843 ), #2237, .F. ) ;
#1780 = DIRECTION ( 'NONE',  ( -0.000000000000000000, -0.000000000000000000, 1.000000000000000000 ) ) ;
#1781 = CARTESIAN_POINT ( 'NONE',  ( -30.64754681972813799, -12.98045437581244244, 11.73333954556155234 ) ) ;
#1782 = DIRECTION ( 'NONE',  ( 1.000000000000000000, 0.000000000000000000, 0.000000000000000000 ) ) ;
#1783 = APPROVAL_ROLE ( '' ) ;
#1784 = ORIENTED_EDGE ( 'NONE', *, *, #57, .F. ) ;
#1785 = EDGE_CURVE ( 'NONE', #513, #209, #1989, .T. ) ;
#1786 = CARTESIAN_POINT ( 'NONE',  ( -32.26935615310511452, 10.12456649975535505, 7.800000000000001599 ) ) ;
#1787 = EDGE_CURVE ( 'NONE', #2240, #656, #980, .T. ) ;
#1788 = CARTESIAN_POINT ( 'NONE',  ( -35.76935615310511452, -9.875433500244644947, 7.800000000000001599 ) ) ;
#1789 = CARTESIAN_POINT ( 'NONE',  ( 34.88064384689489827, 10.12456649975535505, 7.800000000000001599 ) ) ;
#1790 = APPLICATION_CONTEXT ( 'configuration controlled 3d designs of mechanical parts and assemblies' ) ;
#1791 = ORIENTED_EDGE ( 'NONE', *, *, #1228, .F. ) ;
#1792 = FACE_OUTER_BOUND ( 'NONE', #173, .T. ) ;
#1793 = EDGE_LOOP ( 'NONE', ( #2008, #489, #1087, #1499 ) ) ;
#1794 = AXIS2_PLACEMENT_3D ( 'NONE', #1416, #151, #2300 ) ;
#1795 = VERTEX_POINT ( 'NONE', #2007 ) ;
#1796 = FACE_BOUND ( 'NONE', #1606, .T. ) ;
#1797 = DIRECTION ( 'NONE',  ( -0.000000000000000000, -0.000000000000000000, -1.000000000000000000 ) ) ;
#1798 = DIRECTION ( 'NONE',  ( -1.000000000000000000, 0.000000000000000000, 0.000000000000000000 ) ) ;
#1799 = EDGE_CURVE ( 'NONE', #131, #401, #1509, .T. ) ;
#1800 = CARTESIAN_POINT ( 'NONE',  ( 9.290643846894893088, -33.68543350024464189, 11.80000000000000071 ) ) ;
#1801 = VECTOR ( 'NONE', #1348, 1000.000000000000000 ) ;
#1802 = VERTEX_POINT ( 'NONE', #581 ) ;
#1803 = AXIS2_PLACEMENT_3D ( 'NONE', #38, #2019, #53 ) ;
#1804 = EDGE_LOOP ( 'NONE', ( #2197, #1267, #1505, #1143 ) ) ;
#1805 = DIRECTION ( 'NONE',  ( -0.000000000000000000, -0.000000000000000000, 1.000000000000000000 ) ) ;
#1806 = AXIS2_PLACEMENT_3D ( 'NONE', #1420, #2129, #525 ) ;
#1807 = VECTOR ( 'NONE', #595, 1000.000000000000000 ) ;
#1808 = CIRCLE ( 'NONE', #2181, 4.424999999999998046 ) ;
#1809 = LINE ( 'NONE', #956, #2108 ) ;
#1810 = VERTEX_POINT ( 'NONE', #95 ) ;
#1811 = DIRECTION ( 'NONE',  ( 0.000000000000000000, 0.000000000000000000, 1.000000000000000000 ) ) ;
#1812 = EDGE_CURVE ( 'NONE', #2162, #1362, #2020, .T. ) ;
#1813 = LINE ( 'NONE', #206, #2142 ) ;
#1814 = CARTESIAN_POINT ( 'NONE',  ( -30.03286087211307986, 12.81917196302134698, 11.39448830158655035 ) ) ;
#1815 = ORIENTED_EDGE ( 'NONE', *, *, #1812, .F. ) ;
#1816 = ORIENTED_EDGE ( 'NONE', *, *, #1145, .T. ) ;
#1817 = CARTESIAN_POINT ( 'NONE',  ( 32.73064384689489970, -9.875433500244644947, 0.000000000000000000 ) ) ;
#1818 = DIRECTION ( 'NONE',  ( -0.000000000000000000, -0.000000000000000000, 1.000000000000000000 ) ) ;
#1819 = EDGE_LOOP ( 'NONE', ( #674, #670, #647, #1039 ) ) ;
#1820 = DIRECTION ( 'NONE',  ( -0.000000000000000000, -0.000000000000000000, 1.000000000000000000 ) ) ;
#1821 = EDGE_LOOP ( 'NONE', ( #589, #1389 ) ) ;
#1822 = DIRECTION ( 'NONE',  ( -1.000000000000000000, 0.000000000000000000, 0.000000000000000000 ) ) ;
#1823 = DIRECTION ( 'NONE',  ( -0.000000000000000000, -0.000000000000000000, 1.000000000000000000 ) ) ;
#1824 = AXIS2_PLACEMENT_3D ( 'NONE', #212, #235, #260 ) ;
#1825 = DIRECTION ( 'NONE',  ( 0.7071067811865463515, 0.000000000000000000, 0.7071067811865487940 ) ) ;
#1826 = VERTEX_POINT ( 'NONE', #1146 ) ;
#1827 = EDGE_CURVE ( 'NONE', #1802, #464, #1503, .T. ) ;
#1828 = VERTEX_POINT ( 'NONE', #812 ) ;
#1829 = APPROVAL_PERSON_ORGANIZATION ( #1941, #156, #1783 ) ;
#1830 = PLANE ( 'NONE',  #1591 ) ;
#1831 = DIRECTION ( 'NONE',  ( 0.000000000000000000, 0.000000000000000000, -1.000000000000000000 ) ) ;
#1832 = CYLINDRICAL_SURFACE ( 'NONE', #1623, 2.899999999999999911 ) ;
#1833 = VERTEX_POINT ( 'NONE', #240 ) ;
#1834 = CARTESIAN_POINT ( 'NONE',  ( -39.99999999999999289, 0.000000000000000000, 11.80000000000000071 ) ) ;
#1835 = DIRECTION ( 'NONE',  ( 1.000000000000000000, 0.000000000000000000, 0.000000000000000000 ) ) ;
#1836 = CARTESIAN_POINT ( 'NONE',  ( -15.59999999999999964, 0.000000000000000000, 11.80000000000000071 ) ) ;
#1837 = ORIENTED_EDGE ( 'NONE', *, *, #288, .F. ) ;
#1838 = CIRCLE ( 'NONE', #1769, 4.425000000000008704 ) ;
#1839 = VERTEX_POINT ( 'NONE', #214 ) ;
#1840 = LINE ( 'NONE', #1280, #1697 ) ;
#1841 = VECTOR ( 'NONE', #968, 1000.000000000000000 ) ;
#1842 = ADVANCED_FACE ( 'NONE', ( #1321 ), #631, .F. ) ;
#1843 = FACE_OUTER_BOUND ( 'NONE', #1168, .T. ) ;
#1844 = ORIENTED_EDGE ( 'NONE', *, *, #1472, .T. ) ;
#1845 = CIRCLE ( 'NONE', #1329, 3.500000000000003109 ) ;
#1846 = VECTOR ( 'NONE', #1825, 1000.000000000000000 ) ;
#1847 = DIRECTION ( 'NONE',  ( -0.000000000000000000, -0.000000000000000000, 1.000000000000000000 ) ) ;
#1848 = ORIENTED_EDGE ( 'NONE', *, *, #301, .T. ) ;
#1849 = DIRECTION ( 'NONE',  ( -1.000000000000000000, 0.000000000000000000, 0.000000000000000000 ) ) ;
#1850 = DIRECTION ( 'NONE',  ( -0.000000000000000000, -0.000000000000000000, -1.000000000000000000 ) ) ;
#1851 = DIRECTION ( 'NONE',  ( -0.000000000000000000, -0.000000000000000000, 1.000000000000000000 ) ) ;
#1852 = ORIENTED_EDGE ( 'NONE', *, *, #1286, .T. ) ;
#1853 = VERTEX_POINT ( 'NONE', #1516 ) ;
#1854 = DIRECTION ( 'NONE',  ( -1.000000000000000000, 0.000000000000000000, 0.000000000000000000 ) ) ;
#1855 = ADVANCED_FACE ( 'NONE', ( #263 ), #2224, .F. ) ;
#1856 = CARTESIAN_POINT ( 'NONE',  ( 32.73064384689489970, -9.875433500244644947, 11.80000000000000071 ) ) ;
#1857 = ORIENTED_EDGE ( 'NONE', *, *, #1573, .F. ) ;
#1858 = CARTESIAN_POINT ( 'NONE',  ( 2.199633243471174140E-13, -31.50000000000000000, 0.000000000000000000 ) ) ;
#1859 = ADVANCED_FACE ( 'NONE', ( #2047 ), #411, .F. ) ;
#1860 = ORIENTED_EDGE ( 'NONE', *, *, #727, .F. ) ;
#1861 = DIRECTION ( 'NONE',  ( -1.000000000000000000, 0.000000000000000000, 0.000000000000000000 ) ) ;
#1862 = CARTESIAN_POINT ( 'NONE',  ( 27.27980021920963338, 15.75000000000031974, 11.80000000000000071 ) ) ;
#1863 = DIRECTION ( 'NONE',  ( -0.000000000000000000, -0.000000000000000000, -1.000000000000000000 ) ) ;
#1864 = VERTEX_POINT ( 'NONE', #1160 ) ;
#1865 = AXIS2_PLACEMENT_3D ( 'NONE', #877, #711, #1579 ) ;
#1866 = ORIENTED_EDGE ( 'NONE', *, *, #2158, .F. ) ;
#1867 = ORIENTED_EDGE ( 'NONE', *, *, #775, .T. ) ;
#1868 = CARTESIAN_POINT ( 'NONE',  ( -27.27980021920985365, 15.74999999999993783, 0.000000000000000000 ) ) ;
#1869 = CARTESIAN_POINT ( 'NONE',  ( 30.75997379386716091, 13.01704978269748203, 11.80000000000000071 ) ) ;
#1870 = ORIENTED_EDGE ( 'NONE', *, *, #57, .T. ) ;
#1871 = CC_DESIGN_APPROVAL ( #731, ( #1148 ) ) ;
#1872 = FACE_OUTER_BOUND ( 'NONE', #1793, .T. ) ;
#1873 = EDGE_LOOP ( 'NONE', ( #1705, #579, #1065, #906 ) ) ;
#1874 = DIRECTION ( 'NONE',  ( -0.000000000000000000, -0.000000000000000000, -1.000000000000000000 ) ) ;
#1875 = EDGE_CURVE ( 'NONE', #2210, #1380, #1531, .T. ) ;
#1876 = EDGE_CURVE ( 'NONE', #584, #724, #1366, .T. ) ;
#1877 = CARTESIAN_POINT ( 'NONE',  ( -30.11991244306336668, 12.88899768312813343, 11.40485997488612568 ) ) ;
#1878 = VERTEX_POINT ( 'NONE', #1474 ) ;
#1879 = ORIENTED_EDGE ( 'NONE', *, *, #834, .T. ) ;
#1880 = CARTESIAN_POINT ( 'NONE',  ( 30.58064384689489756, 10.12456649975535505, 0.000000000000000000 ) ) ;
#1881 = VECTOR ( 'NONE', #2012, 1000.000000000000000 ) ;
#1882 = DIRECTION ( 'NONE',  ( -0.000000000000000000, -0.000000000000000000, -1.000000000000000000 ) ) ;
#1883 = EDGE_LOOP ( 'NONE', ( #1957, #1549 ) ) ;
#1884 = CARTESIAN_POINT ( 'NONE',  ( -27.27980021920975773, -15.75000000000012790, 11.80000000000000071 ) ) ;
#1885 = VECTOR ( 'NONE', #1780, 1000.000000000000000 ) ;
#1886 = VERTEX_POINT ( 'NONE', #41 ) ;
#1887 = CARTESIAN_POINT ( 'NONE',  ( 23.35480021920963267, 15.75000000000031974, 0.000000000000000000 ) ) ;
#1888 = CIRCLE ( 'NONE', #1477, 3.924999999999999822 ) ;
#1889 = CONICAL_SURFACE ( 'NONE', #876, 4.425000000000012257, 0.7853981633974466137 ) ;
#1890 = AXIS2_PLACEMENT_3D ( 'NONE', #839, #2082, #1535 ) ;
#1891 = FACE_BOUND ( 'NONE', #1161, .T. ) ;
#1892 = EDGE_CURVE ( 'NONE', #359, #1828, #227, .T. ) ;
#1893 = LINE ( 'NONE', #1356, #2227 ) ;
#1894 = EDGE_LOOP ( 'NONE', ( #125, #632, #1577, #248 ) ) ;
#1895 = ORIENTED_EDGE ( 'NONE', *, *, #704, .T. ) ;
#1896 = ORIENTED_EDGE ( 'NONE', *, *, #1741, .F. ) ;
#1897 = APPROVAL_ROLE ( '' ) ;
#1898 = CARTESIAN_POINT ( 'NONE',  ( -35.76935615310511452, 10.12456649975535505, 7.800000000000001599 ) ) ;
#1899 = ORIENTED_EDGE ( 'NONE', *, *, #1336, .T. ) ;
#1900 = EDGE_LOOP ( 'NONE', ( #1092, #70, #1435, #999 ) ) ;
#1901 = FACE_OUTER_BOUND ( 'NONE', #2055, .T. ) ;
#1902 = FACE_OUTER_BOUND ( 'NONE', #450, .T. ) ;
#1903 = EDGE_LOOP ( 'NONE', ( #405, #2165, #1511, #422 ) ) ;
#1904 = ORIENTED_EDGE ( 'NONE', *, *, #372, .F. ) ;
#1905 = DIRECTION ( 'NONE',  ( -0.000000000000000000, -0.000000000000000000, 1.000000000000000000 ) ) ;
#1906 = ADVANCED_FACE ( 'NONE', ( #1490 ), #2196, .F. ) ;
#1907 = CARTESIAN_POINT ( 'NONE',  ( 6.390643846894894509, 33.93456649975535555, 7.800000000000001599 ) ) ;
#1908 = ORIENTED_EDGE ( 'NONE', *, *, #1240, .T. ) ;
#1909 = CARTESIAN_POINT ( 'NONE',  ( 23.35480021920963267, 15.75000000000031974, 11.80000000000000071 ) ) ;
#1910 = FACE_OUTER_BOUND ( 'NONE', #685, .T. ) ;
#1911 = FACE_BOUND ( 'NONE', #1413, .T. ) ;
#1912 = FACE_BOUND ( 'NONE', #1757, .T. ) ;
#1913 = EDGE_LOOP ( 'NONE', ( #640, #1899 ) ) ;
#1914 = CARTESIAN_POINT ( 'NONE',  ( 31.20480021920996094, -15.74999999999974598, 11.80000000000000071 ) ) ;
#1915 = CARTESIAN_POINT ( 'NONE',  ( 36.23064384689489970, -9.875433500244644947, 11.80000000000000071 ) ) ;
#1916 = EDGE_CURVE ( 'NONE', #829, #22, #1135, .T. ) ;
#1917 = DIRECTION ( 'NONE',  ( 1.000000000000000000, 0.000000000000000000, 0.000000000000000000 ) ) ;
#1918 = ORIENTED_EDGE ( 'NONE', *, *, #1541, .F. ) ;
#1919 = AXIS2_PLACEMENT_3D ( 'NONE', #323, #1040, #150 ) ;
#1920 = DIRECTION ( 'NONE',  ( 1.000000000000000000, 0.000000000000000000, 0.000000000000000000 ) ) ;
#1921 = CARTESIAN_POINT ( 'NONE',  ( -22.85480021920974636, -15.75000000000012790, 11.80000000000000071 ) ) ;
#1922 = CIRCLE ( 'NONE', #192, 1.749999999999999778 ) ;
#1923 = DIRECTION ( 'NONE',  ( 1.000000000000000000, 0.000000000000000000, 0.000000000000000000 ) ) ;
#1924 = AXIS2_PLACEMENT_3D ( 'NONE', #2175, #588, #1466 ) ;
#1925 = FACE_OUTER_BOUND ( 'NONE', #1894, .T. ) ;
#1926 = CIRCLE ( 'NONE', #1374, 3.500000000000003109 ) ;
#1927 = AXIS2_PLACEMENT_3D ( 'NONE', #1625, #1450, #838 ) ;
#1928 = CIRCLE ( 'NONE', #725, 1.750000000000000666 ) ;
#1929 = CARTESIAN_POINT ( 'NONE',  ( 32.73064384689489970, -9.875433500244644947, 11.80000000000000071 ) ) ;
#1930 = DATE_AND_TIME ( #1387, #682 ) ;
#1931 = DIRECTION ( 'NONE',  ( 0.000000000000000000, 0.000000000000000000, 1.000000000000000000 ) ) ;
#1932 = ORIENTED_EDGE ( 'NONE', *, *, #1386, .F. ) ;
#1933 = DIRECTION ( 'NONE',  ( -0.000000000000000000, -0.000000000000000000, -1.000000000000000000 ) ) ;
#1934 = DIRECTION ( 'NONE',  ( 0.000000000000000000, 0.000000000000000000, 1.000000000000000000 ) ) ;
#1935 = ADVANCED_FACE ( 'NONE', ( #1171 ), #292, .T. ) ;
#1936 = DIRECTION ( 'NONE',  ( 0.000000000000000000, 0.000000000000000000, 1.000000000000000000 ) ) ;
#1937 = DIRECTION ( 'NONE',  ( 1.000000000000000000, 0.000000000000000000, 0.000000000000000000 ) ) ;
#1938 = DIRECTION ( 'NONE',  ( 0.000000000000000000, 0.000000000000000000, -1.000000000000000000 ) ) ;
#1939 = EDGE_CURVE ( 'NONE', #389, #200, #148, .T. ) ;
#1940 = LINE ( 'NONE', #155, #574 ) ;
#1941 = PERSON_AND_ORGANIZATION ( #2189, #1353 ) ;
#1942 = FACE_OUTER_BOUND ( 'NONE', #2183, .T. ) ;
#1943 = EDGE_LOOP ( 'NONE', ( #1670, #2041, #258, #840 ) ) ;
#1944 = CONICAL_SURFACE ( 'NONE', #146, 4.425000000000012257, 0.7853981633974473908 ) ;
#1945 = CARTESIAN_POINT ( 'NONE',  ( 12.19064384689489344, 33.93456649975535555, 7.800000000000001599 ) ) ;
#1946 = ORIENTED_EDGE ( 'NONE', *, *, #2284, .T. ) ;
#1947 = AXIS2_PLACEMENT_3D ( 'NONE', #1397, #1905, #2275 ) ;
#1948 = DIRECTION ( 'NONE',  ( -0.000000000000000000, -0.000000000000000000, -1.000000000000000000 ) ) ;
#1949 = ADVANCED_FACE ( 'NONE', ( #1189 ), #1559, .F. ) ;
#1950 = ADVANCED_FACE ( 'NONE', ( #2248 ), #1412, .F. ) ;
#1951 = B_SPLINE_CURVE_WITH_KNOTS ( 'NONE', 3,
 ( #1106, #221, #2164, #1988, #381, #1814, #1877, #1369, #124, #76, #1716, #1193 ),
 .UNSPECIFIED., .F., .F.,
 ( 4, 2, 2, 2, 2, 4 ),
 ( 0.000000000000000000, 0.0006733574213173647554, 0.001346714842634729511, 0.001683393553293415683, 0.002020072263952102289, 0.002693429685269465093 ),
 .UNSPECIFIED. ) ;
#1952 = CARTESIAN_POINT ( 'NONE',  ( -32.26935615310511452, 10.12456649975535505, 11.80000000000000071 ) ) ;
#1953 = CALENDAR_DATE ( 2026, 16, 5 ) ;
#1954 = DIRECTION ( 'NONE',  ( 1.000000000000000000, 0.000000000000000000, -0.000000000000000000 ) ) ;
#1955 = DIRECTION ( 'NONE',  ( -0.000000000000000000, -0.000000000000000000, 1.000000000000000000 ) ) ;
#1956 = AXIS2_PLACEMENT_3D ( 'NONE', #1862, #2001, #32 ) ;
#1957 = ORIENTED_EDGE ( 'NONE', *, *, #1240, .F. ) ;
#1958 = DIRECTION ( 'NONE',  ( -0.000000000000000000, -0.000000000000000000, 1.000000000000000000 ) ) ;
#1959 = ADVANCED_FACE ( 'NONE', ( #1200 ), #683, .F. ) ;
#1960 = AXIS2_PLACEMENT_3D ( 'NONE', #1436, #1621, #1429 ) ;
#1961 = VERTEX_POINT ( 'NONE', #844 ) ;
#1962 = LINE ( 'NONE', #2312, #1523 ) ;
#1963 = CONICAL_SURFACE ( 'NONE', #761, 4.425000000000022915, 0.7853981633974439491 ) ;
#1964 = CIRCLE ( 'NONE', #2223, 3.500000000000003109 ) ;
#1965 = DIRECTION ( 'NONE',  ( 1.000000000000000000, 0.000000000000000000, 0.000000000000000000 ) ) ;
#1966 = DIRECTION ( 'NONE',  ( 0.000000000000000000, 0.000000000000000000, 1.000000000000000000 ) ) ;
#1967 = DIRECTION ( 'NONE',  ( -1.000000000000000000, 0.000000000000000000, 0.000000000000000000 ) ) ;
#1968 = ORIENTED_EDGE ( 'NONE', *, *, #2270, .T. ) ;
#1969 = AXIS2_PLACEMENT_3D ( 'NONE', #1728, #1013, #1341 ) ;
#1970 = CARTESIAN_POINT ( 'NONE',  ( -15.59999999999999964, 0.000000000000000000, 11.80000000000000071 ) ) ;
#1971 = PERSON_AND_ORGANIZATION_ROLE ( 'creator' ) ;
#1972 = ORIENTED_EDGE ( 'NONE', *, *, #226, .T. ) ;
#1973 = EDGE_CURVE ( 'NONE', #2122, #1664, #2296, .T. ) ;
#1974 = FACE_BOUND ( 'NONE', #2252, .T. ) ;
#1975 = ADVANCED_FACE ( 'NONE', ( #1566 ), #310, .F. ) ;
#1976 = EDGE_CURVE ( 'NONE', #1795, #2245, #1922, .T. ) ;
#1977 = CARTESIAN_POINT ( 'NONE',  ( 32.73064384689489970, 10.12456649975535505, 11.80000000000000071 ) ) ;
#1978 = AXIS2_PLACEMENT_3D ( 'NONE', #2043, #1157, #2246 ) ;
#1979 = DIRECTION ( 'NONE',  ( -0.000000000000000000, -0.000000000000000000, 1.000000000000000000 ) ) ;
#1980 = FACE_OUTER_BOUND ( 'NONE', #15, .T. ) ;
#1981 = ORIENTED_EDGE ( 'NONE', *, *, #754, .F. ) ;
#1982 =( GEOMETRIC_REPRESENTATION_CONTEXT ( 3 ) GLOBAL_UNCERTAINTY_ASSIGNED_CONTEXT ( ( #2264 ) ) GLOBAL_UNIT_ASSIGNED_CONTEXT ( ( #300, #1746, #993 ) ) REPRESENTATION_CONTEXT ( 'NONE', 'WORKASPACE' ) );
#1983 = VERTEX_POINT ( 'NONE', #1898 ) ;
#1984 = CARTESIAN_POINT ( 'NONE',  ( -28.76935615310511807, -9.875433500244644947, 7.800000000000001599 ) ) ;
#1985 = EDGE_CURVE ( 'NONE', #1194, #2240, #798, .T. ) ;
#1986 = EDGE_LOOP ( 'NONE', ( #1562, #395 ) ) ;
#1987 = CARTESIAN_POINT ( 'NONE',  ( 7.540643846894893088, 33.93456649975535555, 7.800000000000001599 ) ) ;
#1988 = CARTESIAN_POINT ( 'NONE',  ( -29.62714060022954499, 12.42991760508894572, 11.43608003240799142 ) ) ;
#1989 = CIRCLE ( 'NONE', #1096, 3.925000000000000711 ) ;
#1990 = ORIENTED_EDGE ( 'NONE', *, *, #2251, .T. ) ;
#1991 = CIRCLE ( 'NONE', #875, 3.925000000000001599 ) ;
#1992 = ORIENTED_EDGE ( 'NONE', *, *, #586, .T. ) ;
#1993 = DIRECTION ( 'NONE',  ( -0.000000000000000000, -0.000000000000000000, -1.000000000000000000 ) ) ;
#1994 = AXIS2_PLACEMENT_3D ( 'NONE', #319, #1245, #1260 ) ;
#1995 = CONICAL_SURFACE ( 'NONE', #1595, 4.425000000000012257, 0.7853981633974473908 ) ;
#1996 = LINE ( 'NONE', #515, #698 ) ;
#1997 = DIRECTION ( 'NONE',  ( 1.000000000000000000, 0.000000000000000000, 0.000000000000000000 ) ) ;
#1998 = VERTEX_POINT ( 'NONE', #1542 ) ;
#1999 = CARTESIAN_POINT ( 'NONE',  ( 32.73064384689489970, 10.12456649975535505, 7.800000000000001599 ) ) ;
#2000 = EDGE_CURVE ( 'NONE', #1664, #1500, #2299, .T. ) ;
#2001 = DIRECTION ( 'NONE',  ( -0.000000000000000000, -0.000000000000000000, -1.000000000000000000 ) ) ;
#2002 = CYLINDRICAL_SURFACE ( 'NONE', #843, 2.149999999999999023 ) ;
#2003 = ORIENTED_EDGE ( 'NONE', *, *, #1180, .F. ) ;
#2004 = ADVANCED_FACE ( 'NONE', ( #644 ), #483, .F. ) ;
#2005 = EDGE_LOOP ( 'NONE', ( #783, #473 ) ) ;
#2006 = LINE ( 'NONE', #2219, #1048 ) ;
#2007 = CARTESIAN_POINT ( 'NONE',  ( 11.04064384689489309, -33.68543350024464189, 0.000000000000000000 ) ) ;
#2008 = ORIENTED_EDGE ( 'NONE', *, *, #325, .F. ) ;
#2009 = DIRECTION ( 'NONE',  ( -0.7071067811865444641, 8.659560562354895880E-17, 0.7071067811865505703 ) ) ;
#2010 = VERTEX_POINT ( 'NONE', #1735 ) ;
#2011 = CYLINDRICAL_SURFACE ( 'NONE', #469, 3.925000000000000711 ) ;
#2012 = DIRECTION ( 'NONE',  ( -0.000000000000000000, -0.000000000000000000, -1.000000000000000000 ) ) ;
#2013 = CIRCLE ( 'NONE', #553, 2.899999999999999911 ) ;
#2014 = ADVANCED_FACE ( 'NONE', ( #996 ), #2277, .F. ) ;
#2015 = CARTESIAN_POINT ( 'NONE',  ( -32.26935615310511452, -9.875433500244644947, 11.80000000000000071 ) ) ;
#2016 = ORIENTED_EDGE ( 'NONE', *, *, #2168, .T. ) ;
#2017 = EDGE_CURVE ( 'NONE', #1209, #2318, #118, .T. ) ;
#2018 = ORIENTED_EDGE ( 'NONE', *, *, #87, .T. ) ;
#2019 = DIRECTION ( 'NONE',  ( 0.000000000000000000, 0.000000000000000000, -1.000000000000000000 ) ) ;
#2020 = LINE ( 'NONE', #69, #1619 ) ;
#2021 = DIRECTION ( 'NONE',  ( 1.000000000000000000, 0.000000000000000000, 0.000000000000000000 ) ) ;
#2022 = EDGE_LOOP ( 'NONE', ( #1713, #1020 ) ) ;
#2023 = DIRECTION ( 'NONE',  ( 0.000000000000000000, 0.000000000000000000, 1.000000000000000000 ) ) ;
#2024 = LINE ( 'NONE', #256, #1881 ) ;
#2025 = DIRECTION ( 'NONE',  ( 1.000000000000000000, 0.000000000000000000, 0.000000000000000000 ) ) ;
#2026 = ORIENTED_EDGE ( 'NONE', *, *, #2319, .T. ) ;
#2027 = EDGE_CURVE ( 'NONE', #865, #121, #1252, .T. ) ;
#2028 = ORIENTED_EDGE ( 'NONE', *, *, #1764, .F. ) ;
#2029 = DIRECTION ( 'NONE',  ( -1.000000000000000000, 0.000000000000000000, 0.000000000000000000 ) ) ;
#2030 = DIRECTION ( 'NONE',  ( 1.000000000000000000, 0.000000000000000000, 0.000000000000000000 ) ) ;
#2031 = EDGE_CURVE ( 'NONE', #1185, #259, #160, .T. ) ;
#2032 = CIRCLE ( 'NONE', #93, 2.899999999999999911 ) ;
#2033 = AXIS2_PLACEMENT_3D ( 'NONE', #1569, #306, #971 ) ;
#2034 = CARTESIAN_POINT ( 'NONE',  ( 23.35480021920996307, -15.74999999999974598, 11.80000000000000071 ) ) ;
#2035 = AXIS2_PLACEMENT_3D ( 'NONE', #1647, #179, #539 ) ;
#2036 = VECTOR ( 'NONE', #1055, 999.9999999999998863 ) ;
#2037 = ORIENTED_EDGE ( 'NONE', *, *, #1008, .T. ) ;
#2038 = CARTESIAN_POINT ( 'NONE',  ( 0.000000000000000000, 0.000000000000000000, 0.000000000000000000 ) ) ;
#2039 = CARTESIAN_POINT ( 'NONE',  ( 3.925000000000220979, -31.50000000000000000, 11.80000000000000071 ) ) ;
#2040 = DIRECTION ( 'NONE',  ( 1.000000000000000000, 0.000000000000000000, -0.000000000000000000 ) ) ;
#2041 = ORIENTED_EDGE ( 'NONE', *, *, #1508, .F. ) ;
#2042 = EDGE_LOOP ( 'NONE', ( #684, #196 ) ) ;
#2043 = CARTESIAN_POINT ( 'NONE',  ( -27.27980021920975773, -15.75000000000012790, 0.000000000000000000 ) ) ;
#2044 = DIRECTION ( 'NONE',  ( -0.000000000000000000, -0.000000000000000000, -1.000000000000000000 ) ) ;
#2045 = CARTESIAN_POINT ( 'NONE',  ( -8.829356153105113236, -33.68543350024464189, 7.800000000000001599 ) ) ;
#2046 = EDGE_CURVE ( 'NONE', #1307, #1646, #1656, .T. ) ;
#2047 = FACE_OUTER_BOUND ( 'NONE', #1182, .T. ) ;
#2048 = VERTEX_POINT ( 'NONE', #701 ) ;
#2049 = ADVANCED_FACE ( 'NONE', ( #902 ), #2140, .F. ) ;
#2050 = CARTESIAN_POINT ( 'NONE',  ( -11.72935615310511359, 33.93456649975535555, 7.800000000000001599 ) ) ;
#2051 = VERTEX_POINT ( 'NONE', #352 ) ;
#2052 = CARTESIAN_POINT ( 'NONE',  ( 9.290643846894893088, 33.93456649975535555, 11.80000000000000071 ) ) ;
#2053 = DIRECTION ( 'NONE',  ( -0.000000000000000000, -0.000000000000000000, -1.000000000000000000 ) ) ;
#2054 = FACE_OUTER_BOUND ( 'NONE', #303, .T. ) ;
#2055 = EDGE_LOOP ( 'NONE', ( #1469, #1870, #1543, #1896 ) ) ;
#2056 = CIRCLE ( 'NONE', #924, 39.99999999999999289 ) ;
#2057 = ORIENTED_EDGE ( 'NONE', *, *, #1355, .T. ) ;
#2058 = ORIENTED_EDGE ( 'NONE', *, *, #1597, .F. ) ;
#2059 = PERSON_AND_ORGANIZATION ( #2189, #1353 ) ;
#2060 = CARTESIAN_POINT ( 'NONE',  ( 0.000000000000000000, 31.50000000000000000, 0.000000000000000000 ) ) ;
#2061 = EDGE_LOOP ( 'NONE', ( #1316, #1636, #1848, #2218 ) ) ;
#2062 = CARTESIAN_POINT ( 'NONE',  ( 32.73064384689489970, -9.875433500244644947, 7.800000000000001599 ) ) ;
#2063 = EDGE_CURVE ( 'NONE', #484, #105, #2032, .T. ) ;
#2064 = ORIENTED_EDGE ( 'NONE', *, *, #1180, .T. ) ;
#2065 = CARTESIAN_POINT ( 'NONE',  ( 9.290643846894893088, 33.93456649975535555, 11.80000000000000071 ) ) ;
#2066 = CARTESIAN_POINT ( 'NONE',  ( -32.26935615310511452, 10.12456649975535505, 7.800000000000001599 ) ) ;
#2067 = CARTESIAN_POINT ( 'NONE',  ( -32.26935615310511452, -9.875433500244644947, 7.800000000000001599 ) ) ;
#2068 = ORIENTED_EDGE ( 'NONE', *, *, #1261, .F. ) ;
#2069 = ORIENTED_EDGE ( 'NONE', *, *, #2308, .T. ) ;
#2070 = DIRECTION ( 'NONE',  ( -0.000000000000000000, -0.000000000000000000, 1.000000000000000000 ) ) ;
#2071 = DATE_AND_TIME ( #851, #1643 ) ;
#2072 = CIRCLE ( 'NONE', #1919, 4.425000000000008704 ) ;
#2073 = DIRECTION ( 'NONE',  ( -0.000000000000000000, -0.000000000000000000, -1.000000000000000000 ) ) ;
#2074 = VERTEX_POINT ( 'NONE', #1449 ) ;
#2075 = AXIS2_PLACEMENT_3D ( 'NONE', #108, #1882, #1723 ) ;
#2076 = VECTOR ( 'NONE', #1335, 1000.000000000000000 ) ;
#2077 = ORIENTED_EDGE ( 'NONE', *, *, #2158, .T. ) ;
#2078 = DIRECTION ( 'NONE',  ( 1.000000000000000000, 0.000000000000000000, 0.000000000000000000 ) ) ;
#2079 = CIRCLE ( 'NONE', #2226, 3.500000000000003109 ) ;
#2080 = AXIS2_PLACEMENT_3D ( 'NONE', #2187, #737, #190 ) ;
#2081 = CARTESIAN_POINT ( 'NONE',  ( -28.76935615310511807, -9.875433500244644947, 11.80000000000000071 ) ) ;
#2082 = DIRECTION ( 'NONE',  ( -0.000000000000000000, -0.000000000000000000, 1.000000000000000000 ) ) ;
#2083 = ORIENTED_EDGE ( 'NONE', *, *, #1118, .T. ) ;
#2084 = ORIENTED_EDGE ( 'NONE', *, *, #1398, .T. ) ;
#2085 = CYLINDRICAL_SURFACE ( 'NONE', #361, 1.750000000000000666 ) ;
#2086 = DIRECTION ( 'NONE',  ( -1.000000000000000000, 0.000000000000000000, 0.000000000000000000 ) ) ;
#2087 = ORIENTED_EDGE ( 'NONE', *, *, #1939, .T. ) ;
#2088 = ORIENTED_EDGE ( 'NONE', *, *, #702, .T. ) ;
#2089 = CARTESIAN_POINT ( 'NONE',  ( 31.70480021920965541, 15.75000000000031974, 11.80000000000000071 ) ) ;
#2090 = FACE_OUTER_BOUND ( 'NONE', #1718, .T. ) ;
#2091 = EDGE_LOOP ( 'NONE', ( #1815, #818, #2083, #1167 ) ) ;
#2092 = EDGE_CURVE ( 'NONE', #105, #484, #945, .T. ) ;
#2093 = APPROVAL_DATE_TIME ( #1930, #731 ) ;
#2094 = CIRCLE ( 'NONE', #677, 3.925000000000000711 ) ;
#2095 = CARTESIAN_POINT ( 'NONE',  ( 2.199633243471174140E-13, -31.50000000000000000, 11.80000000000000071 ) ) ;
#2096 = ORIENTED_EDGE ( 'NONE', *, *, #1611, .F. ) ;
#2097 = ORIENTED_EDGE ( 'NONE', *, *, #351, .F. ) ;
#2098 = CARTESIAN_POINT ( 'NONE',  ( -30.25470065001900721, -12.74165340064407381, 11.60318709588325525 ) ) ;
#2099 = AXIS2_PLACEMENT_3D ( 'NONE', #1489, #1308, #424 ) ;
#2100 = FACE_BOUND ( 'NONE', #773, .T. ) ;
#2101 = CARTESIAN_POINT ( 'NONE',  ( -31.70480021920986502, 15.74999999999993783, 11.80000000000000071 ) ) ;
#2102 = DIRECTION ( 'NONE',  ( -0.000000000000000000, -0.000000000000000000, 1.000000000000000000 ) ) ;
#2103 = CARTESIAN_POINT ( 'NONE',  ( 6.390643846894894509, -33.68543350024464189, 7.800000000000001599 ) ) ;
#2104 = ORIENTED_EDGE ( 'NONE', *, *, #1876, .T. ) ;
#2105 = EDGE_CURVE ( 'NONE', #1810, #1026, #2152, .T. ) ;
#2106 = AXIS2_PLACEMENT_3D ( 'NONE', #933, #246, #1525 ) ;
#2107 = LINE ( 'NONE', #509, #309 ) ;
#2108 = VECTOR ( 'NONE', #1683, 999.9999999999998863 ) ;
#2109 = CARTESIAN_POINT ( 'NONE',  ( -7.079356153105113236, 33.93456649975535555, 7.800000000000001599 ) ) ;
#2110 = EDGE_CURVE ( 'NONE', #478, #2051, #1773, .T. ) ;
#2111 = CIRCLE ( 'NONE', #1520, 39.99999999999999289 ) ;
#2112 = EDGE_LOOP ( 'NONE', ( #854, #224 ) ) ;
#2113 = DIRECTION ( 'NONE',  ( 0.000000000000000000, 0.000000000000000000, 1.000000000000000000 ) ) ;
#2114 = CIRCLE ( 'NONE', #1890, 3.925000000000001599 ) ;
#2115 = DIRECTION ( 'NONE',  ( 1.000000000000000000, 0.000000000000000000, 0.000000000000000000 ) ) ;
#2116 = VECTOR ( 'NONE', #1170, 1000.000000000000000 ) ;
#2117 = VECTOR ( 'NONE', #2009, 1000.000000000000000 ) ;
#2118 = AXIS2_PLACEMENT_3D ( 'NONE', #567, #915, #2283 ) ;
#2119 = DIRECTION ( 'NONE',  ( 0.000000000000000000, 0.000000000000000000, 1.000000000000000000 ) ) ;
#2120 = COORDINATED_UNIVERSAL_TIME_OFFSET ( 8, 0, .AHEAD. ) ;
#2121 = FACE_BOUND ( 'NONE', #455, .T. ) ;
#2122 = VERTEX_POINT ( 'NONE', #331 ) ;
#2123 = EDGE_CURVE ( 'NONE', #1802, #2257, #1991, .T. ) ;
#2124 = DIRECTION ( 'NONE',  ( -0.000000000000000000, 0.000000000000000000, -1.000000000000000000 ) ) ;
#2125 = CARTESIAN_POINT ( 'NONE',  ( -29.76789400964447196, -12.32834058827314294, 11.60296983229999412 ) ) ;
#2126 = ADVANCED_FACE ( 'NONE', ( #1942 ), #176, .F. ) ;
#2127 = ORIENTED_EDGE ( 'NONE', *, *, #1725, .F. ) ;
#2128 = DIRECTION ( 'NONE',  ( -0.000000000000000000, -0.000000000000000000, 1.000000000000000000 ) ) ;
#2129 = DIRECTION ( 'NONE',  ( 0.000000000000000000, 0.000000000000000000, 1.000000000000000000 ) ) ;
#2130 = SECURITY_CLASSIFICATION_LEVEL ( 'unclassified' ) ;
#2131 = CARTESIAN_POINT ( 'NONE',  ( -22.85480021920984228, 15.74999999999993783, 11.80000000000000071 ) ) ;
#2132 = AXIS2_PLACEMENT_3D ( 'NONE', #1504, #1339, #2021 ) ;
#2133 = CARTESIAN_POINT ( 'NONE',  ( -23.35480021920975702, -15.75000000000012790, 11.29999999999998828 ) ) ;
#2134 = EDGE_CURVE ( 'NONE', #1340, #952, #186, .T. ) ;
#2135 = ORIENTED_EDGE ( 'NONE', *, *, #726, .T. ) ;
#2136 = CIRCLE ( 'NONE', #1395, 4.424999999999998046 ) ;
#2137 = DIRECTION ( 'NONE',  ( -0.000000000000000000, -0.000000000000000000, -1.000000000000000000 ) ) ;
#2138 = EDGE_CURVE ( 'NONE', #614, #2010, #1370, .T. ) ;
#2139 = FACE_OUTER_BOUND ( 'NONE', #1648, .T. ) ;
#2140 = CYLINDRICAL_SURFACE ( 'NONE', #466, 3.925000000000001599 ) ;
#2141 = CARTESIAN_POINT ( 'NONE',  ( -30.51611379008767244, -12.90861574503012221, 11.67901838938306014 ) ) ;
#2142 = VECTOR ( 'NONE', #46, 1000.000000000000000 ) ;
#2143 = ORIENTED_EDGE ( 'NONE', *, *, #1875, .F. ) ;
#2144 = AXIS2_PLACEMENT_3D ( 'NONE', #1379, #536, #1253 ) ;
#2145 = ADVANCED_FACE ( 'NONE', ( #891, #2121, #1796, #1601, #1596, #1609, #721, #883, #25, #4, #1263, #1246, #1974, #362, #517, #2309 ), #17, .F. ) ;
#2146 = EDGE_CURVE ( 'NONE', #2240, #1194, #275, .T. ) ;
#2147 = DIRECTION ( 'NONE',  ( -0.000000000000000000, -0.000000000000000000, -1.000000000000000000 ) ) ;
#2148 = VECTOR ( 'NONE', #1715, 1000.000000000000000 ) ;
#2149 = AXIS2_PLACEMENT_3D ( 'NONE', #1264, #340, #2316 ) ;
#2150 = ADVANCED_FACE ( 'NONE', ( #709, #1121 ), #1830, .T. ) ;
#2151 = ORIENTED_EDGE ( 'NONE', *, *, #2105, .F. ) ;
#2152 = LINE ( 'NONE', #1984, #1885 ) ;
#2153 = DIRECTION ( 'NONE',  ( 0.000000000000000000, 0.000000000000000000, 1.000000000000000000 ) ) ;
#2154 = CIRCLE ( 'NONE', #734, 3.924999999999998046 ) ;
#2155 = CARTESIAN_POINT ( 'NONE',  ( -29.16890404964987837, 11.74851131229670642, 11.80000000000000071 ) ) ;
#2156 = ORIENTED_EDGE ( 'NONE', *, *, #2184, .F. ) ;
#2157 = COORDINATED_UNIVERSAL_TIME_OFFSET ( 8, 0, .AHEAD. ) ;
#2158 = EDGE_CURVE ( 'NONE', #1828, #1878, #2111, .T. ) ;
#2159 = ORIENTED_EDGE ( 'NONE', *, *, #959, .F. ) ;
#2160 = CARTESIAN_POINT ( 'NONE',  ( 0.000000000000000000, 0.000000000000000000, 0.000000000000000000 ) ) ;
#2161 = CARTESIAN_POINT ( 'NONE',  ( 32.73064384689489970, 10.12456649975535505, 11.80000000000000071 ) ) ;
#2162 = VERTEX_POINT ( 'NONE', #580 ) ;
#2163 = CARTESIAN_POINT ( 'NONE',  ( 32.73064384689489970, -9.875433500244644947, 7.800000000000001599 ) ) ;
#2164 = CARTESIAN_POINT ( 'NONE',  ( -29.36556719393019677, 12.09026139655246368, 11.58255600968745469 ) ) ;
#2165 = ORIENTED_EDGE ( 'NONE', *, *, #1033, .T. ) ;
#2166 = ORIENTED_EDGE ( 'NONE', *, *, #859, .F. ) ;
#2167 = DIRECTION ( 'NONE',  ( 0.000000000000000000, 0.000000000000000000, -1.000000000000000000 ) ) ;
#2168 = EDGE_CURVE ( 'NONE', #1090, #2318, #378, .T. ) ;
#2169 = CARTESIAN_POINT ( 'NONE',  ( -30.11935615310511594, 10.12456649975535505, 0.000000000000000000 ) ) ;
#2170 = CARTESIAN_POINT ( 'NONE',  ( 39.99999999999999289, 4.898587196589412237E-15, 11.80000000000000071 ) ) ;
#2171 = ORIENTED_EDGE ( 'NONE', *, *, #848, .F. ) ;
#2172 = CARTESIAN_POINT ( 'NONE',  ( -8.829356153105113236, 33.93456649975535555, 11.80000000000000071 ) ) ;
#2173 = EDGE_CURVE ( 'NONE', #12, #185, #1097, .T. ) ;
#2174 = CARTESIAN_POINT ( 'NONE',  ( 30.75997379386716091, 13.01704978269748203, 11.80000000000000071 ) ) ;
#2175 = CARTESIAN_POINT ( 'NONE',  ( 32.73064384689489970, 10.12456649975535505, 11.80000000000000071 ) ) ;
#2176 = AXIS2_PLACEMENT_3D ( 'NONE', #2208, #440, #604 ) ;
#2177 = ORIENTED_EDGE ( 'NONE', *, *, #524, .T. ) ;
#2178 = ORIENTED_EDGE ( 'NONE', *, *, #1916, .T. ) ;
#2179 = CARTESIAN_POINT ( 'NONE',  ( 23.35480021920963267, 15.75000000000031974, 11.29999999999997584 ) ) ;
#2180 = AXIS2_PLACEMENT_3D ( 'NONE', #870, #169, #1221 ) ;
#2181 = AXIS2_PLACEMENT_3D ( 'NONE', #1743, #687, #858 ) ;
#2182 = DIRECTION ( 'NONE',  ( 0.000000000000000000, 0.000000000000000000, -1.000000000000000000 ) ) ;
#2183 = EDGE_LOOP ( 'NONE', ( #750, #1456, #1417, #563, #1202, #1357 ) ) ;
#2184 = EDGE_CURVE ( 'NONE', #2074, #724, #1840, .T. ) ;
#2185 = DIRECTION ( 'NONE',  ( -1.000000000000000000, 0.000000000000000000, 0.000000000000000000 ) ) ;
#2186 = ORIENTED_EDGE ( 'NONE', *, *, #1657, .F. ) ;
#2187 = CARTESIAN_POINT ( 'NONE',  ( 27.27980021920963338, 15.75000000000031974, 11.80000000000000071 ) ) ;
#2188 = ADVANCED_FACE ( 'NONE', ( #938 ), #1655, .F. ) ;
#2189 = PERSON ( 'æœª', 'æœª', 'æœª', ('æœª'), ('æœª'), ('æœª') ) ;
#2190 = CARTESIAN_POINT ( 'NONE',  ( -32.26935615310511452, 10.12456649975535505, 0.000000000000000000 ) ) ;
#2191 = CARTESIAN_POINT ( 'NONE',  ( 0.000000000000000000, 0.000000000000000000, 11.80000000000000071 ) ) ;
#2192 = ORIENTED_EDGE ( 'NONE', *, *, #566, .T. ) ;
#2193 = ORIENTED_EDGE ( 'NONE', *, *, #1480, .F. ) ;
#2194 = DIRECTION ( 'NONE',  ( 1.000000000000000000, 0.000000000000000000, 0.000000000000000000 ) ) ;
#2195 = DIRECTION ( 'NONE',  ( -1.000000000000000000, 0.000000000000000000, 0.000000000000000000 ) ) ;
#2196 = CYLINDRICAL_SURFACE ( 'NONE', #1057, 2.899999999999999911 ) ;
#2197 = ORIENTED_EDGE ( 'NONE', *, *, #1973, .F. ) ;
#2198 = ORIENTED_EDGE ( 'NONE', *, *, #377, .T. ) ;
#2199 = FACE_OUTER_BOUND ( 'NONE', #965, .T. ) ;
#2200 = EDGE_CURVE ( 'NONE', #149, #1090, #2207, .T. ) ;
#2201 = DIRECTION ( 'NONE',  ( -0.000000000000000000, 0.000000000000000000, -1.000000000000000000 ) ) ;
#2202 = DIRECTION ( 'NONE',  ( 1.000000000000000000, 0.000000000000000000, 0.000000000000000000 ) ) ;
#2203 = EDGE_CURVE ( 'NONE', #1732, #485, #1059, .T. ) ;
#2204 = EDGE_LOOP ( 'NONE', ( #1904, #1325, #1533, #368 ) ) ;
#2205 = ORIENTED_EDGE ( 'NONE', *, *, #87, .F. ) ;
#2206 = SECURITY_CLASSIFICATION ( '', '', #2130 ) ;
#2207 = LINE ( 'NONE', #1671, #2076 ) ;
#2208 = CARTESIAN_POINT ( 'NONE',  ( 27.27980021920963338, 15.75000000000031974, 11.80000000000000071 ) ) ;
#2209 = EDGE_LOOP ( 'NONE', ( #1344, #2262, #1371, #1679, #211, #287 ) ) ;
#2210 = VERTEX_POINT ( 'NONE', #439 ) ;
#2211 = CARTESIAN_POINT ( 'NONE',  ( -11.72935615310511359, -33.68543350024464189, 7.800000000000001599 ) ) ;
#2212 = CARTESIAN_POINT ( 'NONE',  ( -5.929356153105113769, 33.93456649975535555, 7.800000000000001599 ) ) ;
#2213 = CARTESIAN_POINT ( 'NONE',  ( -3.924999999999780442, -31.50000000000000000, 11.80000000000000071 ) ) ;
#2214 = ORIENTED_EDGE ( 'NONE', *, *, #9, .T. ) ;
#2215 = EDGE_CURVE ( 'NONE', #1351, #1833, #505, .T. ) ;
#2216 = CONICAL_SURFACE ( 'NONE', #1468, 4.425000000000012257, 0.7853981633974473908 ) ;
#2217 = EDGE_CURVE ( 'NONE', #322, #2162, #2301, .T. ) ;
#2218 = ORIENTED_EDGE ( 'NONE', *, *, #727, .T. ) ;
#2219 = CARTESIAN_POINT ( 'NONE',  ( -11.72935615310511359, 33.93456649975535555, 7.800000000000001599 ) ) ;
#2220 = EDGE_CURVE ( 'NONE', #2210, #593, #162, .T. ) ;
#2221 = AXIS2_PLACEMENT_3D ( 'NONE', #2095, #503, #2086 ) ;
#2222 = AXIS2_PLACEMENT_3D ( 'NONE', #1800, #247, #1315 ) ;
#2223 = AXIS2_PLACEMENT_3D ( 'NONE', #1452, #1649, #1506 ) ;
#2224 = CYLINDRICAL_SURFACE ( 'NONE', #463, 2.899999999999999911 ) ;
#2225 = ORIENTED_EDGE ( 'NONE', *, *, #2203, .F. ) ;
#2226 = AXIS2_PLACEMENT_3D ( 'NONE', #2161, #29, #557 ) ;
#2227 = VECTOR ( 'NONE', #1548, 1000.000000000000000 ) ;
#2228 = CARTESIAN_POINT ( 'NONE',  ( -8.829356153105113236, 33.93456649975535555, 11.80000000000000071 ) ) ;
#2229 = ORIENTED_EDGE ( 'NONE', *, *, #1218, .T. ) ;
#2230 = DIRECTION ( 'NONE',  ( -1.000000000000000000, 0.000000000000000000, 0.000000000000000000 ) ) ;
#2231 = DIRECTION ( 'NONE',  ( -0.000000000000000000, -0.000000000000000000, -1.000000000000000000 ) ) ;
#2232 = DIRECTION ( 'NONE',  ( -0.000000000000000000, -0.000000000000000000, 1.000000000000000000 ) ) ;
#2233 = ORIENTED_EDGE ( 'NONE', *, *, #2184, .T. ) ;
#2234 = ORIENTED_EDGE ( 'NONE', *, *, #1071, .T. ) ;
#2235 = MECHANICAL_CONTEXT ( 'NONE', #560, 'mechanical' ) ;
#2236 = ADVANCED_FACE ( 'NONE', ( #603 ), #752, .F. ) ;
#2237 = CYLINDRICAL_SURFACE ( 'NONE', #1518, 2.149999999999999023 ) ;
#2238 = ORIENTED_EDGE ( 'NONE', *, *, #2031, .T. ) ;
#2239 = DESIGN_CONTEXT ( 'detailed design', #1790, 'design' ) ;
#2240 = VERTEX_POINT ( 'NONE', #408 ) ;
#2241 = CARTESIAN_POINT ( 'NONE',  ( -4.424999999999998046, 31.50000000000000000, 11.80000000000000071 ) ) ;
#2242 = CARTESIAN_POINT ( 'NONE',  ( 34.88064384689489827, 10.12456649975535505, 0.000000000000000000 ) ) ;
#2243 = ORIENTED_EDGE ( 'NONE', *, *, #1053, .T. ) ;
#2244 = CIRCLE ( 'NONE', #2132, 1.750000000000000666 ) ;
#2245 = VERTEX_POINT ( 'NONE', #1470 ) ;
#2246 = DIRECTION ( 'NONE',  ( -1.000000000000000000, 0.000000000000000000, 0.000000000000000000 ) ) ;
#2247 = PRODUCT_DEFINITION_FORMATION_WITH_SPECIFIED_SOURCE ( 'ä»', '', #892, .NOT_KNOWN. ) ;
#2248 = FACE_OUTER_BOUND ( 'NONE', #2091, .T. ) ;
#2249 = ORIENTED_EDGE ( 'NONE', *, *, #922, .T. ) ;
#2250 = DIRECTION ( 'NONE',  ( -0.000000000000000000, -0.000000000000000000, -1.000000000000000000 ) ) ;
#2251 = EDGE_CURVE ( 'NONE', #1736, #529, #2136, .T. ) ;
#2252 = EDGE_LOOP ( 'NONE', ( #861, #24 ) ) ;
#2253 = DIRECTION ( 'NONE',  ( 0.000000000000000000, 0.000000000000000000, 1.000000000000000000 ) ) ;
#2254 = DIRECTION ( 'NONE',  ( -0.000000000000000000, -0.000000000000000000, 1.000000000000000000 ) ) ;
#2255 = DIRECTION ( 'NONE',  ( 0.000000000000000000, 0.000000000000000000, 1.000000000000000000 ) ) ;
#2256 = ORIENTED_EDGE ( 'NONE', *, *, #1530, .T. ) ;
#2257 = VERTEX_POINT ( 'NONE', #2179 ) ;
#2258 = ORIENTED_EDGE ( 'NONE', *, *, #1787, .T. ) ;
#2259 = DIRECTION ( 'NONE',  ( 0.000000000000000000, 0.000000000000000000, 1.000000000000000000 ) ) ;
#2260 = AXIS2_PLACEMENT_3D ( 'NONE', #1342, #2053, #446 ) ;
#2261 = CARTESIAN_POINT ( 'NONE',  ( -8.829356153105113236, 33.93456649975535555, 7.800000000000001599 ) ) ;
#2262 = ORIENTED_EDGE ( 'NONE', *, *, #1628, .T. ) ;
#2263 = CIRCLE ( 'NONE', #1324, 15.59999999999999964 ) ;
#2264 = UNCERTAINTY_MEASURE_WITH_UNIT (LENGTH_MEASURE( 1.000000000000000082E-05 ), #300, 'distance_accuracy_value', 'NONE');
#2265 = AXIS2_PLACEMENT_3D ( 'NONE', #914, #370, #1049 ) ;
#2266 = ORIENTED_EDGE ( 'NONE', *, *, #897, .T. ) ;
#2267 = DIRECTION ( 'NONE',  ( -0.000000000000000000, -0.000000000000000000, -1.000000000000000000 ) ) ;
#2268 = AXIS2_PLACEMENT_3D ( 'NONE', #285, #2254, #1034 ) ;
#2269 = AXIS2_PLACEMENT_3D ( 'NONE', #47, #576, #764 ) ;
#2270 = EDGE_CURVE ( 'NONE', #504, #1839, #929, .T. ) ;
#2271 = DIRECTION ( 'NONE',  ( 1.000000000000000000, 0.000000000000000000, 0.000000000000000000 ) ) ;
#2272 = EDGE_CURVE ( 'NONE', #1404, #1117, #261, .T. ) ;
#2273 = PLANE ( 'NONE',  #193 ) ;
#2274 = ORIENTED_EDGE ( 'NONE', *, *, #1033, .F. ) ;
#2275 = DIRECTION ( 'NONE',  ( 1.000000000000000000, 0.000000000000000000, 0.000000000000000000 ) ) ;
#2276 = DIRECTION ( 'NONE',  ( 1.000000000000000000, 0.000000000000000000, 0.000000000000000000 ) ) ;
#2277 = CYLINDRICAL_SURFACE ( 'NONE', #374, 2.899999999999999911 ) ;
#2278 = ORIENTED_EDGE ( 'NONE', *, *, #154, .T. ) ;
#2279 = CARTESIAN_POINT ( 'NONE',  ( -31.70480021920976554, -15.75000000000012790, 11.80000000000000071 ) ) ;
#2280 = FACE_OUTER_BOUND ( 'NONE', #765, .T. ) ;
#2281 = FACE_OUTER_BOUND ( 'NONE', #382, .T. ) ;
#2282 = EDGE_CURVE ( 'NONE', #921, #1736, #262, .T. ) ;
#2283 = DIRECTION ( 'NONE',  ( -1.000000000000000000, 0.000000000000000000, 0.000000000000000000 ) ) ;
#2284 = EDGE_CURVE ( 'NONE', #865, #1630, #2006, .T. ) ;
#2285 = COORDINATED_UNIVERSAL_TIME_OFFSET ( 8, 0, .AHEAD. ) ;
#2286 = CIRCLE ( 'NONE', #216, 3.924999999999998046 ) ;
#2287 = DIRECTION ( 'NONE',  ( -1.000000000000000000, 0.000000000000000000, 0.000000000000000000 ) ) ;
#2288 = ORIENTED_EDGE ( 'NONE', *, *, #391, .F. ) ;
#2289 = DIRECTION ( 'NONE',  ( -0.000000000000000000, -0.000000000000000000, -1.000000000000000000 ) ) ;
#2290 = DIRECTION ( 'NONE',  ( 0.000000000000000000, 0.000000000000000000, 1.000000000000000000 ) ) ;
#2291 = CARTESIAN_POINT ( 'NONE',  ( 22.85480021920994886, -15.74999999999974598, 11.80000000000000071 ) ) ;
#2292 = CARTESIAN_POINT ( 'NONE',  ( -8.829356153105113236, 33.93456649975535555, 11.80000000000000071 ) ) ;
#2293 = ADVANCED_FACE ( 'NONE', ( #1693, #92 ), #1207, .T. ) ;
#2294 = VERTEX_POINT ( 'NONE', #1880 ) ;
#2295 = ADVANCED_FACE ( 'NONE', ( #831, #274 ), #1733, .T. ) ;
#2296 = LINE ( 'NONE', #2103, #569 ) ;
#2297 = EDGE_LOOP ( 'NONE', ( #1005, #272, #84, #1201 ) ) ;
#2298 = DIRECTION ( 'NONE',  ( -0.000000000000000000, -0.000000000000000000, -1.000000000000000000 ) ) ;
#2299 = CIRCLE ( 'NONE', #1220, 2.899999999999999911 ) ;
#2300 = DIRECTION ( 'NONE',  ( 1.000000000000000000, 0.000000000000000000, 0.000000000000000000 ) ) ;
#2301 = CIRCLE ( 'NONE', #1282, 3.500000000000003109 ) ;
#2302 = EDGE_LOOP ( 'NONE', ( #2274, #605, #1816, #1381 ) ) ;
#2303 = VECTOR ( 'NONE', #337, 1000.000000000000000 ) ;
#2304 = CARTESIAN_POINT ( 'NONE',  ( 32.73064384689489970, 10.12456649975535505, 11.80000000000000071 ) ) ;
#2305 = CYLINDRICAL_SURFACE ( 'NONE', #420, 1.749999999999999778 ) ;
#2306 = CIRCLE ( 'NONE', #1778, 3.925000000000001599 ) ;
#2307 = CYLINDRICAL_SURFACE ( 'NONE', #507, 1.749999999999999778 ) ;
#2308 = EDGE_CURVE ( 'NONE', #1194, #1278, #320, .T. ) ;
#2309 = FACE_OUTER_BOUND ( 'NONE', #1719, .T. ) ;
#2310 = DIRECTION ( 'NONE',  ( 1.000000000000000000, 0.000000000000000000, -0.000000000000000000 ) ) ;
#2311 = DIRECTION ( 'NONE',  ( -1.000000000000000000, 0.000000000000000000, 0.000000000000000000 ) ) ;
#2312 = CARTESIAN_POINT ( 'NONE',  ( -31.70480021920986502, 15.74999999999993783, 11.80000000000000071 ) ) ;
#2313 = DATE_AND_TIME ( #1953, #558 ) ;
#2314 = DIRECTION ( 'NONE',  ( 1.000000000000000000, 0.000000000000000000, 0.000000000000000000 ) ) ;
#2315 = VECTOR ( 'NONE', #1319, 1000.000000000000000 ) ;
#2316 = DIRECTION ( 'NONE',  ( 1.000000000000000000, 0.000000000000000000, 0.000000000000000000 ) ) ;
#2317 = CARTESIAN_POINT ( 'NONE',  ( -29.46782128312114324, -11.97849148191634150, 11.73329233628126644 ) ) ;
#2318 = VERTEX_POINT ( 'NONE', #1198 ) ;
#2319 = EDGE_CURVE ( 'NONE', #128, #630, #36, .T. ) ;
ENDSEC;
END-ISO-10303-21;
