ISO-10303-21;
HEADER;
FILE_DESCRIPTION (( 'STEP AP203' ),
    '1' );
FILE_NAME ('·¨À¼µ××ùrobotiq-tb6r5.STEP',
    '2026-05-16T02:44:32',
    ( '' ),
    ( '' ),
    'SwSTEP 2.0',
    'SolidWorks 2024',
    '' );
FILE_SCHEMA (( 'CONFIG_CONTROL_DESIGN' ));
ENDSEC;

DATA;
#1 = FACE_OUTER_BOUND ( 'NONE', #1357, .T. ) ;
#2 = ORIENTED_EDGE ( 'NONE', *, *, #1603, .F. ) ;
#3 = FACE_OUTER_BOUND ( 'NONE', #1668, .T. ) ;
#4 = CYLINDRICAL_SURFACE ( 'NONE', #919, 3.024999999999999911 ) ;
#5 = ORIENTED_EDGE ( 'NONE', *, *, #668, .T. ) ;
#6 = CARTESIAN_POINT ( 'NONE',  ( 30.58064384689489756, -9.875433500244644947, 0.000000000000000000 ) ) ;
#7 = DATE_TIME_ROLE ( 'creation_date' ) ;
#8 = EDGE_LOOP ( 'NONE', ( #948, #1870 ) ) ;
#9 = LINE ( 'NONE', #348, #1676 ) ;
#10 = AXIS2_PLACEMENT_3D ( 'NONE', #1888, #864, #1289 ) ;
#11 = DIRECTION ( 'NONE',  ( 0.000000000000000000, 0.000000000000000000, 1.000000000000000000 ) ) ;
#12 = VERTEX_POINT ( 'NONE', #1569 ) ;
#13 = CIRCLE ( 'NONE', #1378, 1.750000000000000666 ) ;
#14 = AXIS2_PLACEMENT_3D ( 'NONE', #1773, #1023, #735 ) ;
#15 = AXIS2_PLACEMENT_3D ( 'NONE', #1374, #620, #1038 ) ;
#16 = CYLINDRICAL_SURFACE ( 'NONE', #893, 15.59999999999999964 ) ;
#17 = ORIENTED_EDGE ( 'NONE', *, *, #1477, .T. ) ;
#18 = CARTESIAN_POINT ( 'NONE',  ( 0.000000000000000000, 0.000000000000000000, 11.80000000000000071 ) ) ;
#19 = MECHANICAL_CONTEXT ( 'NONE', #778, 'mechanical' ) ;
#20 = ORIENTED_EDGE ( 'NONE', *, *, #988, .F. ) ;
#21 = CARTESIAN_POINT ( 'NONE',  ( -34.41935615310512020, -9.875433500244644947, 11.80000000000000071 ) ) ;
#22 = AXIS2_PLACEMENT_3D ( 'NONE', #1131, #981, #1614 ) ;
#23 = LINE ( 'NONE', #736, #989 ) ;
#24 = ORIENTED_EDGE ( 'NONE', *, *, #807, .F. ) ;
#25 = DIRECTION ( 'NONE',  ( 1.000000000000000000, 0.000000000000000000, 0.000000000000000000 ) ) ;
#26 = PERSON_AND_ORGANIZATION_ROLE ( 'design_owner' ) ;
#27 = EDGE_LOOP ( 'NONE', ( #1646, #1128 ) ) ;
#28 = CARTESIAN_POINT ( 'NONE',  ( -32.26935615310511452, -9.875433500244644947, 0.000000000000000000 ) ) ;
#29 = EDGE_CURVE ( 'NONE', #1330, #1906, #1728, .T. ) ;
#30 = LINE ( 'NONE', #1611, #1858 ) ;
#31 = CIRCLE ( 'NONE', #272, 3.499999999999999556 ) ;
#32 = ORIENTED_EDGE ( 'NONE', *, *, #1495, .F. ) ;
#33 = DIRECTION ( 'NONE',  ( -0.000000000000000000, -0.000000000000000000, -1.000000000000000000 ) ) ;
#34 = DATE_AND_TIME ( #601, #1883 ) ;
#35 = EDGE_CURVE ( 'NONE', #1779, #1908, #1760, .T. ) ;
#36 = VERTEX_POINT ( 'NONE', #1413 ) ;
#37 = DIRECTION ( 'NONE',  ( 0.000000000000000000, 0.000000000000000000, 1.000000000000000000 ) ) ;
#38 = EDGE_CURVE ( 'NONE', #36, #236, #666, .T. ) ;
#39 = VECTOR ( 'NONE', #932, 1000.000000000000000 ) ;
#40 = CARTESIAN_POINT ( 'NONE',  ( -10.57935615310511324, 33.93456649975535555, 0.000000000000000000 ) ) ;
#41 = AXIS2_PLACEMENT_3D ( 'NONE', #803, #1532, #1525 ) ;
#42 = EDGE_LOOP ( 'NONE', ( #204, #1157, #1075, #1687 ) ) ;
#43 = DIRECTION ( 'NONE',  ( -1.000000000000000000, 0.000000000000000000, 0.000000000000000000 ) ) ;
#44 = AXIS2_PLACEMENT_3D ( 'NONE', #1715, #972, #410 ) ;
#45 = LINE ( 'NONE', #1217, #483 ) ;
#46 = EDGE_CURVE ( 'NONE', #1338, #1250, #113, .T. ) ;
#47 = ORIENTED_EDGE ( 'NONE', *, *, #976, .F. ) ;
#48 = CYLINDRICAL_SURFACE ( 'NONE', #521, 2.899999999999999911 ) ;
#49 = EDGE_CURVE ( 'NONE', #715, #777, #402, .T. ) ;
#50 = LINE ( 'NONE', #1256, #133 ) ;
#51 = ORIENTED_EDGE ( 'NONE', *, *, #671, .F. ) ;
#52 = DIRECTION ( 'NONE',  ( -1.000000000000000000, 0.000000000000000000, 0.000000000000000000 ) ) ;
#53 = PRODUCT ( '\X2\6cd551705e955ea7\X0\robotiq-tb6r5', '\X2\6cd551705e955ea7\X0\robotiq-tb6r5', '', ( #19 ) ) ;
#54 = CYLINDRICAL_SURFACE ( 'NONE', #441, 2.899999999999999911 ) ;
#55 = DIRECTION ( 'NONE',  ( 1.000000000000000000, 0.000000000000000000, 0.000000000000000000 ) ) ;
#56 =( GEOMETRIC_REPRESENTATION_CONTEXT ( 3 ) GLOBAL_UNCERTAINTY_ASSIGNED_CONTEXT ( ( #1774 ) ) GLOBAL_UNIT_ASSIGNED_CONTEXT ( ( #1469, #324, #759 ) ) REPRESENTATION_CONTEXT ( 'NONE', 'WORKASPACE' ) );
#57 = LINE ( 'NONE', #1852, #1430 ) ;
#58 = ADVANCED_BREP_SHAPE_REPRESENTATION ( '\X2\6cd551705e955ea7\X0\robotiq-tb6r5', ( #1744, #1641 ), #56 ) ;
#59 = VERTEX_POINT ( 'NONE', #987 ) ;
#60 = DIRECTION ( 'NONE',  ( -0.000000000000000000, -0.000000000000000000, -1.000000000000000000 ) ) ;
#61 = AXIS2_PLACEMENT_3D ( 'NONE', #889, #1794, #606 ) ;
#62 = DIRECTION ( 'NONE',  ( 1.000000000000000000, 0.000000000000000000, 0.000000000000000000 ) ) ;
#63 = CIRCLE ( 'NONE', #522, 2.899999999999999911 ) ;
#64 = FACE_OUTER_BOUND ( 'NONE', #192, .T. ) ;
#65 = DIRECTION ( 'NONE',  ( 0.000000000000000000, 0.000000000000000000, 1.000000000000000000 ) ) ;
#66 = EDGE_CURVE ( 'NONE', #236, #36, #911, .T. ) ;
#67 = CARTESIAN_POINT ( 'NONE',  ( 0.000000000000000000, 0.000000000000000000, 11.80000000000000071 ) ) ;
#68 = EDGE_LOOP ( 'NONE', ( #254, #876, #801, #931 ) ) ;
#69 = DIRECTION ( 'NONE',  ( -0.000000000000000000, -0.000000000000000000, 1.000000000000000000 ) ) ;
#70 = CYLINDRICAL_SURFACE ( 'NONE', #1060, 3.024999999999999911 ) ;
#71 = CIRCLE ( 'NONE', #1839, 1.749999999999999778 ) ;
#72 = CARTESIAN_POINT ( 'NONE',  ( 27.27980021920963338, 15.75000000000031974, 11.80000000000000071 ) ) ;
#73 = DIRECTION ( 'NONE',  ( -1.000000000000000000, 0.000000000000000000, 0.000000000000000000 ) ) ;
#74 = DIRECTION ( 'NONE',  ( 1.000000000000000000, 0.000000000000000000, -0.000000000000000000 ) ) ;
#75 = VERTEX_POINT ( 'NONE', #413 ) ;
#76 = DIRECTION ( 'NONE',  ( 1.000000000000000000, 0.000000000000000000, 0.000000000000000000 ) ) ;
#77 = CYLINDRICAL_SURFACE ( 'NONE', #526, 3.024999999999999911 ) ;
#78 = CARTESIAN_POINT ( 'NONE',  ( -32.26935615310511452, -9.875433500244644947, 7.800000000000001599 ) ) ;
#79 = AXIS2_PLACEMENT_3D ( 'NONE', #531, #540, #1150 ) ;
#80 = FACE_BOUND ( 'NONE', #1787, .T. ) ;
#81 = AXIS2_PLACEMENT_3D ( 'NONE', #993, #1875, #1592 ) ;
#82 = ADVANCED_FACE ( 'NONE', ( #1855 ), #1718, .F. ) ;
#83 = VERTEX_POINT ( 'NONE', #394 ) ;
#84 = EDGE_LOOP ( 'NONE', ( #1871, #766, #1106, #664 ) ) ;
#85 = EDGE_LOOP ( 'NONE', ( #393, #1460, #519, #1798 ) ) ;
#86 = ORIENTED_EDGE ( 'NONE', *, *, #1348, .T. ) ;
#87 = DIRECTION ( 'NONE',  ( -0.000000000000000000, -0.000000000000000000, -1.000000000000000000 ) ) ;
#88 = DIRECTION ( 'NONE',  ( 1.000000000000000000, 0.000000000000000000, 0.000000000000000000 ) ) ;
#89 = CIRCLE ( 'NONE', #1238, 2.149999999999999023 ) ;
#90 = CARTESIAN_POINT ( 'NONE',  ( -27.27980021920985365, 15.74999999999993783, 11.80000000000000071 ) ) ;
#91 = EDGE_LOOP ( 'NONE', ( #917, #293 ) ) ;
#92 = ORIENTED_EDGE ( 'NONE', *, *, #996, .T. ) ;
#93 = FACE_OUTER_BOUND ( 'NONE', #1501, .T. ) ;
#94 = AXIS2_PLACEMENT_3D ( 'NONE', #1031, #853, #572 ) ;
#95 = ORIENTED_EDGE ( 'NONE', *, *, #262, .F. ) ;
#96 = EDGE_CURVE ( 'NONE', #1265, #1250, #420, .T. ) ;
#97 = ADVANCED_FACE ( 'NONE', ( #665 ), #1433, .F. ) ;
#98 = CARTESIAN_POINT ( 'NONE',  ( 9.290643846894893088, -33.68543350024464189, 7.800000000000001599 ) ) ;
#99 = DIRECTION ( 'NONE',  ( -0.000000000000000000, 0.000000000000000000, -1.000000000000000000 ) ) ;
#100 = CIRCLE ( 'NONE', #754, 1.750000000000000666 ) ;
#101 = ORIENTED_EDGE ( 'NONE', *, *, #1013, .F. ) ;
#102 = CARTESIAN_POINT ( 'NONE',  ( -30.11935615310511594, 10.12456649975535505, 7.800000000000001599 ) ) ;
#103 = ORIENTED_EDGE ( 'NONE', *, *, #975, .T. ) ;
#104 = EDGE_LOOP ( 'NONE', ( #1016, #1185, #860, #1803 ) ) ;
#105 = ORIENTED_EDGE ( 'NONE', *, *, #1900, .T. ) ;
#106 = FACE_OUTER_BOUND ( 'NONE', #1568, .T. ) ;
#107 = CARTESIAN_POINT ( 'NONE',  ( 9.290643846894893088, 33.93456649975535555, 11.80000000000000071 ) ) ;
#108 = ADVANCED_FACE ( 'NONE', ( #1266, #376 ), #1748, .T. ) ;
#109 = DIRECTION ( 'NONE',  ( -0.000000000000000000, -0.000000000000000000, -1.000000000000000000 ) ) ;
#110 = ADVANCED_FACE ( 'NONE', ( #685 ), #676, .F. ) ;
#111 = FACE_BOUND ( 'NONE', #210, .T. ) ;
#112 = ORIENTED_EDGE ( 'NONE', *, *, #1268, .F. ) ;
#113 = LINE ( 'NONE', #1129, #764 ) ;
#114 = ADVANCED_FACE ( 'NONE', ( #93 ), #1278, .F. ) ;
#115 = ORIENTED_EDGE ( 'NONE', *, *, #607, .T. ) ;
#116 = LINE ( 'NONE', #579, #295 ) ;
#117 = DIRECTION ( 'NONE',  ( -1.000000000000000000, 0.000000000000000000, 0.000000000000000000 ) ) ;
#118 = ORIENTED_EDGE ( 'NONE', *, *, #1207, .T. ) ;
#119 = CARTESIAN_POINT ( 'NONE',  ( 32.73064384689489970, 10.12456649975535505, 7.800000000000001599 ) ) ;
#120 = AXIS2_PLACEMENT_3D ( 'NONE', #881, #148, #1196 ) ;
#121 = FACE_OUTER_BOUND ( 'NONE', #1275, .T. ) ;
#122 = ORIENTED_EDGE ( 'NONE', *, *, #1495, .T. ) ;
#123 = ADVANCED_FACE ( 'NONE', ( #1327 ), #566, .F. ) ;
#124 = CARTESIAN_POINT ( 'NONE',  ( -11.72935615310511359, 33.93456649975535555, 11.80000000000000071 ) ) ;
#125 = ADVANCED_FACE ( 'NONE', ( #3 ), #880, .F. ) ;
#126 = CIRCLE ( 'NONE', #1458, 3.024999999999999911 ) ;
#127 = ORIENTED_EDGE ( 'NONE', *, *, #975, .F. ) ;
#128 = EDGE_CURVE ( 'NONE', #1319, #1333, #1526, .T. ) ;
#129 = FACE_OUTER_BOUND ( 'NONE', #578, .T. ) ;
#130 = CARTESIAN_POINT ( 'NONE',  ( -8.829356153105113236, 33.93456649975535555, 11.80000000000000071 ) ) ;
#131 = ORIENTED_EDGE ( 'NONE', *, *, #527, .F. ) ;
#132 = FACE_BOUND ( 'NONE', #1776, .T. ) ;
#133 = VECTOR ( 'NONE', #1249, 1000.000000000000000 ) ;
#134 = VERTEX_POINT ( 'NONE', #1918 ) ;
#135 = CIRCLE ( 'NONE', #475, 2.150000000000002576 ) ;
#136 = CARTESIAN_POINT ( 'NONE',  ( 32.73064384689489970, 10.12456649975535505, 11.80000000000000071 ) ) ;
#137 = ORIENTED_EDGE ( 'NONE', *, *, #263, .F. ) ;
#138 = DIRECTION ( 'NONE',  ( -0.000000000000000000, -0.000000000000000000, -1.000000000000000000 ) ) ;
#139 = DIRECTION ( 'NONE',  ( -1.000000000000000000, 0.000000000000000000, 0.000000000000000000 ) ) ;
#140 = VERTEX_POINT ( 'NONE', #857 ) ;
#141 = CARTESIAN_POINT ( 'NONE',  ( 29.23064384689489970, -9.875433500244644947, 7.800000000000001599 ) ) ;
#142 = ORIENTED_EDGE ( 'NONE', *, *, #1360, .F. ) ;
#143 = FACE_OUTER_BOUND ( 'NONE', #999, .T. ) ;
#144 = CARTESIAN_POINT ( 'NONE',  ( -8.829356153105113236, 33.93456649975535555, 11.80000000000000071 ) ) ;
#145 = ORIENTED_EDGE ( 'NONE', *, *, #1071, .T. ) ;
#146 = CARTESIAN_POINT ( 'NONE',  ( -8.829356153105113236, 33.93456649975535555, 7.800000000000001599 ) ) ;
#147 = EDGE_CURVE ( 'NONE', #1449, #836, #1622, .T. ) ;
#148 = DIRECTION ( 'NONE',  ( 0.000000000000000000, 0.000000000000000000, 1.000000000000000000 ) ) ;
#149 = ORIENTED_EDGE ( 'NONE', *, *, #1013, .T. ) ;
#150 = DIRECTION ( 'NONE',  ( -0.000000000000000000, -0.000000000000000000, 1.000000000000000000 ) ) ;
#151 = DIRECTION ( 'NONE',  ( 1.000000000000000000, 0.000000000000000000, 0.000000000000000000 ) ) ;
#152 = EDGE_LOOP ( 'NONE', ( #270, #1515, #338, #142 ) ) ;
#153 = CARTESIAN_POINT ( 'NONE',  ( -27.27980021920985365, 15.74999999999993783, 0.000000000000000000 ) ) ;
#154 = CYLINDRICAL_SURFACE ( 'NONE', #212, 3.024999999999999911 ) ;
#155 = AXIS2_PLACEMENT_3D ( 'NONE', #961, #360, #670 ) ;
#156 = ORIENTED_EDGE ( 'NONE', *, *, #962, .T. ) ;
#157 = AXIS2_PLACEMENT_3D ( 'NONE', #690, #1886, #1899 ) ;
#158 = CARTESIAN_POINT ( 'NONE',  ( 36.23064384689489970, -9.875433500244644947, 7.800000000000001599 ) ) ;
#159 = ORIENTED_EDGE ( 'NONE', *, *, #1504, .F. ) ;
#160 = CARTESIAN_POINT ( 'NONE',  ( 9.290643846894893088, 33.93456649975535555, 7.800000000000001599 ) ) ;
#161 = CARTESIAN_POINT ( 'NONE',  ( 0.000000000000000000, 0.000000000000000000, 0.000000000000000000 ) ) ;
#162 = VERTEX_POINT ( 'NONE', #289 ) ;
#163 = ADVANCED_FACE ( 'NONE', ( #1451 ), #1316, .F. ) ;
#164 = CIRCLE ( 'NONE', #1213, 3.024999999999999911 ) ;
#165 = CARTESIAN_POINT ( 'NONE',  ( 34.88064384689489827, 10.12456649975535505, 0.000000000000000000 ) ) ;
#166 = CIRCLE ( 'NONE', #407, 3.024999999999999911 ) ;
#167 = DIRECTION ( 'NONE',  ( -0.000000000000000000, -0.000000000000000000, -1.000000000000000000 ) ) ;
#168 = VERTEX_POINT ( 'NONE', #124 ) ;
#169 = PLANE ( 'NONE',  #1473 ) ;
#170 = PERSON_AND_ORGANIZATION ( #1195, #232 ) ;
#171 = ORIENTED_EDGE ( 'NONE', *, *, #66, .T. ) ;
#172 = DIRECTION ( 'NONE',  ( 1.000000000000000000, 0.000000000000000000, 0.000000000000000000 ) ) ;
#173 = EDGE_CURVE ( 'NONE', #1577, #168, #276, .T. ) ;
#174 = AXIS2_PLACEMENT_3D ( 'NONE', #729, #716, #1310 ) ;
#175 = EDGE_CURVE ( 'NONE', #587, #986, #345, .T. ) ;
#176 = LINE ( 'NONE', #577, #1609 ) ;
#177 = VECTOR ( 'NONE', #547, 1000.000000000000000 ) ;
#178 = AXIS2_PLACEMENT_3D ( 'NONE', #1766, #1924, #741 ) ;
#179 = EDGE_CURVE ( 'NONE', #1305, #1599, #928, .T. ) ;
#180 = EDGE_LOOP ( 'NONE', ( #1119, #316 ) ) ;
#181 = CARTESIAN_POINT ( 'NONE',  ( -30.30480021920975631, -15.75000000000012790, 0.000000000000000000 ) ) ;
#182 = PERSON_AND_ORGANIZATION ( #1195, #232 ) ;
#183 = VERTEX_POINT ( 'NONE', #1876 ) ;
#184 = CARTESIAN_POINT ( 'NONE',  ( 24.25480021920996165, -15.74999999999974598, 11.80000000000000071 ) ) ;
#185 = DIRECTION ( 'NONE',  ( -0.000000000000000000, -0.000000000000000000, -1.000000000000000000 ) ) ;
#186 = AXIS2_PLACEMENT_3D ( 'NONE', #1337, #1052, #585 ) ;
#187 = EDGE_CURVE ( 'NONE', #777, #1621, #837, .T. ) ;
#188 = EDGE_LOOP ( 'NONE', ( #740, #137, #1145, #1822 ) ) ;
#189 = DIRECTION ( 'NONE',  ( 1.000000000000000000, 0.000000000000000000, 0.000000000000000000 ) ) ;
#190 = CARTESIAN_POINT ( 'NONE',  ( -8.829356153105113236, 33.93456649975535555, 7.800000000000001599 ) ) ;
#191 = EDGE_CURVE ( 'NONE', #593, #1059, #250, .T. ) ;
#192 = EDGE_LOOP ( 'NONE', ( #1853, #1051, #1441, #226 ) ) ;
#193 = DIRECTION ( 'NONE',  ( -0.000000000000000000, -0.000000000000000000, -1.000000000000000000 ) ) ;
#194 = AXIS2_PLACEMENT_3D ( 'NONE', #478, #949, #1551 ) ;
#195 = FACE_OUTER_BOUND ( 'NONE', #438, .T. ) ;
#196 = AXIS2_PLACEMENT_3D ( 'NONE', #1235, #1092, #1830 ) ;
#197 = EDGE_LOOP ( 'NONE', ( #1897, #829, #1099, #1860 ) ) ;
#198 = DIRECTION ( 'NONE',  ( -0.000000000000000000, -0.000000000000000000, 1.000000000000000000 ) ) ;
#199 = AXIS2_PLACEMENT_3D ( 'NONE', #90, #1274, #1283 ) ;
#200 = CARTESIAN_POINT ( 'NONE',  ( -32.26935615310511452, -9.875433500244644947, 11.80000000000000071 ) ) ;
#201 = DIRECTION ( 'NONE',  ( -1.000000000000000000, 0.000000000000000000, 0.000000000000000000 ) ) ;
#202 = CIRCLE ( 'NONE', #1384, 3.024999999999999911 ) ;
#203 = CARTESIAN_POINT ( 'NONE',  ( -35.76935615310511452, -9.875433500244644947, 7.800000000000001599 ) ) ;
#204 = ORIENTED_EDGE ( 'NONE', *, *, #1695, .F. ) ;
#205 = DIRECTION ( 'NONE',  ( -0.000000000000000000, -0.000000000000000000, -1.000000000000000000 ) ) ;
#206 = CYLINDRICAL_SURFACE ( 'NONE', #196, 2.899999999999999911 ) ;
#207 = CARTESIAN_POINT ( 'NONE',  ( 27.27980021920996379, -15.74999999999974598, 11.80000000000000071 ) ) ;
#208 = CARTESIAN_POINT ( 'NONE',  ( -8.829356153105113236, -33.68543350024464189, 11.80000000000000071 ) ) ;
#209 = DIRECTION ( 'NONE',  ( -0.000000000000000000, -0.000000000000000000, -1.000000000000000000 ) ) ;
#210 = EDGE_LOOP ( 'NONE', ( #1589, #1127 ) ) ;
#211 = LINE ( 'NONE', #1679, #867 ) ;
#212 = AXIS2_PLACEMENT_3D ( 'NONE', #1665, #624, #918 ) ;
#213 = CARTESIAN_POINT ( 'NONE',  ( -32.26935615310511452, 10.12456649975535505, 7.800000000000001599 ) ) ;
#214 = CIRCLE ( 'NONE', #1369, 2.899999999999999911 ) ;
#215 = DIRECTION ( 'NONE',  ( -1.000000000000000000, 0.000000000000000000, 0.000000000000000000 ) ) ;
#216 = DIRECTION ( 'NONE',  ( -0.000000000000000000, -0.000000000000000000, -1.000000000000000000 ) ) ;
#217 = DIRECTION ( 'NONE',  ( -0.000000000000000000, -0.000000000000000000, -1.000000000000000000 ) ) ;
#218 = ORIENTED_EDGE ( 'NONE', *, *, #807, .T. ) ;
#219 = DIRECTION ( 'NONE',  ( -0.000000000000000000, -0.000000000000000000, -1.000000000000000000 ) ) ;
#220 = AXIS2_PLACEMENT_3D ( 'NONE', #1225, #1064, #492 ) ;
#221 = DIRECTION ( 'NONE',  ( 1.000000000000000000, 0.000000000000000000, 0.000000000000000000 ) ) ;
#222 = DIRECTION ( 'NONE',  ( -1.000000000000000000, 0.000000000000000000, 0.000000000000000000 ) ) ;
#223 = EDGE_CURVE ( 'NONE', #546, #1322, #753, .T. ) ;
#224 = CARTESIAN_POINT ( 'NONE',  ( 24.25480021920996165, -15.74999999999974598, 11.80000000000000071 ) ) ;
#225 = EDGE_LOOP ( 'NONE', ( #1655, #845, #956, #1396 ) ) ;
#226 = ORIENTED_EDGE ( 'NONE', *, *, #527, .T. ) ;
#227 = DIRECTION ( 'NONE',  ( 1.000000000000000000, 0.000000000000000000, -0.000000000000000000 ) ) ;
#228 = VERTEX_POINT ( 'NONE', #1020 ) ;
#229 = DIRECTION ( 'NONE',  ( -1.000000000000000000, 0.000000000000000000, 0.000000000000000000 ) ) ;
#230 = CARTESIAN_POINT ( 'NONE',  ( 32.73064384689489970, 10.12456649975535505, 7.800000000000001599 ) ) ;
#231 = DIRECTION ( 'NONE',  ( -1.000000000000000000, 0.000000000000000000, 0.000000000000000000 ) ) ;
#232 = ORGANIZATION ( 'æœª', 'æœª', '' ) ;
#233 = ORIENTED_EDGE ( 'NONE', *, *, #771, .T. ) ;
#234 = ADVANCED_FACE ( 'NONE', ( #1732 ), #553, .F. ) ;
#235 = EDGE_CURVE ( 'NONE', #1862, #265, #1768, .T. ) ;
#236 = VERTEX_POINT ( 'NONE', #294 ) ;
#237 = CARTESIAN_POINT ( 'NONE',  ( 0.000000000000000000, 31.50000000000000000, 11.80000000000000071 ) ) ;
#238 = ORIENTED_EDGE ( 'NONE', *, *, #513, .F. ) ;
#239 = CARTESIAN_POINT ( 'NONE',  ( 27.27980021920996379, -15.74999999999974598, 11.80000000000000071 ) ) ;
#240 = CARTESIAN_POINT ( 'NONE',  ( 36.23064384689489970, 10.12456649975535505, 7.800000000000001599 ) ) ;
#241 = CIRCLE ( 'NONE', #1365, 3.499999999999999556 ) ;
#242 = CYLINDRICAL_SURFACE ( 'NONE', #320, 39.99999999999999289 ) ;
#243 = ORIENTED_EDGE ( 'NONE', *, *, #1749, .T. ) ;
#244 = EDGE_LOOP ( 'NONE', ( #51, #47, #838, #1470 ) ) ;
#245 = EDGE_LOOP ( 'NONE', ( #1290, #688, #1530, #890 ) ) ;
#246 = AXIS2_PLACEMENT_3D ( 'NONE', #1541, #205, #189 ) ;
#247 = ORIENTED_EDGE ( 'NONE', *, *, #1490, .F. ) ;
#248 = DIRECTION ( 'NONE',  ( -0.000000000000000000, -0.000000000000000000, -1.000000000000000000 ) ) ;
#249 = CARTESIAN_POINT ( 'NONE',  ( 0.000000000000000000, 0.000000000000000000, 0.000000000000000000 ) ) ;
#250 = CIRCLE ( 'NONE', #1586, 3.499999999999999556 ) ;
#251 = DIRECTION ( 'NONE',  ( 0.000000000000000000, 0.000000000000000000, 1.000000000000000000 ) ) ;
#252 = AXIS2_PLACEMENT_3D ( 'NONE', #592, #1354, #25 ) ;
#253 = DIRECTION ( 'NONE',  ( 1.000000000000000000, 0.000000000000000000, 0.000000000000000000 ) ) ;
#254 = ORIENTED_EDGE ( 'NONE', *, *, #404, .F. ) ;
#255 = DIRECTION ( 'NONE',  ( 0.000000000000000000, 0.000000000000000000, -1.000000000000000000 ) ) ;
#256 = VERTEX_POINT ( 'NONE', #430 ) ;
#257 = CARTESIAN_POINT ( 'NONE',  ( 32.73064384689489970, -9.875433500244644947, 11.80000000000000071 ) ) ;
#258 = CYLINDRICAL_SURFACE ( 'NONE', #157, 2.149999999999999023 ) ;
#259 = VECTOR ( 'NONE', #906, 1000.000000000000000 ) ;
#260 = VERTEX_POINT ( 'NONE', #399 ) ;
#261 = DIRECTION ( 'NONE',  ( -1.000000000000000000, 0.000000000000000000, 0.000000000000000000 ) ) ;
#262 = EDGE_CURVE ( 'NONE', #1338, #1873, #925, .T. ) ;
#263 = EDGE_CURVE ( 'NONE', #1558, #1577, #370, .T. ) ;
#264 = DIRECTION ( 'NONE',  ( 0.000000000000000000, 0.000000000000000000, -1.000000000000000000 ) ) ;
#265 = VERTEX_POINT ( 'NONE', #983 ) ;
#266 = CARTESIAN_POINT ( 'NONE',  ( 9.290643846894893088, -33.68543350024464189, 0.000000000000000000 ) ) ;
#267 = VERTEX_POINT ( 'NONE', #419 ) ;
#268 = CARTESIAN_POINT ( 'NONE',  ( 11.04064384689489309, 33.93456649975535555, 7.800000000000001599 ) ) ;
#269 = CYLINDRICAL_SURFACE ( 'NONE', #1546, 1.749999999999999778 ) ;
#270 = ORIENTED_EDGE ( 'NONE', *, *, #1543, .F. ) ;
#271 = CARTESIAN_POINT ( 'NONE',  ( 9.290643846894893088, -33.68543350024464189, 7.800000000000001599 ) ) ;
#272 = AXIS2_PLACEMENT_3D ( 'NONE', #1786, #1919, #1653 ) ;
#273 = AXIS2_PLACEMENT_3D ( 'NONE', #1911, #398, #1299 ) ;
#274 = DIRECTION ( 'NONE',  ( 0.000000000000000000, 0.000000000000000000, 1.000000000000000000 ) ) ;
#275 = ORIENTED_EDGE ( 'NONE', *, *, #1619, .T. ) ;
#276 = LINE ( 'NONE', #1463, #595 ) ;
#277 = CARTESIAN_POINT ( 'NONE',  ( 9.290643846894893088, 33.93456649975535555, 0.000000000000000000 ) ) ;
#278 = AXIS2_PLACEMENT_3D ( 'NONE', #960, #804, #221 ) ;
#279 = ORIENTED_EDGE ( 'NONE', *, *, #1849, .T. ) ;
#280 = CARTESIAN_POINT ( 'NONE',  ( -34.41935615310512020, -9.875433500244644947, 7.800000000000001599 ) ) ;
#281 = CALENDAR_DATE ( 2026, 16, 5 ) ;
#282 = ORIENTED_EDGE ( 'NONE', *, *, #1124, .T. ) ;
#283 = FACE_BOUND ( 'NONE', #1030, .T. ) ;
#284 = AXIS2_PLACEMENT_3D ( 'NONE', #336, #799, #1677 ) ;
#285 = EDGE_CURVE ( 'NONE', #1908, #1779, #1710, .T. ) ;
#286 = VECTOR ( 'NONE', #733, 1000.000000000000000 ) ;
#287 = DIRECTION ( 'NONE',  ( 1.000000000000000000, 0.000000000000000000, 0.000000000000000000 ) ) ;
#288 = ORIENTED_EDGE ( 'NONE', *, *, #582, .F. ) ;
#289 = CARTESIAN_POINT ( 'NONE',  ( 29.23064384689489970, -9.875433500244644947, 11.80000000000000071 ) ) ;
#290 = DIRECTION ( 'NONE',  ( -1.000000000000000000, 0.000000000000000000, 0.000000000000000000 ) ) ;
#291 = VERTEX_POINT ( 'NONE', #1179 ) ;
#292 = CARTESIAN_POINT ( 'NONE',  ( -32.26935615310511452, -9.875433500244644947, 7.800000000000001599 ) ) ;
#293 = ORIENTED_EDGE ( 'NONE', *, *, #1124, .F. ) ;
#294 = CARTESIAN_POINT ( 'NONE',  ( -7.079356153105113236, -33.68543350024464189, 0.000000000000000000 ) ) ;
#295 = VECTOR ( 'NONE', #1154, 1000.000000000000000 ) ;
#296 = CARTESIAN_POINT ( 'NONE',  ( 27.27980021920963338, 15.75000000000031974, 11.80000000000000071 ) ) ;
#297 = CYLINDRICAL_SURFACE ( 'NONE', #1116, 1.749999999999999778 ) ;
#298 = CC_DESIGN_PERSON_AND_ORGANIZATION_ASSIGNMENT ( #1922, #749, ( #1097 ) ) ;
#299 = ORIENTED_EDGE ( 'NONE', *, *, #49, .T. ) ;
#300 = CARTESIAN_POINT ( 'NONE',  ( -30.30480021920975631, -15.75000000000012790, 11.80000000000000071 ) ) ;
#301 = EDGE_CURVE ( 'NONE', #1819, #421, #468, .T. ) ;
#302 = EDGE_CURVE ( 'NONE', #721, #715, #746, .T. ) ;
#303 = ORIENTED_EDGE ( 'NONE', *, *, #1534, .T. ) ;
#304 = CARTESIAN_POINT ( 'NONE',  ( -11.72935615310511359, -33.68543350024464189, 7.800000000000001599 ) ) ;
#305 = SECURITY_CLASSIFICATION_LEVEL ( 'unclassified' ) ;
#306 = APPROVAL_PERSON_ORGANIZATION ( #611, #615, #1789 ) ;
#307 = ORIENTED_EDGE ( 'NONE', *, *, #1220, .F. ) ;
#308 = CARTESIAN_POINT ( 'NONE',  ( 9.290643846894893088, -33.68543350024464189, 7.800000000000001599 ) ) ;
#309 = CIRCLE ( 'NONE', #945, 2.899999999999999911 ) ;
#310 = CIRCLE ( 'NONE', #273, 1.749999999999999778 ) ;
#311 = CARTESIAN_POINT ( 'NONE',  ( -35.76935615310511452, 10.12456649975535505, 7.800000000000001599 ) ) ;
#312 = EDGE_LOOP ( 'NONE', ( #885, #1729, #145, #1219 ) ) ;
#313 = EDGE_CURVE ( 'NONE', #59, #1661, #1902, .T. ) ;
#314 = CARTESIAN_POINT ( 'NONE',  ( 29.23064384689489970, 10.12456649975535505, 11.80000000000000071 ) ) ;
#315 = CALENDAR_DATE ( 2026, 16, 5 ) ;
#316 = ORIENTED_EDGE ( 'NONE', *, *, #235, .F. ) ;
#317 = CARTESIAN_POINT ( 'NONE',  ( -24.25480021920975915, -15.75000000000012790, 11.80000000000000071 ) ) ;
#318 = EDGE_CURVE ( 'NONE', #1174, #1906, #1521, .T. ) ;
#319 = ADVANCED_FACE ( 'NONE', ( #1617, #1457, #1146, #283, #1631, #1743, #409, #886, #1594, #1447, #563, #1167, #1482, #1754, #132, #143 ), #1698, .T. ) ;
#320 = AXIS2_PLACEMENT_3D ( 'NONE', #517, #372, #231 ) ;
#321 = CARTESIAN_POINT ( 'NONE',  ( -3.024999999999999911, 31.50000000000000000, 11.80000000000000071 ) ) ;
#322 = ORIENTED_EDGE ( 'NONE', *, *, #1757, .T. ) ;
#323 = CARTESIAN_POINT ( 'NONE',  ( 7.540643846894893088, 33.93456649975535555, 11.80000000000000071 ) ) ;
#324 =( NAMED_UNIT ( * ) PLANE_ANGLE_UNIT ( ) SI_UNIT ( $, .RADIAN. ) );
#325 = ORIENTED_EDGE ( 'NONE', *, *, #1619, .F. ) ;
#326 = DIRECTION ( 'NONE',  ( -0.000000000000000000, -0.000000000000000000, -1.000000000000000000 ) ) ;
#327 = ADVANCED_FACE ( 'NONE', ( #339 ), #1373, .F. ) ;
#328 = EDGE_CURVE ( 'NONE', #734, #1913, #1082, .T. ) ;
#329 = DIRECTION ( 'NONE',  ( 1.000000000000000000, 0.000000000000000000, 0.000000000000000000 ) ) ;
#330 = EDGE_CURVE ( 'NONE', #711, #581, #495, .T. ) ;
#331 = EDGE_LOOP ( 'NONE', ( #95, #1428, #1593, #926 ) ) ;
#332 = DIRECTION ( 'NONE',  ( -1.000000000000000000, 0.000000000000000000, 0.000000000000000000 ) ) ;
#333 = CARTESIAN_POINT ( 'NONE',  ( 6.390643846894894509, -33.68543350024464189, 7.800000000000001599 ) ) ;
#334 = ORIENTED_EDGE ( 'NONE', *, *, #582, .T. ) ;
#335 = CARTESIAN_POINT ( 'NONE',  ( 30.58064384689489756, -9.875433500244644947, 11.80000000000000071 ) ) ;
#336 = CARTESIAN_POINT ( 'NONE',  ( 0.000000000000000000, 0.000000000000000000, 0.000000000000000000 ) ) ;
#337 = VECTOR ( 'NONE', #1700, 1000.000000000000000 ) ;
#338 = ORIENTED_EDGE ( 'NONE', *, *, #1705, .T. ) ;
#339 = FACE_OUTER_BOUND ( 'NONE', #244, .T. ) ;
#340 = DIRECTION ( 'NONE',  ( 0.000000000000000000, 0.000000000000000000, 1.000000000000000000 ) ) ;
#341 = ORIENTED_EDGE ( 'NONE', *, *, #1547, .F. ) ;
#342 = CYLINDRICAL_SURFACE ( 'NONE', #706, 1.750000000000000666 ) ;
#343 = PRODUCT_DEFINITION_SHAPE ( 'NONE', 'NONE',  #1097 ) ;
#344 = CARTESIAN_POINT ( 'NONE',  ( -32.26935615310511452, 10.12456649975535505, 7.800000000000001599 ) ) ;
#345 = CIRCLE ( 'NONE', #14, 39.99999999999999289 ) ;
#346 = VECTOR ( 'NONE', #1670, 1000.000000000000000 ) ;
#347 = EDGE_LOOP ( 'NONE', ( #32, #1170 ) ) ;
#348 = CARTESIAN_POINT ( 'NONE',  ( -30.11935615310511594, 10.12456649975535505, 11.80000000000000071 ) ) ;
#349 = DIRECTION ( 'NONE',  ( 1.000000000000000000, 0.000000000000000000, -0.000000000000000000 ) ) ;
#350 = CARTESIAN_POINT ( 'NONE',  ( -27.27980021920975773, -15.75000000000012790, 0.000000000000000000 ) ) ;
#351 = CARTESIAN_POINT ( 'NONE',  ( 32.73064384689489970, 10.12456649975535505, 11.80000000000000071 ) ) ;
#352 = CC_DESIGN_PERSON_AND_ORGANIZATION_ASSIGNMENT ( #1797, #874, ( #1415 ) ) ;
#353 = CIRCLE ( 'NONE', #1439, 3.024999999999999911 ) ;
#354 = CARTESIAN_POINT ( 'NONE',  ( 24.25480021920963480, 15.75000000000031974, 0.000000000000000000 ) ) ;
#355 = ORIENTED_EDGE ( 'NONE', *, *, #988, .T. ) ;
#356 = LINE ( 'NONE', #774, #590 ) ;
#357 = AXIS2_PLACEMENT_3D ( 'NONE', #812, #959, #227 ) ;
#358 = DIRECTION ( 'NONE',  ( -1.000000000000000000, 0.000000000000000000, 0.000000000000000000 ) ) ;
#359 = DIRECTION ( 'NONE',  ( 1.000000000000000000, 0.000000000000000000, 0.000000000000000000 ) ) ;
#360 = DIRECTION ( 'NONE',  ( -0.000000000000000000, 0.000000000000000000, -1.000000000000000000 ) ) ;
#361 = DIRECTION ( 'NONE',  ( 1.000000000000000000, 0.000000000000000000, 0.000000000000000000 ) ) ;
#362 = ORIENTED_EDGE ( 'NONE', *, *, #263, .T. ) ;
#363 = FACE_OUTER_BOUND ( 'NONE', #1443, .T. ) ;
#364 = AXIS2_PLACEMENT_3D ( 'NONE', #1041, #1816, #902 ) ;
#365 = AXIS2_PLACEMENT_3D ( 'NONE', #1712, #1564, #942 ) ;
#366 = EDGE_CURVE ( 'NONE', #1599, #1319, #1836, .T. ) ;
#367 = PLANE ( 'NONE',  #1370 ) ;
#368 = PLANE ( 'NONE',  #1208 ) ;
#369 = EDGE_CURVE ( 'NONE', #1330, #1010, #126, .T. ) ;
#370 = CIRCLE ( 'NONE', #953, 2.899999999999999911 ) ;
#371 = ADVANCED_FACE ( 'NONE', ( #1669 ), #1090, .T. ) ;
#372 = DIRECTION ( 'NONE',  ( -0.000000000000000000, -0.000000000000000000, -1.000000000000000000 ) ) ;
#373 = ORIENTED_EDGE ( 'NONE', *, *, #755, .F. ) ;
#374 = ADVANCED_FACE ( 'NONE', ( #1388 ), #939, .F. ) ;
#375 = VERTEX_POINT ( 'NONE', #1234 ) ;
#376 = FACE_BOUND ( 'NONE', #1149, .T. ) ;
#377 = VECTOR ( 'NONE', #1205, 1000.000000000000000 ) ;
#378 = VECTOR ( 'NONE', #985, 1000.000000000000000 ) ;
#379 = CARTESIAN_POINT ( 'NONE',  ( 27.27980021920963338, 15.75000000000031974, 0.000000000000000000 ) ) ;
#380 = CARTESIAN_POINT ( 'NONE',  ( -34.41935615310512020, 10.12456649975535505, 0.000000000000000000 ) ) ;
#381 = EDGE_CURVE ( 'NONE', #1873, #1265, #356, .T. ) ;
#382 = FACE_BOUND ( 'NONE', #1759, .T. ) ;
#383 = ORIENTED_EDGE ( 'NONE', *, *, #997, .T. ) ;
#384 = EDGE_LOOP ( 'NONE', ( #127, #1346, #171, #396 ) ) ;
#386 = ORIENTED_EDGE ( 'NONE', *, *, #1336, .T. ) ;
#385 = AXIS2_PLACEMENT_3D ( 'NONE', #18, #1647, #1821 ) ;
#387 = EDGE_CURVE ( 'NONE', #59, #1190, #1808, .T. ) ;
#388 = ORIENTED_EDGE ( 'NONE', *, *, #175, .T. ) ;
#389 = DIRECTION ( 'NONE',  ( 0.000000000000000000, 0.000000000000000000, 1.000000000000000000 ) ) ;
#390 = CARTESIAN_POINT ( 'NONE',  ( 7.540643846894893088, -33.68543350024464189, 11.80000000000000071 ) ) ;
#391 = DIRECTION ( 'NONE',  ( -0.000000000000000000, 0.000000000000000000, -1.000000000000000000 ) ) ;
#392 = EDGE_LOOP ( 'NONE', ( #1827, #115 ) ) ;
#393 = ORIENTED_EDGE ( 'NONE', *, *, #458, .F. ) ;
#394 = CARTESIAN_POINT ( 'NONE',  ( 24.25480021920963480, 15.75000000000031974, 11.80000000000000071 ) ) ;
#395 = AXIS2_PLACEMENT_3D ( 'NONE', #28, #1493, #472 ) ;
#396 = ORIENTED_EDGE ( 'NONE', *, *, #1878, .F. ) ;
#397 = PLANE ( 'NONE',  #1096 ) ;
#398 = DIRECTION ( 'NONE',  ( -0.000000000000000000, -0.000000000000000000, -1.000000000000000000 ) ) ;
#399 = CARTESIAN_POINT ( 'NONE',  ( 12.19064384689489344, -33.68543350024464189, 11.80000000000000071 ) ) ;
#400 = FACE_BOUND ( 'NONE', #1719, .T. ) ;
#401 = ORIENTED_EDGE ( 'NONE', *, *, #1838, .F. ) ;
#402 = LINE ( 'NONE', #1295, #177 ) ;
#403 = ORIENTED_EDGE ( 'NONE', *, *, #1603, .T. ) ;
#404 = EDGE_CURVE ( 'NONE', #675, #1002, #211, .T. ) ;
#405 = CYLINDRICAL_SURFACE ( 'NONE', #174, 2.899999999999999911 ) ;
#406 = CARTESIAN_POINT ( 'NONE',  ( 32.73064384689489970, -9.875433500244644947, 0.000000000000000000 ) ) ;
#407 = AXIS2_PLACEMENT_3D ( 'NONE', #1486, #756, #139 ) ;
#408 = EDGE_LOOP ( 'NONE', ( #811, #1540 ) ) ;
#409 = FACE_BOUND ( 'NONE', #744, .T. ) ;
#410 = DIRECTION ( 'NONE',  ( -1.000000000000000000, 0.000000000000000000, 0.000000000000000000 ) ) ;
#411 = ORIENTED_EDGE ( 'NONE', *, *, #1294, .F. ) ;
#412 = CC_DESIGN_DATE_AND_TIME_ASSIGNMENT ( #449, #900, ( #1415 ) ) ;
#413 = CARTESIAN_POINT ( 'NONE',  ( -15.59999999999999964, 0.000000000000000000, 11.80000000000000071 ) ) ;
#414 = EDGE_LOOP ( 'NONE', ( #1197, #1434, #1285, #856 ) ) ;
#415 = CARTESIAN_POINT ( 'NONE',  ( 34.88064384689489827, -9.875433500244644947, 11.80000000000000071 ) ) ;
#416 = FACE_OUTER_BOUND ( 'NONE', #312, .T. ) ;
#417 = AXIS2_PLACEMENT_3D ( 'NONE', #239, #1426, #1841 ) ;
#418 = ORIENTED_EDGE ( 'NONE', *, *, #785, .T. ) ;
#419 = CARTESIAN_POINT ( 'NONE',  ( 30.30480021920996236, -15.74999999999974598, 11.80000000000000071 ) ) ;
#420 = CIRCLE ( 'NONE', #1510, 3.499999999999999556 ) ;
#421 = VERTEX_POINT ( 'NONE', #802 ) ;
#422 = DIRECTION ( 'NONE',  ( -1.000000000000000000, 0.000000000000000000, 0.000000000000000000 ) ) ;
#423 = ORIENTED_EDGE ( 'NONE', *, *, #1144, .F. ) ;
#424 = CARTESIAN_POINT ( 'NONE',  ( -30.30480021920975631, -15.75000000000012790, 11.80000000000000071 ) ) ;
#425 = EDGE_LOOP ( 'NONE', ( #537, #1742 ) ) ;
#426 = DIRECTION ( 'NONE',  ( 0.000000000000000000, 0.000000000000000000, 1.000000000000000000 ) ) ;
#427 = DIRECTION ( 'NONE',  ( -1.000000000000000000, 0.000000000000000000, 0.000000000000000000 ) ) ;
#428 = EDGE_CURVE ( 'NONE', #628, #134, #1524, .T. ) ;
#429 = ORIENTED_EDGE ( 'NONE', *, *, #976, .T. ) ;
#430 = CARTESIAN_POINT ( 'NONE',  ( 34.88064384689489827, -9.875433500244644947, 7.800000000000001599 ) ) ;
#431 = CARTESIAN_POINT ( 'NONE',  ( -8.829356153105113236, -33.68543350024464189, 7.800000000000001599 ) ) ;
#432 = ORIENTED_EDGE ( 'NONE', *, *, #128, .F. ) ;
#433 = DIRECTION ( 'NONE',  ( 1.000000000000000000, 0.000000000000000000, 0.000000000000000000 ) ) ;
#434 = DIRECTION ( 'NONE',  ( -0.000000000000000000, -0.000000000000000000, 1.000000000000000000 ) ) ;
#435 = AXIS2_PLACEMENT_3D ( 'NONE', #1699, #1391, #229 ) ;
#436 = VERTEX_POINT ( 'NONE', #1216 ) ;
#437 = CARTESIAN_POINT ( 'NONE',  ( 32.73064384689489970, -9.875433500244644947, 7.800000000000001599 ) ) ;
#438 = EDGE_LOOP ( 'NONE', ( #760, #1141, #282, #1658 ) ) ;
#439 = DIRECTION ( 'NONE',  ( 0.000000000000000000, 0.000000000000000000, -1.000000000000000000 ) ) ;
#440 = CYLINDRICAL_SURFACE ( 'NONE', #186, 2.899999999999999911 ) ;
#441 = AXIS2_PLACEMENT_3D ( 'NONE', #1542, #1847, #647 ) ;
#442 = ADVANCED_FACE ( 'NONE', ( #363 ), #1812, .F. ) ;
#443 = ADVANCED_FACE ( 'NONE', ( #656 ), #1100, .F. ) ;
#444 = CARTESIAN_POINT ( 'NONE',  ( -35.76935615310511452, 10.12456649975535505, 11.80000000000000071 ) ) ;
#445 = VERTEX_POINT ( 'NONE', #1335 ) ;
#446 = CARTESIAN_POINT ( 'NONE',  ( 0.000000000000000000, 31.50000000000000000, 0.000000000000000000 ) ) ;
#447 = ORIENTED_EDGE ( 'NONE', *, *, #302, .T. ) ;
#448 = LINE ( 'NONE', #775, #1464 ) ;
#449 = DATE_AND_TIME ( #315, #672 ) ;
#450 = EDGE_LOOP ( 'NONE', ( #1784, #914, #632, #901 ) ) ;
#451 = CIRCLE ( 'NONE', #1506, 2.149999999999999023 ) ;
#452 = CARTESIAN_POINT ( 'NONE',  ( -11.72935615310511359, 33.93456649975535555, 7.800000000000001599 ) ) ;
#453 = ORIENTED_EDGE ( 'NONE', *, *, #366, .F. ) ;
#454 = EDGE_CURVE ( 'NONE', #674, #1322, #915, .T. ) ;
#455 = CARTESIAN_POINT ( 'NONE',  ( 0.000000000000000000, 0.000000000000000000, 11.80000000000000071 ) ) ;
#456 = ORIENTED_EDGE ( 'NONE', *, *, #840, .F. ) ;
#457 = FACE_OUTER_BOUND ( 'NONE', #1422, .T. ) ;
#458 = EDGE_CURVE ( 'NONE', #1190, #445, #9, .T. ) ;
#459 = VERTEX_POINT ( 'NONE', #1516 ) ;
#460 = EDGE_CURVE ( 'NONE', #674, #12, #1339, .T. ) ;
#461 = DIRECTION ( 'NONE',  ( 0.000000000000000000, 0.000000000000000000, -1.000000000000000000 ) ) ;
#462 = AXIS2_PLACEMENT_3D ( 'NONE', #887, #11, #1651 ) ;
#463 = AXIS2_PLACEMENT_3D ( 'NONE', #249, #680, #1866 ) ;
#464 = DIRECTION ( 'NONE',  ( -1.000000000000000000, 0.000000000000000000, 0.000000000000000000 ) ) ;
#465 = ORIENTED_EDGE ( 'NONE', *, *, #454, .T. ) ;
#466 = LINE ( 'NONE', #304, #1255 ) ;
#467 = APPROVAL_STATUS ( 'not_yet_approved' ) ;
#468 = CIRCLE ( 'NONE', #832, 1.750000000000000666 ) ;
#469 = EDGE_CURVE ( 'NONE', #782, #1650, #1833, .T. ) ;
#470 = ORIENTED_EDGE ( 'NONE', *, *, #671, .T. ) ;
#471 = EDGE_CURVE ( 'NONE', #1362, #675, #164, .T. ) ;
#472 = DIRECTION ( 'NONE',  ( -1.000000000000000000, 0.000000000000000000, 0.000000000000000000 ) ) ;
#473 = ADVANCED_FACE ( 'NONE', ( #1417, #1269 ), #367, .T. ) ;
#474 = AXIS2_PLACEMENT_3D ( 'NONE', #937, #912, #329 ) ;
#475 = AXIS2_PLACEMENT_3D ( 'NONE', #710, #391, #1706 ) ;
#476 = CARTESIAN_POINT ( 'NONE',  ( -5.929356153105113769, -33.68543350024464189, 11.80000000000000071 ) ) ;
#477 = ORIENTED_EDGE ( 'NONE', *, *, #285, .F. ) ;
#478 = CARTESIAN_POINT ( 'NONE',  ( 9.290643846894893088, -33.68543350024464189, 11.80000000000000071 ) ) ;
#479 = DIRECTION ( 'NONE',  ( -1.000000000000000000, 0.000000000000000000, 0.000000000000000000 ) ) ;
#480 = APPROVAL_ROLE ( '' ) ;
#481 = VERTEX_POINT ( 'NONE', #679 ) ;
#482 = DIRECTION ( 'NONE',  ( -0.000000000000000000, -0.000000000000000000, -1.000000000000000000 ) ) ;
#483 = VECTOR ( 'NONE', #33, 1000.000000000000000 ) ;
#484 = CARTESIAN_POINT ( 'NONE',  ( -8.829356153105113236, 33.93456649975535555, 0.000000000000000000 ) ) ;
#485 = ORIENTED_EDGE ( 'NONE', *, *, #525, .T. ) ;
#486 = DIRECTION ( 'NONE',  ( -0.000000000000000000, -0.000000000000000000, -1.000000000000000000 ) ) ;
#487 = FACE_BOUND ( 'NONE', #737, .T. ) ;
#488 = ORIENTED_EDGE ( 'NONE', *, *, #175, .F. ) ;
#489 = CYLINDRICAL_SURFACE ( 'NONE', #1671, 15.59999999999999964 ) ;
#490 = CC_DESIGN_APPROVAL ( #615, ( #1097 ) ) ;
#491 = EDGE_CURVE ( 'NONE', #833, #459, #712, .T. ) ;
#492 = DIRECTION ( 'NONE',  ( -1.000000000000000000, 0.000000000000000000, 0.000000000000000000 ) ) ;
#493 = CIRCLE ( 'NONE', #364, 3.024999999999999911 ) ;
#494 = VERTEX_POINT ( 'NONE', #1856 ) ;
#495 = LINE ( 'NONE', #1845, #622 ) ;
#496 = FACE_OUTER_BOUND ( 'NONE', #1226, .T. ) ;
#497 = DIRECTION ( 'NONE',  ( 0.000000000000000000, 0.000000000000000000, 1.000000000000000000 ) ) ;
#498 = DIRECTION ( 'NONE',  ( 0.000000000000000000, 0.000000000000000000, -1.000000000000000000 ) ) ;
#499 = AXIS2_PLACEMENT_3D ( 'NONE', #1397, #69, #783 ) ;
#500 = ADVANCED_FACE ( 'NONE', ( #64 ), #77, .F. ) ;
#501 = CYLINDRICAL_SURFACE ( 'NONE', #220, 3.024999999999999911 ) ;
#502 = AXIS2_PLACEMENT_3D ( 'NONE', #897, #617, #1359 ) ;
#503 = VECTOR ( 'NONE', #150, 1000.000000000000000 ) ;
#504 = EDGE_LOOP ( 'NONE', ( #453, #1034, #279, #86 ) ) ;
#505 = CARTESIAN_POINT ( 'NONE',  ( 2.199633243471174140E-13, -31.50000000000000000, 11.80000000000000071 ) ) ;
#506 = CARTESIAN_POINT ( 'NONE',  ( 2.199633243471174140E-13, -31.50000000000000000, 11.80000000000000071 ) ) ;
#507 = DIRECTION ( 'NONE',  ( 0.000000000000000000, 0.000000000000000000, -1.000000000000000000 ) ) ;
#508 = DIRECTION ( 'NONE',  ( 1.000000000000000000, 0.000000000000000000, -0.000000000000000000 ) ) ;
#509 = LINE ( 'NONE', #1667, #954 ) ;
#510 = EDGE_CURVE ( 'NONE', #1215, #267, #1496, .T. ) ;
#511 = ORIENTED_EDGE ( 'NONE', *, *, #1349, .T. ) ;
#512 = DIRECTION ( 'NONE',  ( -1.000000000000000000, 0.000000000000000000, 0.000000000000000000 ) ) ;
#513 = EDGE_CURVE ( 'NONE', #1739, #162, #846, .T. ) ;
#514 = CYLINDRICAL_SURFACE ( 'NONE', #1125, 3.499999999999999556 ) ;
#515 = CARTESIAN_POINT ( 'NONE',  ( 0.000000000000000000, 0.000000000000000000, 11.80000000000000071 ) ) ;
#516 = EDGE_CURVE ( 'NONE', #1037, #134, #634, .T. ) ;
#517 = CARTESIAN_POINT ( 'NONE',  ( 0.000000000000000000, 0.000000000000000000, 11.80000000000000071 ) ) ;
#518 = VERTEX_POINT ( 'NONE', #1101 ) ;
#519 = ORIENTED_EDGE ( 'NONE', *, *, #313, .T. ) ;
#520 = DIRECTION ( 'NONE',  ( -0.000000000000000000, -0.000000000000000000, 1.000000000000000000 ) ) ;
#521 = AXIS2_PLACEMENT_3D ( 'NONE', #1262, #927, #55 ) ;
#522 = AXIS2_PLACEMENT_3D ( 'NONE', #1165, #705, #1615 ) ;
#523 = CARTESIAN_POINT ( 'NONE',  ( 32.73064384689489970, -9.875433500244644947, 11.80000000000000071 ) ) ;
#524 = CARTESIAN_POINT ( 'NONE',  ( 30.58064384689489756, 10.12456649975535505, 0.000000000000000000 ) ) ;
#525 = EDGE_CURVE ( 'NONE', #1577, #1558, #1036, .T. ) ;
#526 = AXIS2_PLACEMENT_3D ( 'NONE', #814, #87, #1865 ) ;
#527 = EDGE_CURVE ( 'NONE', #836, #494, #202, .T. ) ;
#528 = LINE ( 'NONE', #834, #1151 ) ;
#529 = ORIENTED_EDGE ( 'NONE', *, *, #1556, .T. ) ;
#530 = EDGE_LOOP ( 'NONE', ( #238, #112 ) ) ;
#531 = CARTESIAN_POINT ( 'NONE',  ( 32.73064384689489970, 10.12456649975535505, 7.800000000000001599 ) ) ;
#532 = AXIS2_PLACEMENT_3D ( 'NONE', #1529, #185, #946 ) ;
#533 = ORIENTED_EDGE ( 'NONE', *, *, #854, .F. ) ;
#534 = DIRECTION ( 'NONE',  ( -1.000000000000000000, 0.000000000000000000, 0.000000000000000000 ) ) ;
#535 = FACE_OUTER_BOUND ( 'NONE', #1562, .T. ) ;
#536 = LINE ( 'NONE', #1126, #378 ) ;
#537 = ORIENTED_EDGE ( 'NONE', *, *, #179, .T. ) ;
#538 = ORIENTED_EDGE ( 'NONE', *, *, #944, .T. ) ;
#540 = DIRECTION ( 'NONE',  ( 0.000000000000000000, 0.000000000000000000, 1.000000000000000000 ) ) ;
#539 = AXIS2_PLACEMENT_3D ( 'NONE', #437, #426, #1026 ) ;
#541 = ORIENTED_EDGE ( 'NONE', *, *, #404, .T. ) ;
#542 = DIRECTION ( 'NONE',  ( 0.000000000000000000, 0.000000000000000000, -1.000000000000000000 ) ) ;
#543 = CARTESIAN_POINT ( 'NONE',  ( 34.88064384689489827, 10.12456649975535505, 11.80000000000000071 ) ) ;
#544 = DIRECTION ( 'NONE',  ( 0.000000000000000000, 0.000000000000000000, 1.000000000000000000 ) ) ;
#545 = CARTESIAN_POINT ( 'NONE',  ( -8.829356153105113236, -33.68543350024464189, 11.80000000000000071 ) ) ;
#546 = VERTEX_POINT ( 'NONE', #669 ) ;
#547 = DIRECTION ( 'NONE',  ( -0.000000000000000000, -0.000000000000000000, -1.000000000000000000 ) ) ;
#548 = EDGE_LOOP ( 'NONE', ( #571, #1117, #1147, #1844 ) ) ;
#549 = CARTESIAN_POINT ( 'NONE',  ( -3.024999999999999911, 31.50000000000000000, 0.000000000000000000 ) ) ;
#550 = CARTESIAN_POINT ( 'NONE',  ( 30.58064384689489756, 10.12456649975535505, 7.800000000000001599 ) ) ;
#551 = VECTOR ( 'NONE', #1132, 1000.000000000000000 ) ;
#552 = EDGE_LOOP ( 'NONE', ( #447, #1550 ) ) ;
#553 = CYLINDRICAL_SURFACE ( 'NONE', #178, 3.500000000000003109 ) ;
#554 = CARTESIAN_POINT ( 'NONE',  ( 0.000000000000000000, 31.50000000000000000, 11.80000000000000071 ) ) ;
#555 = ORIENTED_EDGE ( 'NONE', *, *, #1547, .T. ) ;
#556 = DIRECTION ( 'NONE',  ( -0.000000000000000000, -0.000000000000000000, -1.000000000000000000 ) ) ;
#557 = EDGE_LOOP ( 'NONE', ( #1717, #1570 ) ) ;
#558 = CARTESIAN_POINT ( 'NONE',  ( 6.390643846894894509, 33.93456649975535555, 7.800000000000001599 ) ) ;
#559 = CARTESIAN_POINT ( 'NONE',  ( 36.23064384689489970, 10.12456649975535505, 11.80000000000000071 ) ) ;
#560 = CIRCLE ( 'NONE', #1654, 3.499999999999999556 ) ;
#561 = CIRCLE ( 'NONE', #502, 1.750000000000000666 ) ;
#562 = EDGE_LOOP ( 'NONE', ( #401, #1901 ) ) ;
#563 = FACE_BOUND ( 'NONE', #1894, .T. ) ;
#564 = DIRECTION ( 'NONE',  ( 1.000000000000000000, 0.000000000000000000, 0.000000000000000000 ) ) ;
#565 = EDGE_LOOP ( 'NONE', ( #1025, #1405 ) ) ;
#566 = CYLINDRICAL_SURFACE ( 'NONE', #686, 2.899999999999999911 ) ;
#567 = ADVANCED_FACE ( 'NONE', ( #1261 ), #1399, .F. ) ;
#568 = ORIENTED_EDGE ( 'NONE', *, *, #1705, .F. ) ;
#569 = DIRECTION ( 'NONE',  ( 1.000000000000000000, 0.000000000000000000, 0.000000000000000000 ) ) ;
#570 = DIRECTION ( 'NONE',  ( -1.000000000000000000, 0.000000000000000000, 0.000000000000000000 ) ) ;
#571 = ORIENTED_EDGE ( 'NONE', *, *, #1056, .F. ) ;
#572 = DIRECTION ( 'NONE',  ( 1.000000000000000000, 0.000000000000000000, 0.000000000000000000 ) ) ;
#573 = CARTESIAN_POINT ( 'NONE',  ( 7.540643846894893088, -33.68543350024464189, 0.000000000000000000 ) ) ;
#574 = ORIENTED_EDGE ( 'NONE', *, *, #667, .F. ) ;
#575 = DIRECTION ( 'NONE',  ( -0.000000000000000000, -0.000000000000000000, 1.000000000000000000 ) ) ;
#576 = CC_DESIGN_APPROVAL ( #950, ( #1415 ) ) ;
#577 = CARTESIAN_POINT ( 'NONE',  ( -35.76935615310511452, -9.875433500244644947, 7.800000000000001599 ) ) ;
#578 = EDGE_LOOP ( 'NONE', ( #1241, #1279 ) ) ;
#579 = CARTESIAN_POINT ( 'NONE',  ( 29.23064384689489970, -9.875433500244644947, 7.800000000000001599 ) ) ;
#580 = DATE_AND_TIME ( #281, #1324 ) ;
#581 = VERTEX_POINT ( 'NONE', #1682 ) ;
#582 = EDGE_CURVE ( 'NONE', #1642, #773, #1000, .T. ) ;
#583 = CARTESIAN_POINT ( 'NONE',  ( 27.27980021920996379, -15.74999999999974598, 0.000000000000000000 ) ) ;
#584 = ADVANCED_FACE ( 'NONE', ( #1831 ), #969, .F. ) ;
#585 = DIRECTION ( 'NONE',  ( 1.000000000000000000, 0.000000000000000000, 0.000000000000000000 ) ) ;
#586 = CARTESIAN_POINT ( 'NONE',  ( -24.25480021920985507, 15.74999999999993783, 0.000000000000000000 ) ) ;
#587 = VERTEX_POINT ( 'NONE', #1850 ) ;
#588 = DIRECTION ( 'NONE',  ( 1.000000000000000000, 0.000000000000000000, 0.000000000000000000 ) ) ;
#589 = DIRECTION ( 'NONE',  ( 1.000000000000000000, 0.000000000000000000, 0.000000000000000000 ) ) ;
#590 = VECTOR ( 'NONE', #198, 1000.000000000000000 ) ;
#591 = ORIENTED_EDGE ( 'NONE', *, *, #1272, .F. ) ;
#592 = CARTESIAN_POINT ( 'NONE',  ( -8.829356153105113236, 33.93456649975535555, 7.800000000000001599 ) ) ;
#593 = VERTEX_POINT ( 'NONE', #934 ) ;
#594 = DIRECTION ( 'NONE',  ( 0.000000000000000000, 0.000000000000000000, 1.000000000000000000 ) ) ;
#595 = VECTOR ( 'NONE', #1171, 1000.000000000000000 ) ;
#596 = AXIS2_PLACEMENT_3D ( 'NONE', #1696, #635, #1843 ) ;
#597 = EDGE_LOOP ( 'NONE', ( #1753, #700 ) ) ;
#598 = DIRECTION ( 'NONE',  ( -0.000000000000000000, -0.000000000000000000, -1.000000000000000000 ) ) ;
#599 = VERTEX_POINT ( 'NONE', #648 ) ;
#600 = LINE ( 'NONE', #758, #346 ) ;
#601 = CALENDAR_DATE ( 2026, 16, 5 ) ;
#602 = ORIENTED_EDGE ( 'NONE', *, *, #35, .F. ) ;
#603 = VECTOR ( 'NONE', #248, 1000.000000000000000 ) ;
#604 = DIRECTION ( 'NONE',  ( 0.000000000000000000, 0.000000000000000000, 1.000000000000000000 ) ) ;
#605 = AXIS2_PLACEMENT_3D ( 'NONE', #1118, #255, #1260 ) ;
#606 = DIRECTION ( 'NONE',  ( 1.000000000000000000, 0.000000000000000000, 0.000000000000000000 ) ) ;
#607 = EDGE_CURVE ( 'NONE', #267, #1215, #1535, .T. ) ;
#608 = ADVANCED_FACE ( 'NONE', ( #1253 ), #514, .F. ) ;
#609 = VERTEX_POINT ( 'NONE', #141 ) ;
#610 = CARTESIAN_POINT ( 'NONE',  ( -7.079356153105113236, -33.68543350024464189, 7.800000000000001599 ) ) ;
#611 = PERSON_AND_ORGANIZATION ( #1195, #232 ) ;
#612 = VERTEX_POINT ( 'NONE', #1730 ) ;
#613 = DIRECTION ( 'NONE',  ( 1.000000000000000000, 0.000000000000000000, 0.000000000000000000 ) ) ;
#614 = CIRCLE ( 'NONE', #395, 2.149999999999999023 ) ;
#615 = APPROVAL ( #1188, 'æœª' ) ;
#616 = VECTOR ( 'NONE', #633, 1000.000000000000000 ) ;
#617 = DIRECTION ( 'NONE',  ( -0.000000000000000000, 0.000000000000000000, -1.000000000000000000 ) ) ;
#618 = EDGE_LOOP ( 'NONE', ( #456, #101, #1230, #1152 ) ) ;
#619 = CARTESIAN_POINT ( 'NONE',  ( 9.290643846894893088, 33.93456649975535555, 11.80000000000000071 ) ) ;
#620 = DIRECTION ( 'NONE',  ( 0.000000000000000000, 0.000000000000000000, 1.000000000000000000 ) ) ;
#621 = APPROVAL_STATUS ( 'not_yet_approved' ) ;
#622 = VECTOR ( 'NONE', #1066, 1000.000000000000000 ) ;
#623 = VERTEX_POINT ( 'NONE', #268 ) ;
#624 = DIRECTION ( 'NONE',  ( -0.000000000000000000, -0.000000000000000000, -1.000000000000000000 ) ) ;
#625 = AXIS2_PLACEMENT_3D ( 'NONE', #213, #657, #349 ) ;
#626 = AXIS2_PLACEMENT_3D ( 'NONE', #554, #998, #1595 ) ;
#627 = CARTESIAN_POINT ( 'NONE',  ( -7.079356153105113236, -33.68543350024464189, 11.80000000000000071 ) ) ;
#628 = VERTEX_POINT ( 'NONE', #1591 ) ;
#629 = DIRECTION ( 'NONE',  ( 0.000000000000000000, 0.000000000000000000, 1.000000000000000000 ) ) ;
#630 = ADVANCED_FACE ( 'NONE', ( #129, #841 ), #397, .T. ) ;
#631 = FACE_OUTER_BOUND ( 'NONE', #1309, .T. ) ;
#632 = ORIENTED_EDGE ( 'NONE', *, *, #1407, .T. ) ;
#633 = DIRECTION ( 'NONE',  ( -0.000000000000000000, -0.000000000000000000, -1.000000000000000000 ) ) ;
#634 = CIRCLE ( 'NONE', #1722, 3.024999999999999911 ) ;
#635 = DIRECTION ( 'NONE',  ( -0.000000000000000000, -0.000000000000000000, -1.000000000000000000 ) ) ;
#636 = EDGE_LOOP ( 'NONE', ( #149, #1055 ) ) ;
#637 = DIRECTION ( 'NONE',  ( 0.000000000000000000, 0.000000000000000000, -1.000000000000000000 ) ) ;
#638 = FACE_OUTER_BOUND ( 'NONE', #414, .T. ) ;
#639 = CARTESIAN_POINT ( 'NONE',  ( -7.079356153105113236, 33.93456649975535555, 11.80000000000000071 ) ) ;
#640 = CC_DESIGN_SECURITY_CLASSIFICATION ( #1415, ( #1539 ) ) ;
#641 = EDGE_CURVE ( 'NONE', #1300, #609, #1817, .T. ) ;
#642 = EDGE_CURVE ( 'NONE', #609, #162, #116, .T. ) ;
#643 = CARTESIAN_POINT ( 'NONE',  ( 3.024999999999999911, 31.50000000000000000, 0.000000000000000000 ) ) ;
#644 = AXIS2_PLACEMENT_3D ( 'NONE', #842, #1018, #822 ) ;
#645 = ORIENTED_EDGE ( 'NONE', *, *, #49, .F. ) ;
#646 = DIRECTION ( 'NONE',  ( 0.000000000000000000, 0.000000000000000000, 1.000000000000000000 ) ) ;
#647 = DIRECTION ( 'NONE',  ( 1.000000000000000000, 0.000000000000000000, 0.000000000000000000 ) ) ;
#648 = CARTESIAN_POINT ( 'NONE',  ( 39.99999999999999289, 4.898587196589412237E-15, 0.000000000000000000 ) ) ;
#649 = DIRECTION ( 'NONE',  ( 1.000000000000000000, 0.000000000000000000, 0.000000000000000000 ) ) ;
#650 = VECTOR ( 'NONE', #1301, 1000.000000000000000 ) ;
#651 = ADVANCED_FACE ( 'NONE', ( #1320 ), #405, .F. ) ;
#652 = DIRECTION ( 'NONE',  ( 0.000000000000000000, 0.000000000000000000, 1.000000000000000000 ) ) ;
#653 = CIRCLE ( 'NONE', #1308, 3.024999999999999911 ) ;
#654 = ADVANCED_FACE ( 'NONE', ( #1175 ), #1885, .F. ) ;
#655 = VERTEX_POINT ( 'NONE', #1435 ) ;
#656 = FACE_OUTER_BOUND ( 'NONE', #548, .T. ) ;
#657 = DIRECTION ( 'NONE',  ( 0.000000000000000000, 0.000000000000000000, 1.000000000000000000 ) ) ;
#658 = EDGE_CURVE ( 'NONE', #1707, #1559, #451, .T. ) ;
#659 = DIRECTION ( 'NONE',  ( 1.000000000000000000, 0.000000000000000000, 0.000000000000000000 ) ) ;
#660 = FACE_OUTER_BOUND ( 'NONE', #504, .T. ) ;
#661 = AXIS2_PLACEMENT_3D ( 'NONE', #1657, #1187, #1788 ) ;
#662 = CARTESIAN_POINT ( 'NONE',  ( -3.024999999999780087, -31.50000000000000000, 11.80000000000000071 ) ) ;
#663 = EDGE_LOOP ( 'NONE', ( #1596, #1790, #1579, #894 ) ) ;
#664 = ORIENTED_EDGE ( 'NONE', *, *, #96, .T. ) ;
#665 = FACE_OUTER_BOUND ( 'NONE', #197, .T. ) ;
#666 = CIRCLE ( 'NONE', #1597, 1.749999999999999778 ) ;
#667 = EDGE_CURVE ( 'NONE', #1523, #1449, #1792, .T. ) ;
#668 = EDGE_CURVE ( 'NONE', #134, #1037, #353, .T. ) ;
#669 = CARTESIAN_POINT ( 'NONE',  ( -30.30480021920985578, 15.74999999999993783, 0.000000000000000000 ) ) ;
#670 = DIRECTION ( 'NONE',  ( 1.000000000000000000, 0.000000000000000000, 0.000000000000000000 ) ) ;
#671 = EDGE_CURVE ( 'NONE', #256, #459, #1898, .T. ) ;
#672 = LOCAL_TIME ( 10, 44, 32.00000000000000000, #1648 ) ;
#673 = CARTESIAN_POINT ( 'NONE',  ( 2.199633243471174140E-13, -31.50000000000000000, 0.000000000000000000 ) ) ;
#674 = VERTEX_POINT ( 'NONE', #1017 ) ;
#675 = VERTEX_POINT ( 'NONE', #1740 ) ;
#676 = CYLINDRICAL_SURFACE ( 'NONE', #1248, 3.024999999999999911 ) ;
#677 = VECTOR ( 'NONE', #1032, 1000.000000000000000 ) ;
#678 = ORIENTED_EDGE ( 'NONE', *, *, #1317, .F. ) ;
#679 = CARTESIAN_POINT ( 'NONE',  ( 12.19064384689489344, 33.93456649975535555, 7.800000000000001599 ) ) ;
#680 = DIRECTION ( 'NONE',  ( 0.000000000000000000, 0.000000000000000000, 1.000000000000000000 ) ) ;
#681 = AXIS2_PLACEMENT_3D ( 'NONE', #1251, #629, #1242 ) ;
#682 = FACE_OUTER_BOUND ( 'NONE', #724, .T. ) ;
#683 = ORIENTED_EDGE ( 'NONE', *, *, #1140, .F. ) ;
#684 = ORIENTED_EDGE ( 'NONE', *, *, #851, .T. ) ;
#685 = FACE_OUTER_BOUND ( 'NONE', #68, .T. ) ;
#686 = AXIS2_PLACEMENT_3D ( 'NONE', #146, #575, #433 ) ;
#687 = CIRCLE ( 'NONE', #1713, 2.150000000000002576 ) ;
#688 = ORIENTED_EDGE ( 'NONE', *, *, #301, .F. ) ;
#689 = CARTESIAN_POINT ( 'NONE',  ( -32.26935615310511452, -9.875433500244644947, 7.800000000000001599 ) ) ;
#690 = CARTESIAN_POINT ( 'NONE',  ( -32.26935615310511452, 10.12456649975535505, 11.80000000000000071 ) ) ;
#691 = DIRECTION ( 'NONE',  ( -0.000000000000000000, -0.000000000000000000, 1.000000000000000000 ) ) ;
#692 = ORIENTED_EDGE ( 'NONE', *, *, #996, .F. ) ;
#694 = DIRECTION ( 'NONE',  ( -1.000000000000000000, 0.000000000000000000, 0.000000000000000000 ) ) ;
#693 = AXIS2_PLACEMENT_3D ( 'NONE', #1581, #1874, #1142 ) ;
#695 = VERTEX_POINT ( 'NONE', #549 ) ;
#696 = CARTESIAN_POINT ( 'NONE',  ( -27.27980021920975773, -15.75000000000012790, 11.80000000000000071 ) ) ;
#697 = CARTESIAN_POINT ( 'NONE',  ( 3.025000000000219735, -31.50000000000000000, 0.000000000000000000 ) ) ;
#698 = CARTESIAN_POINT ( 'NONE',  ( -34.41935615310512020, 10.12456649975535505, 11.80000000000000071 ) ) ;
#699 = DIRECTION ( 'NONE',  ( 1.000000000000000000, 0.000000000000000000, -0.000000000000000000 ) ) ;
#700 = ORIENTED_EDGE ( 'NONE', *, *, #1046, .T. ) ;
#701 = EDGE_LOOP ( 'NONE', ( #355, #17 ) ) ;
#702 = CIRCLE ( 'NONE', #1701, 3.500000000000003109 ) ;
#703 = ORIENTED_EDGE ( 'NONE', *, *, #1533, .T. ) ;
#704 = FACE_OUTER_BOUND ( 'NONE', #42, .T. ) ;
#705 = DIRECTION ( 'NONE',  ( 0.000000000000000000, 0.000000000000000000, 1.000000000000000000 ) ) ;
#706 = AXIS2_PLACEMENT_3D ( 'NONE', #1231, #1254, #201 ) ;
#707 = EDGE_LOOP ( 'NONE', ( #1616, #1626 ) ) ;
#708 = DIRECTION ( 'NONE',  ( -0.000000000000000000, -0.000000000000000000, -1.000000000000000000 ) ) ;
#709 = ADVANCED_FACE ( 'NONE', ( #704 ), #992, .F. ) ;
#710 = CARTESIAN_POINT ( 'NONE',  ( -32.26935615310511452, 10.12456649975535505, 0.000000000000000000 ) ) ;
#711 = VERTEX_POINT ( 'NONE', #558 ) ;
#712 = CIRCLE ( 'NONE', #278, 2.149999999999999023 ) ;
#713 = DIRECTION ( 'NONE',  ( -1.000000000000000000, 0.000000000000000000, 0.000000000000000000 ) ) ;
#714 = ADVANCED_FACE ( 'NONE', ( #106 ), #1628, .F. ) ;
#715 = VERTEX_POINT ( 'NONE', #1751 ) ;
#716 = DIRECTION ( 'NONE',  ( -0.000000000000000000, -0.000000000000000000, 1.000000000000000000 ) ) ;
#717 = DIRECTION ( 'NONE',  ( -0.000000000000000000, -0.000000000000000000, -1.000000000000000000 ) ) ;
#718 = EDGE_CURVE ( 'NONE', #1559, #1707, #1690, .T. ) ;
#719 = CIRCLE ( 'NONE', #1810, 39.99999999999999289 ) ;
#720 = AXIS2_PLACEMENT_3D ( 'NONE', #1783, #878, #865 ) ;
#721 = VERTEX_POINT ( 'NONE', #280 ) ;
#722 = DIRECTION ( 'NONE',  ( -0.000000000000000000, -0.000000000000000000, -1.000000000000000000 ) ) ;
#723 = DIRECTION ( 'NONE',  ( 0.000000000000000000, 0.000000000000000000, 1.000000000000000000 ) ) ;
#724 = EDGE_LOOP ( 'NONE', ( #1590, #1580, #1560, #538 ) ) ;
#725 = DIRECTION ( 'NONE',  ( -0.000000000000000000, 0.000000000000000000, -1.000000000000000000 ) ) ;
#726 = CARTESIAN_POINT ( 'NONE',  ( -5.929356153105113769, -33.68543350024464189, 7.800000000000001599 ) ) ;
#727 = AXIS2_PLACEMENT_3D ( 'NONE', #72, #1083, #1245 ) ;
#728 = ORIENTED_EDGE ( 'NONE', *, *, #1272, .T. ) ;
#729 = CARTESIAN_POINT ( 'NONE',  ( -8.829356153105113236, -33.68543350024464189, 7.800000000000001599 ) ) ;
#730 = EDGE_LOOP ( 'NONE', ( #825, #750 ) ) ;
#731 = DIRECTION ( 'NONE',  ( 1.000000000000000000, 0.000000000000000000, 0.000000000000000000 ) ) ;
#732 = ADVANCED_FACE ( 'NONE', ( #1004, #1600 ), #1454, .T. ) ;
#733 = DIRECTION ( 'NONE',  ( -0.000000000000000000, -0.000000000000000000, -1.000000000000000000 ) ) ;
#734 = VERTEX_POINT ( 'NONE', #314 ) ;
#735 = DIRECTION ( 'NONE',  ( 1.000000000000000000, 0.000000000000000000, 0.000000000000000000 ) ) ;
#736 = CARTESIAN_POINT ( 'NONE',  ( 12.19064384689489344, -33.68543350024464189, 7.800000000000001599 ) ) ;
#737 = EDGE_LOOP ( 'NONE', ( #429, #105 ) ) ;
#738 = CARTESIAN_POINT ( 'NONE',  ( 12.19064384689489344, 33.93456649975535555, 11.80000000000000071 ) ) ;
#739 = CIRCLE ( 'NONE', #61, 2.899999999999999911 ) ;
#740 = ORIENTED_EDGE ( 'NONE', *, *, #173, .F. ) ;
#741 = DIRECTION ( 'NONE',  ( 1.000000000000000000, 0.000000000000000000, 0.000000000000000000 ) ) ;
#742 = DIRECTION ( 'NONE',  ( 1.000000000000000000, 0.000000000000000000, 0.000000000000000000 ) ) ;
#743 = CIRCLE ( 'NONE', #155, 2.150000000000002576 ) ;
#744 = EDGE_LOOP ( 'NONE', ( #1567, #568 ) ) ;
#745 = CARTESIAN_POINT ( 'NONE',  ( -15.59999999999999964, 0.000000000000000000, 0.000000000000000000 ) ) ;
#746 = CIRCLE ( 'NONE', #1183, 2.150000000000002576 ) ;
#747 = ORIENTED_EDGE ( 'NONE', *, *, #328, .F. ) ;
#748 = CARTESIAN_POINT ( 'NONE',  ( 6.390643846894894509, -33.68543350024464189, 7.800000000000001599 ) ) ;
#749 = PERSON_AND_ORGANIZATION_ROLE ( 'creator' ) ;
#750 = ORIENTED_EDGE ( 'NONE', *, *, #796, .T. ) ;
#751 = CARTESIAN_POINT ( 'NONE',  ( -8.829356153105113236, -33.68543350024464189, 7.800000000000001599 ) ) ;
#752 = AXIS2_PLACEMENT_3D ( 'NONE', #277, #1476, #290 ) ;
#753 = CIRCLE ( 'NONE', #1840, 3.024999999999999911 ) ;
#754 = AXIS2_PLACEMENT_3D ( 'NONE', #190, #1663, #1796 ) ;
#755 = EDGE_CURVE ( 'NONE', #1277, #1204, #1228, .T. ) ;
#756 = DIRECTION ( 'NONE',  ( 0.000000000000000000, 0.000000000000000000, -1.000000000000000000 ) ) ;
#757 = EDGE_LOOP ( 'NONE', ( #1411, #1412 ) ) ;
#758 = CARTESIAN_POINT ( 'NONE',  ( 30.58064384689489756, 10.12456649975535505, 11.80000000000000071 ) ) ;
#759 =( NAMED_UNIT ( * ) SI_UNIT ( $, .STERADIAN. ) SOLID_ANGLE_UNIT ( ) );
#760 = ORIENTED_EDGE ( 'NONE', *, *, #369, .F. ) ;
#761 = CC_DESIGN_DATE_AND_TIME_ASSIGNMENT ( #34, #7, ( #1097 ) ) ;
#762 = AXIS2_PLACEMENT_3D ( 'NONE', #98, #389, #659 ) ;
#763 = FACE_OUTER_BOUND ( 'NONE', #1019, .T. ) ;
#764 = VECTOR ( 'NONE', #1738, 1000.000000000000000 ) ;
#765 = DIRECTION ( 'NONE',  ( -0.000000000000000000, -0.000000000000000000, -1.000000000000000000 ) ) ;
#766 = ORIENTED_EDGE ( 'NONE', *, *, #1627, .F. ) ;
#767 = CARTESIAN_POINT ( 'NONE',  ( 11.04064384689489309, 33.93456649975535555, 11.80000000000000071 ) ) ;
#768 = EDGE_LOOP ( 'NONE', ( #341, #1065, #5, #423 ) ) ;
#769 = CARTESIAN_POINT ( 'NONE',  ( 32.73064384689489970, -9.875433500244644947, 7.800000000000001599 ) ) ;
#770 = VECTOR ( 'NONE', #193, 1000.000000000000000 ) ;
#771 = EDGE_CURVE ( 'NONE', #1010, #1174, #1491, .T. ) ;
#772 = DIRECTION ( 'NONE',  ( -1.000000000000000000, 0.000000000000000000, 0.000000000000000000 ) ) ;
#773 = VERTEX_POINT ( 'NONE', #748 ) ;
#774 = CARTESIAN_POINT ( 'NONE',  ( -28.76935615310511807, 10.12456649975535505, 7.800000000000001599 ) ) ;
#775 = CARTESIAN_POINT ( 'NONE',  ( 12.19064384689489344, 33.93456649975535555, 7.800000000000001599 ) ) ;
#776 = AXIS2_PLACEMENT_3D ( 'NONE', #1688, #1227, #332 ) ;
#777 = VERTEX_POINT ( 'NONE', #1067 ) ;
#778 = APPLICATION_CONTEXT ( 'configuration controlled 3d designs of mechanical parts and assemblies' ) ;
#779 = CARTESIAN_POINT ( 'NONE',  ( -34.41935615310512020, -9.875433500244644947, 0.000000000000000000 ) ) ;
#780 = CIRCLE ( 'NONE', #720, 2.150000000000002576 ) ;
#781 = DIRECTION ( 'NONE',  ( -0.000000000000000000, 0.000000000000000000, -1.000000000000000000 ) ) ;
#782 = VERTEX_POINT ( 'NONE', #1500 ) ;
#783 = DIRECTION ( 'NONE',  ( 1.000000000000000000, 0.000000000000000000, 0.000000000000000000 ) ) ;
#784 = PLANE ( 'NONE',  #625 ) ;
#785 = EDGE_CURVE ( 'NONE', #587, #599, #45, .T. ) ;
#786 = ADVANCED_FACE ( 'NONE', ( #631 ), #891, .F. ) ;
#787 = LINE ( 'NONE', #1377, #616 ) ;
#788 = AXIS2_PLACEMENT_3D ( 'NONE', #523, #1110, #359 ) ;
#789 = CYLINDRICAL_SURFACE ( 'NONE', #1189, 3.024999999999999911 ) ;
#790 = EDGE_LOOP ( 'NONE', ( #602, #898, #863, #307 ) ) ;
#791 = CARTESIAN_POINT ( 'NONE',  ( 0.000000000000000000, 0.000000000000000000, 11.80000000000000071 ) ) ;
#792 = DIRECTION ( 'NONE',  ( 0.000000000000000000, 0.000000000000000000, 1.000000000000000000 ) ) ;
#793 = EDGE_CURVE ( 'NONE', #1892, #140, #466, .T. ) ;
#794 = CARTESIAN_POINT ( 'NONE',  ( 0.000000000000000000, 31.50000000000000000, 11.80000000000000071 ) ) ;
#795 = DIRECTION ( 'NONE',  ( -0.000000000000000000, -0.000000000000000000, -1.000000000000000000 ) ) ;
#796 = EDGE_CURVE ( 'NONE', #436, #75, #1756, .T. ) ;
#797 = CIRCLE ( 'NONE', #1329, 2.899999999999999911 ) ;
#798 = ADVANCED_FACE ( 'NONE', ( #1057, #487 ), #169, .T. ) ;
#799 = DIRECTION ( 'NONE',  ( 0.000000000000000000, 0.000000000000000000, 1.000000000000000000 ) ) ;
#800 = VECTOR ( 'NONE', #1436, 1000.000000000000000 ) ;
#801 = ORIENTED_EDGE ( 'NONE', *, *, #1401, .T. ) ;
#802 = CARTESIAN_POINT ( 'NONE',  ( -7.079356153105113236, 33.93456649975535555, 7.800000000000001599 ) ) ;
#803 = CARTESIAN_POINT ( 'NONE',  ( -32.26935615310511452, 10.12456649975535505, 7.800000000000001599 ) ) ;
#804 = DIRECTION ( 'NONE',  ( -0.000000000000000000, 0.000000000000000000, -1.000000000000000000 ) ) ;
#805 = CARTESIAN_POINT ( 'NONE',  ( 36.23064384689489970, -9.875433500244644947, 11.80000000000000071 ) ) ;
#806 = EDGE_CURVE ( 'NONE', #1854, #1707, #600, .T. ) ;
#807 = EDGE_CURVE ( 'NONE', #421, #1819, #100, .T. ) ;
#808 = AXIS2_PLACEMENT_3D ( 'NONE', #1837, #1660, #1098 ) ;
#809 = DIRECTION ( 'NONE',  ( -0.000000000000000000, -0.000000000000000000, -1.000000000000000000 ) ) ;
#810 = CIRCLE ( 'NONE', #752, 1.750000000000000666 ) ;
#811 = ORIENTED_EDGE ( 'NONE', *, *, #38, .F. ) ;
#812 = CARTESIAN_POINT ( 'NONE',  ( -8.829356153105113236, -33.68543350024464189, 7.800000000000001599 ) ) ;
#813 = EDGE_CURVE ( 'NONE', #773, #375, #924, .T. ) ;
#814 = CARTESIAN_POINT ( 'NONE',  ( -27.27980021920975773, -15.75000000000012790, 11.80000000000000071 ) ) ;
#815 = FACE_OUTER_BOUND ( 'NONE', #1467, .T. ) ;
#816 = DIRECTION ( 'NONE',  ( -0.000000000000000000, -0.000000000000000000, -1.000000000000000000 ) ) ;
#817 = VERTEX_POINT ( 'NONE', #738 ) ;
#818 = ORIENTED_EDGE ( 'NONE', *, *, #1144, .T. ) ;
#819 = DIRECTION ( 'NONE',  ( -1.000000000000000000, 0.000000000000000000, 0.000000000000000000 ) ) ;
#820 = ORIENTED_EDGE ( 'NONE', *, *, #962, .F. ) ;
#821 = CARTESIAN_POINT ( 'NONE',  ( -32.26935615310511452, -9.875433500244644947, 11.80000000000000071 ) ) ;
#822 = DIRECTION ( 'NONE',  ( 1.000000000000000000, 0.000000000000000000, 0.000000000000000000 ) ) ;
#823 = CYLINDRICAL_SURFACE ( 'NONE', #1714, 3.499999999999999556 ) ;
#824 = ADVANCED_FACE ( 'NONE', ( #457 ), #1048, .F. ) ;
#825 = ORIENTED_EDGE ( 'NONE', *, *, #1755, .T. ) ;
#826 = ORIENTED_EDGE ( 'NONE', *, *, #1612, .T. ) ;
#827 = DIRECTION ( 'NONE',  ( -0.000000000000000000, -0.000000000000000000, -1.000000000000000000 ) ) ;
#828 = CIRCLE ( 'NONE', #1077, 15.59999999999999964 ) ;
#829 = ORIENTED_EDGE ( 'NONE', *, *, #458, .T. ) ;
#830 = DIRECTION ( 'NONE',  ( 0.000000000000000000, 0.000000000000000000, -1.000000000000000000 ) ) ;
#831 = DIRECTION ( 'NONE',  ( 0.000000000000000000, 0.000000000000000000, -1.000000000000000000 ) ) ;
#832 = AXIS2_PLACEMENT_3D ( 'NONE', #843, #708, #1471 ) ;
#833 = VERTEX_POINT ( 'NONE', #6 ) ;
#834 = CARTESIAN_POINT ( 'NONE',  ( -28.76935615310511807, -9.875433500244644947, 7.800000000000001599 ) ) ;
#835 = VERTEX_POINT ( 'NONE', #610 ) ;
#836 = VERTEX_POINT ( 'NONE', #181 ) ;
#837 = CIRCLE ( 'NONE', #1086, 2.149999999999999023 ) ;
#838 = ORIENTED_EDGE ( 'NONE', *, *, #1561, .T. ) ;
#839 = EDGE_CURVE ( 'NONE', #481, #817, #448, .T. ) ;
#840 = EDGE_CURVE ( 'NONE', #623, #228, #1517, .T. ) ;
#841 = FACE_BOUND ( 'NONE', #552, .T. ) ;
#842 = CARTESIAN_POINT ( 'NONE',  ( 32.73064384689489970, -9.875433500244644947, 7.800000000000001599 ) ) ;
#843 = CARTESIAN_POINT ( 'NONE',  ( -8.829356153105113236, 33.93456649975535555, 7.800000000000001599 ) ) ;
#844 = FACE_BOUND ( 'NONE', #347, .T. ) ;
#845 = ORIENTED_EDGE ( 'NONE', *, *, #330, .T. ) ;
#847 = ORIENTED_EDGE ( 'NONE', *, *, #1737, .T. ) ;
#846 = CIRCLE ( 'NONE', #788, 3.500000000000003109 ) ;
#848 = ORIENTED_EDGE ( 'NONE', *, *, #1156, .F. ) ;
#849 = DIRECTION ( 'NONE',  ( -1.000000000000000000, 0.000000000000000000, 0.000000000000000000 ) ) ;
#850 = LINE ( 'NONE', #1155, #1513 ) ;
#851 = EDGE_CURVE ( 'NONE', #612, #1367, #1345, .T. ) ;
#852 = EDGE_LOOP ( 'NONE', ( #908, #866 ) ) ;
#853 = DIRECTION ( 'NONE',  ( 0.000000000000000000, 0.000000000000000000, 1.000000000000000000 ) ) ;
#854 = EDGE_CURVE ( 'NONE', #168, #1047, #1527, .T. ) ;
#855 = LINE ( 'NONE', #1557, #1223 ) ;
#856 = ORIENTED_EDGE ( 'NONE', *, *, #1366, .F. ) ;
#857 = CARTESIAN_POINT ( 'NONE',  ( -11.72935615310511359, -33.68543350024464189, 11.80000000000000071 ) ) ;
#858 = ADVANCED_FACE ( 'NONE', ( #916, #1389 ), #784, .T. ) ;
#859 = CIRCLE ( 'NONE', #1889, 3.499999999999999556 ) ;
#860 = ORIENTED_EDGE ( 'NONE', *, *, #235, .T. ) ;
#861 = DIRECTION ( 'NONE',  ( 0.000000000000000000, 0.000000000000000000, -1.000000000000000000 ) ) ;
#862 = CARTESIAN_POINT ( 'NONE',  ( -10.57935615310511324, 33.93456649975535555, 7.800000000000001599 ) ) ;
#863 = ORIENTED_EDGE ( 'NONE', *, *, #328, .T. ) ;
#864 = DIRECTION ( 'NONE',  ( 0.000000000000000000, 0.000000000000000000, -1.000000000000000000 ) ) ;
#865 = DIRECTION ( 'NONE',  ( 1.000000000000000000, 0.000000000000000000, 0.000000000000000000 ) ) ;
#866 = ORIENTED_EDGE ( 'NONE', *, *, #718, .F. ) ;
#867 = VECTOR ( 'NONE', #486, 1000.000000000000000 ) ;
#868 = DIRECTION ( 'NONE',  ( -0.000000000000000000, -0.000000000000000000, -1.000000000000000000 ) ) ;
#869 = ADVANCED_FACE ( 'NONE', ( #1243 ), #1252, .F. ) ;
#870 = DIRECTION ( 'NONE',  ( -0.000000000000000000, -0.000000000000000000, 1.000000000000000000 ) ) ;
#871 = ORIENTED_EDGE ( 'NONE', *, *, #1348, .F. ) ;
#872 = ADVANCED_FACE ( 'NONE', ( #638 ), #206, .F. ) ;
#873 = DIRECTION ( 'NONE',  ( -1.000000000000000000, 0.000000000000000000, 0.000000000000000000 ) ) ;
#874 = PERSON_AND_ORGANIZATION_ROLE ( 'classification_officer' ) ;
#875 = CIRCLE ( 'NONE', #199, 3.024999999999999911 ) ;
#876 = ORIENTED_EDGE ( 'NONE', *, *, #471, .F. ) ;
#877 = DIRECTION ( 'NONE',  ( 0.000000000000000000, 0.000000000000000000, -1.000000000000000000 ) ) ;
#878 = DIRECTION ( 'NONE',  ( -0.000000000000000000, -0.000000000000000000, -1.000000000000000000 ) ) ;
#879 = ORIENTED_EDGE ( 'NONE', *, *, #1723, .T. ) ;
#880 = CYLINDRICAL_SURFACE ( 'NONE', #1785, 2.149999999999999023 ) ;
#881 = CARTESIAN_POINT ( 'NONE',  ( 9.290643846894893088, 33.93456649975535555, 11.80000000000000071 ) ) ;
#882 = AXIS2_PLACEMENT_3D ( 'NONE', #207, #507, #215 ) ;
#883 = ORIENTED_EDGE ( 'NONE', *, *, #1257, .F. ) ;
#884 = DIRECTION ( 'NONE',  ( -0.000000000000000000, -0.000000000000000000, -1.000000000000000000 ) ) ;
#885 = ORIENTED_EDGE ( 'NONE', *, *, #454, .F. ) ;
#886 = FACE_BOUND ( 'NONE', #8, .T. ) ;
#887 = CARTESIAN_POINT ( 'NONE',  ( 9.290643846894893088, -33.68543350024464189, 11.80000000000000071 ) ) ;
#888 = ORIENTED_EDGE ( 'NONE', *, *, #854, .T. ) ;
#889 = CARTESIAN_POINT ( 'NONE',  ( 9.290643846894893088, 33.93456649975535555, 7.800000000000001599 ) ) ;
#890 = ORIENTED_EDGE ( 'NONE', *, *, #1123, .T. ) ;
#891 = CYLINDRICAL_SURFACE ( 'NONE', #661, 3.024999999999999911 ) ;
#892 = APPROVAL_DATE_TIME ( #1321, #615 ) ;
#893 = AXIS2_PLACEMENT_3D ( 'NONE', #455, #1184, #1340 ) ;
#894 = ORIENTED_EDGE ( 'NONE', *, *, #1504, .T. ) ;
#895 = DIRECTION ( 'NONE',  ( 1.000000000000000000, 0.000000000000000000, 0.000000000000000000 ) ) ;
#896 = CIRCLE ( 'NONE', #1452, 2.149999999999999023 ) ;
#897 = CARTESIAN_POINT ( 'NONE',  ( -8.829356153105113236, 33.93456649975535555, 0.000000000000000000 ) ) ;
#898 = ORIENTED_EDGE ( 'NONE', *, *, #1009, .T. ) ;
#899 = DIRECTION ( 'NONE',  ( 0.000000000000000000, 0.000000000000000000, 1.000000000000000000 ) ) ;
#900 = DATE_TIME_ROLE ( 'classification_date' ) ;
#901 = ORIENTED_EDGE ( 'NONE', *, *, #513, .T. ) ;
#902 = DIRECTION ( 'NONE',  ( -1.000000000000000000, 0.000000000000000000, 0.000000000000000000 ) ) ;
#903 = CIRCLE ( 'NONE', #957, 3.500000000000003109 ) ;
#904 = LINE ( 'NONE', #726, #1745 ) ;
#905 = ORIENTED_EDGE ( 'NONE', *, *, #1825, .F. ) ;
#906 = DIRECTION ( 'NONE',  ( -0.000000000000000000, -0.000000000000000000, -1.000000000000000000 ) ) ;
#907 = APPROVAL_DATE_TIME ( #1049, #1390 ) ;
#908 = ORIENTED_EDGE ( 'NONE', *, *, #658, .F. ) ;
#909 = DIRECTION ( 'NONE',  ( -1.000000000000000000, 0.000000000000000000, 0.000000000000000000 ) ) ;
#910 = ADVANCED_FACE ( 'NONE', ( #1383 ), #70, .F. ) ;
#911 = CIRCLE ( 'NONE', #605, 1.749999999999999778 ) ;
#912 = DIRECTION ( 'NONE',  ( -0.000000000000000000, -0.000000000000000000, -1.000000000000000000 ) ) ;
#913 = APPROVAL_PERSON_ORGANIZATION ( #170, #1390, #1058 ) ;
#914 = ORIENTED_EDGE ( 'NONE', *, *, #641, .F. ) ;
#915 = LINE ( 'NONE', #1080, #1112 ) ;
#916 = FACE_OUTER_BOUND ( 'NONE', #1453, .T. ) ;
#917 = ORIENTED_EDGE ( 'NONE', *, *, #318, .F. ) ;
#918 = DIRECTION ( 'NONE',  ( -1.000000000000000000, 0.000000000000000000, 0.000000000000000000 ) ) ;
#919 = AXIS2_PLACEMENT_3D ( 'NONE', #1635, #167, #1035 ) ;
#920 = ADVANCED_FACE ( 'NONE', ( #496 ), #54, .F. ) ;
#921 = FACE_OUTER_BOUND ( 'NONE', #1872, .T. ) ;
#922 = ORIENTED_EDGE ( 'NONE', *, *, #997, .F. ) ;
#923 = CARTESIAN_POINT ( 'NONE',  ( 0.000000000000000000, 0.000000000000000000, 11.80000000000000071 ) ) ;
#924 = LINE ( 'NONE', #333, #503 ) ;
#925 = CIRCLE ( 'NONE', #94, 3.499999999999999556 ) ;
#926 = ORIENTED_EDGE ( 'NONE', *, *, #381, .F. ) ;
#927 = DIRECTION ( 'NONE',  ( -0.000000000000000000, -0.000000000000000000, 1.000000000000000000 ) ) ;
#928 = CIRCLE ( 'NONE', #1681, 1.749999999999999778 ) ;
#929 = AXIS2_PLACEMENT_3D ( 'NONE', #1386, #1379, #74 ) ;
#930 = CARTESIAN_POINT ( 'NONE',  ( -5.929356153105113769, 33.93456649975535555, 11.80000000000000071 ) ) ;
#931 = ORIENTED_EDGE ( 'NONE', *, *, #1156, .T. ) ;
#932 = DIRECTION ( 'NONE',  ( -0.000000000000000000, -0.000000000000000000, -1.000000000000000000 ) ) ;
#933 = DIRECTION ( 'NONE',  ( -0.000000000000000000, -0.000000000000000000, -1.000000000000000000 ) ) ;
#934 = CARTESIAN_POINT ( 'NONE',  ( -28.76935615310511807, -9.875433500244644947, 7.800000000000001599 ) ) ;
#935 = FACE_OUTER_BOUND ( 'NONE', #1923, .T. ) ;
#936 = AXIS2_PLACEMENT_3D ( 'NONE', #696, #1280, #1910 ) ;
#937 = CARTESIAN_POINT ( 'NONE',  ( 32.73064384689489970, -9.875433500244644947, 7.800000000000001599 ) ) ;
#938 = ORIENTED_EDGE ( 'NONE', *, *, #1556, .F. ) ;
#939 = CYLINDRICAL_SURFACE ( 'NONE', #1302, 1.750000000000000666 ) ;
#940 = CARTESIAN_POINT ( 'NONE',  ( 32.73064384689489970, 10.12456649975535505, 7.800000000000001599 ) ) ;
#941 = CARTESIAN_POINT ( 'NONE',  ( -27.27980021920985365, 15.74999999999993783, 11.80000000000000071 ) ) ;
#942 = DIRECTION ( 'NONE',  ( -1.000000000000000000, 0.000000000000000000, 0.000000000000000000 ) ) ;
#943 = ADVANCED_FACE ( 'NONE', ( #1081 ), #1680, .F. ) ;
#944 = EDGE_CURVE ( 'NONE', #1650, #782, #560, .T. ) ;
#945 = AXIS2_PLACEMENT_3D ( 'NONE', #1857, #1111, #1693 ) ;
#946 = DIRECTION ( 'NONE',  ( 1.000000000000000000, 0.000000000000000000, 0.000000000000000000 ) ) ;
#947 = AXIS2_PLACEMENT_3D ( 'NONE', #406, #99, #88 ) ;
#948 = ORIENTED_EDGE ( 'NONE', *, *, #96, .F. ) ;
#949 = DIRECTION ( 'NONE',  ( -0.000000000000000000, -0.000000000000000000, -1.000000000000000000 ) ) ;
#950 = APPROVAL ( #621, 'æœª' ) ;
#951 = DIRECTION ( 'NONE',  ( 1.000000000000000000, 0.000000000000000000, 0.000000000000000000 ) ) ;
#952 = DIRECTION ( 'NONE',  ( -0.000000000000000000, -0.000000000000000000, -1.000000000000000000 ) ) ;
#953 = AXIS2_PLACEMENT_3D ( 'NONE', #1406, #544, #1133 ) ;
#954 = VECTOR ( 'NONE', #209, 1000.000000000000000 ) ;
#955 = DIRECTION ( 'NONE',  ( -0.000000000000000000, -0.000000000000000000, -1.000000000000000000 ) ) ;
#956 = ORIENTED_EDGE ( 'NONE', *, *, #1404, .T. ) ;
#957 = AXIS2_PLACEMENT_3D ( 'NONE', #1461, #274, #287 ) ;
#958 = ORIENTED_EDGE ( 'NONE', *, *, #1915, .F. ) ;
#959 = DIRECTION ( 'NONE',  ( 0.000000000000000000, 0.000000000000000000, 1.000000000000000000 ) ) ;
#960 = CARTESIAN_POINT ( 'NONE',  ( 32.73064384689489970, -9.875433500244644947, 0.000000000000000000 ) ) ;
#961 = CARTESIAN_POINT ( 'NONE',  ( -32.26935615310511452, 10.12456649975535505, 0.000000000000000000 ) ) ;
#962 = EDGE_CURVE ( 'NONE', #83, #628, #1623, .T. ) ;
#963 = AXIS2_PLACEMENT_3D ( 'NONE', #292, #1164, #569 ) ;
#964 = FACE_BOUND ( 'NONE', #757, .T. ) ;
#965 = ORIENTED_EDGE ( 'NONE', *, *, #147, .F. ) ;
#966 = ORIENTED_EDGE ( 'NONE', *, *, #1878, .T. ) ;
#967 = CARTESIAN_POINT ( 'NONE',  ( -8.829356153105113236, -33.68543350024464189, 0.000000000000000000 ) ) ;
#968 = ORIENTED_EDGE ( 'NONE', *, *, #1915, .T. ) ;
#969 = CYLINDRICAL_SURFACE ( 'NONE', #1282, 3.024999999999999911 ) ;
#970 = DIRECTION ( 'NONE',  ( -0.000000000000000000, -0.000000000000000000, -1.000000000000000000 ) ) ;
#971 = ORIENTED_EDGE ( 'NONE', *, *, #38, .T. ) ;
#972 = DIRECTION ( 'NONE',  ( 0.000000000000000000, 0.000000000000000000, -1.000000000000000000 ) ) ;
#973 = ORIENTED_EDGE ( 'NONE', *, *, #301, .T. ) ;
#974 = AXIS2_PLACEMENT_3D ( 'NONE', #296, #461, #1358 ) ;
#975 = EDGE_CURVE ( 'NONE', #835, #655, #1903, .T. ) ;
#976 = EDGE_CURVE ( 'NONE', #1639, #256, #1867, .T. ) ;
#977 = ORIENTED_EDGE ( 'NONE', *, *, #1207, .F. ) ;
#978 = CARTESIAN_POINT ( 'NONE',  ( -32.26935615310511452, 10.12456649975535505, 11.80000000000000071 ) ) ;
#979 = VECTOR ( 'NONE', #970, 1000.000000000000000 ) ;
#980 = ORIENTED_EDGE ( 'NONE', *, *, #262, .T. ) ;
#981 = DIRECTION ( 'NONE',  ( 0.000000000000000000, 0.000000000000000000, -1.000000000000000000 ) ) ;
#982 = DIRECTION ( 'NONE',  ( -1.000000000000000000, 0.000000000000000000, 0.000000000000000000 ) ) ;
#983 = CARTESIAN_POINT ( 'NONE',  ( 24.25480021920996165, -15.74999999999974598, 0.000000000000000000 ) ) ;
#984 = AXIS2_PLACEMENT_3D ( 'NONE', #821, #1711, #1094 ) ;
#985 = DIRECTION ( 'NONE',  ( -0.000000000000000000, -0.000000000000000000, -1.000000000000000000 ) ) ;
#986 = VERTEX_POINT ( 'NONE', #1514 ) ;
#987 = CARTESIAN_POINT ( 'NONE',  ( -34.41935615310512020, 10.12456649975535505, 7.800000000000001599 ) ) ;
#988 = EDGE_CURVE ( 'NONE', #481, #711, #1028, .T. ) ;
#989 = VECTOR ( 'NONE', #1624, 1000.000000000000000 ) ;
#990 = AXIS2_PLACEMENT_3D ( 'NONE', #1761, #1161, #1907 ) ;
#991 = ORIENTED_EDGE ( 'NONE', *, *, #1863, .F. ) ;
#992 = CYLINDRICAL_SURFACE ( 'NONE', #963, 3.499999999999999556 ) ;
#993 = CARTESIAN_POINT ( 'NONE',  ( 27.27980021920996379, -15.74999999999974598, 11.80000000000000071 ) ) ;
#994 = EDGE_LOOP ( 'NONE', ( #529, #847 ) ) ;
#995 = CARTESIAN_POINT ( 'NONE',  ( -32.26935615310511452, -9.875433500244644947, 0.000000000000000000 ) ) ;
#996 = EDGE_CURVE ( 'NONE', #986, #587, #719, .T. ) ;
#997 = EDGE_CURVE ( 'NONE', #599, #183, #1113, .T. ) ;
#998 = DIRECTION ( 'NONE',  ( 0.000000000000000000, 0.000000000000000000, -1.000000000000000000 ) ) ;
#999 = EDGE_LOOP ( 'NONE', ( #92, #388 ) ) ;
#1001 = DIRECTION ( 'NONE',  ( 1.000000000000000000, 0.000000000000000000, 0.000000000000000000 ) ) ;
#1000 = CIRCLE ( 'NONE', #762, 2.899999999999999911 ) ;
#1002 = VERTEX_POINT ( 'NONE', #643 ) ;
#1003 = CLOSED_SHELL ( 'NONE', ( #869, #654, #872, #824, #1674, #943, #709, #442, #786, #1062, #1520, #584, #1686, #1438, #567, #371, #714, #125, #97, #1649, #1224, #1772, #443, #1675, #163, #1767, #1202, #1896, #374, #1891, #114, #327, #1177, #319, #1134, #1091, #1912, #1382, #1813, #500, #910, #110, #798, #82, #630, #1192, #858, #608, #732, #920, #1063, #123, #108, #651, #1702, #1494, #473, #234 ) ) ;
#1004 = FACE_OUTER_BOUND ( 'NONE', #701, .T. ) ;
#1005 = CARTESIAN_POINT ( 'NONE',  ( -28.76935615310511807, 10.12456649975535505, 7.800000000000001599 ) ) ;
#1006 = ORIENTED_EDGE ( 'NONE', *, *, #667, .T. ) ;
#1007 = DIRECTION ( 'NONE',  ( 0.000000000000000000, 0.000000000000000000, -1.000000000000000000 ) ) ;
#1008 = EDGE_CURVE ( 'NONE', #1523, #494, #509, .T. ) ;
#1009 = EDGE_CURVE ( 'NONE', #1779, #734, #50, .T. ) ;
#1010 = VERTEX_POINT ( 'NONE', #662 ) ;
#1011 = DIRECTION ( 'NONE',  ( 1.000000000000000000, 0.000000000000000000, 0.000000000000000000 ) ) ;
#1012 = ORIENTED_EDGE ( 'NONE', *, *, #1846, .F. ) ;
#1013 = EDGE_CURVE ( 'NONE', #1277, #623, #1221, .T. ) ;
#1014 = DIRECTION ( 'NONE',  ( -1.000000000000000000, 0.000000000000000000, 0.000000000000000000 ) ) ;
#1015 = VECTOR ( 'NONE', #765, 1000.000000000000000 ) ;
#1016 = ORIENTED_EDGE ( 'NONE', *, *, #607, .F. ) ;
#1017 = CARTESIAN_POINT ( 'NONE',  ( -24.25480021920985507, 15.74999999999993783, 11.80000000000000071 ) ) ;
#1018 = DIRECTION ( 'NONE',  ( -0.000000000000000000, -0.000000000000000000, -1.000000000000000000 ) ) ;
#1019 = EDGE_LOOP ( 'NONE', ( #1608, #1920, #1040, #373 ) ) ;
#1020 = CARTESIAN_POINT ( 'NONE',  ( 11.04064384689489309, 33.93456649975535555, 0.000000000000000000 ) ) ;
#1021 = CARTESIAN_POINT ( 'NONE',  ( 11.04064384689489309, -33.68543350024464189, 0.000000000000000000 ) ) ;
#1022 = EDGE_LOOP ( 'NONE', ( #871, #432 ) ) ;
#1023 = DIRECTION ( 'NONE',  ( 0.000000000000000000, 0.000000000000000000, 1.000000000000000000 ) ) ;
#1024 = FACE_OUTER_BOUND ( 'NONE', #1267, .T. ) ;
#1025 = ORIENTED_EDGE ( 'NONE', *, *, #1123, .F. ) ;
#1026 = DIRECTION ( 'NONE',  ( 1.000000000000000000, 0.000000000000000000, 0.000000000000000000 ) ) ;
#1027 = CALENDAR_DATE ( 2026, 16, 5 ) ;
#1028 = CIRCLE ( 'NONE', #1554, 2.899999999999999911 ) ;
#1029 = AXIS2_PLACEMENT_3D ( 'NONE', #1809, #1214, #1054 ) ;
#1030 = EDGE_LOOP ( 'NONE', ( #411, #533 ) ) ;
#1031 = CARTESIAN_POINT ( 'NONE',  ( -32.26935615310511452, 10.12456649975535505, 7.800000000000001599 ) ) ;
#1032 = DIRECTION ( 'NONE',  ( -0.000000000000000000, -0.000000000000000000, -1.000000000000000000 ) ) ;
#1033 = CARTESIAN_POINT ( 'NONE',  ( -28.76935615310511807, 10.12456649975535505, 11.80000000000000071 ) ) ;
#1034 = ORIENTED_EDGE ( 'NONE', *, *, #179, .F. ) ;
#1035 = DIRECTION ( 'NONE',  ( -1.000000000000000000, 0.000000000000000000, 0.000000000000000000 ) ) ;
#1036 = CIRCLE ( 'NONE', #1565, 2.899999999999999911 ) ;
#1037 = VERTEX_POINT ( 'NONE', #354 ) ;
#1038 = DIRECTION ( 'NONE',  ( 1.000000000000000000, 0.000000000000000000, 0.000000000000000000 ) ) ;
#1039 = COORDINATED_UNIVERSAL_TIME_OFFSET ( 8, 0, .AHEAD. ) ;
#1040 = ORIENTED_EDGE ( 'NONE', *, *, #1825, .T. ) ;
#1041 = CARTESIAN_POINT ( 'NONE',  ( -27.27980021920975773, -15.75000000000012790, 0.000000000000000000 ) ) ;
#1042 = CC_DESIGN_PERSON_AND_ORGANIZATION_ASSIGNMENT ( #1199, #1509, ( #1539 ) ) ;
#1043 = ORIENTED_EDGE ( 'NONE', *, *, #785, .F. ) ;
#1044 = APPROVAL_PERSON_ORGANIZATION ( #1778, #950, #480 ) ;
#1045 = DIRECTION ( 'NONE',  ( 0.000000000000000000, 0.000000000000000000, -1.000000000000000000 ) ) ;
#1046 = EDGE_CURVE ( 'NONE', #1190, #59, #687, .T. ) ;
#1047 = VERTEX_POINT ( 'NONE', #930 ) ;
#1048 = CYLINDRICAL_SURFACE ( 'NONE', #252, 2.899999999999999911 ) ;
#1049 = DATE_AND_TIME ( #1027, #1168 ) ;
#1050 = CIRCLE ( 'NONE', #1393, 3.024999999999999911 ) ;
#1051 = ORIENTED_EDGE ( 'NONE', *, *, #1336, .F. ) ;
#1052 = DIRECTION ( 'NONE',  ( -0.000000000000000000, -0.000000000000000000, 1.000000000000000000 ) ) ;
#1053 = CIRCLE ( 'NONE', #1734, 15.59999999999999964 ) ;
#1054 = DIRECTION ( 'NONE',  ( -1.000000000000000000, 0.000000000000000000, 0.000000000000000000 ) ) ;
#1055 = ORIENTED_EDGE ( 'NONE', *, *, #1824, .T. ) ;
#1056 = EDGE_CURVE ( 'NONE', #1599, #1305, #1376, .T. ) ;
#1057 = FACE_OUTER_BOUND ( 'NONE', #557, .T. ) ;
#1058 = APPROVAL_ROLE ( '' ) ;
#1059 = VERTEX_POINT ( 'NONE', #203 ) ;
#1060 = AXIS2_PLACEMENT_3D ( 'NONE', #506, #933, #358 ) ;
#1061 = CARTESIAN_POINT ( 'NONE',  ( -5.929356153105113769, 33.93456649975535555, 7.800000000000001599 ) ) ;
#1062 = ADVANCED_FACE ( 'NONE', ( #195 ), #789, .F. ) ;
#1063 = ADVANCED_FACE ( 'NONE', ( #921, #1371 ), #1403, .T. ) ;
#1064 = DIRECTION ( 'NONE',  ( -0.000000000000000000, -0.000000000000000000, -1.000000000000000000 ) ) ;
#1065 = ORIENTED_EDGE ( 'NONE', *, *, #428, .T. ) ;
#1066 = DIRECTION ( 'NONE',  ( -0.000000000000000000, -0.000000000000000000, 1.000000000000000000 ) ) ;
#1067 = CARTESIAN_POINT ( 'NONE',  ( -30.11935615310511594, -9.875433500244644947, 0.000000000000000000 ) ) ;
#1068 = ORIENTED_EDGE ( 'NONE', *, *, #839, .T. ) ;
#1069 = CARTESIAN_POINT ( 'NONE',  ( 12.19064384689489344, -33.68543350024464189, 7.800000000000001599 ) ) ;
#1070 = CARTESIAN_POINT ( 'NONE',  ( -8.829356153105113236, -33.68543350024464189, 7.800000000000001599 ) ) ;
#1071 = EDGE_CURVE ( 'NONE', #12, #546, #57, .T. ) ;
#1072 = EDGE_LOOP ( 'NONE', ( #1613, #1697 ) ) ;
#1073 = DIRECTION ( 'NONE',  ( 1.000000000000000000, 0.000000000000000000, -0.000000000000000000 ) ) ;
#1074 = CARTESIAN_POINT ( 'NONE',  ( -3.024999999999780087, -31.50000000000000000, 11.80000000000000071 ) ) ;
#1075 = ORIENTED_EDGE ( 'NONE', *, *, #469, .T. ) ;
#1076 = CARTESIAN_POINT ( 'NONE',  ( 27.27980021920996379, -15.74999999999974598, 0.000000000000000000 ) ) ;
#1077 = AXIS2_PLACEMENT_3D ( 'NONE', #1684, #1832, #1246 ) ;
#1078 = DIRECTION ( 'NONE',  ( 1.000000000000000000, 0.000000000000000000, 0.000000000000000000 ) ) ;
#1079 = ORIENTED_EDGE ( 'NONE', *, *, #718, .T. ) ;
#1080 = CARTESIAN_POINT ( 'NONE',  ( -24.25480021920985507, 15.74999999999993783, 11.80000000000000071 ) ) ;
#1081 = FACE_OUTER_BOUND ( 'NONE', #331, .T. ) ;
#1082 = CIRCLE ( 'NONE', #681, 3.500000000000003109 ) ;
#1083 = DIRECTION ( 'NONE',  ( -0.000000000000000000, -0.000000000000000000, -1.000000000000000000 ) ) ;
#1084 = CYLINDRICAL_SURFACE ( 'NONE', #1801, 2.149999999999999023 ) ;
#1085 = CIRCLE ( 'NONE', #44, 3.024999999999999911 ) ;
#1086 = AXIS2_PLACEMENT_3D ( 'NONE', #995, #1007, #1313 ) ;
#1087 = AXIS2_PLACEMENT_3D ( 'NONE', #940, #1398, #1689 ) ;
#1088 = LINE ( 'NONE', #627, #1499 ) ;
#1089 = VERTEX_POINT ( 'NONE', #40 ) ;
#1090 = CYLINDRICAL_SURFACE ( 'NONE', #1244, 39.99999999999999289 ) ;
#1091 = ADVANCED_FACE ( 'NONE', ( #1522 ), #501, .F. ) ;
#1092 = DIRECTION ( 'NONE',  ( -0.000000000000000000, -0.000000000000000000, 1.000000000000000000 ) ) ;
#1093 = SHAPE_DEFINITION_REPRESENTATION ( #343, #58 ) ;
#1094 = DIRECTION ( 'NONE',  ( 1.000000000000000000, 0.000000000000000000, 0.000000000000000000 ) ) ;
#1095 = DIRECTION ( 'NONE',  ( 0.000000000000000000, 0.000000000000000000, 1.000000000000000000 ) ) ;
#1096 = AXIS2_PLACEMENT_3D ( 'NONE', #689, #1298, #1921 ) ;
#1097 = PRODUCT_DEFINITION ( 'æœ', '', #1539, #1652 ) ;
#1098 = DIRECTION ( 'NONE',  ( -1.000000000000000000, 0.000000000000000000, 0.000000000000000000 ) ) ;
#1099 = ORIENTED_EDGE ( 'NONE', *, *, #1703, .T. ) ;
#1100 = CYLINDRICAL_SURFACE ( 'NONE', #194, 1.750000000000000666 ) ;
#1101 = CARTESIAN_POINT ( 'NONE',  ( -7.079356153105113236, 33.93456649975535555, 0.000000000000000000 ) ) ;
#1102 = CARTESIAN_POINT ( 'NONE',  ( 0.000000000000000000, 0.000000000000000000, 11.80000000000000071 ) ) ;
#1103 = CIRCLE ( 'NONE', #974, 3.024999999999999911 ) ;
#1104 = CARTESIAN_POINT ( 'NONE',  ( 0.000000000000000000, 0.000000000000000000, 0.000000000000000000 ) ) ;
#1105 = CIRCLE ( 'NONE', #1239, 1.750000000000000666 ) ;
#1106 = ORIENTED_EDGE ( 'NONE', *, *, #381, .T. ) ;
#1107 = EDGE_LOOP ( 'NONE', ( #159, #991 ) ) ;
#1108 = CARTESIAN_POINT ( 'NONE',  ( 32.73064384689489970, -9.875433500244644947, 7.800000000000001599 ) ) ;
#1109 = EDGE_CURVE ( 'NONE', #835, #236, #1088, .T. ) ;
#1110 = DIRECTION ( 'NONE',  ( 0.000000000000000000, 0.000000000000000000, 1.000000000000000000 ) ) ;
#1111 = DIRECTION ( 'NONE',  ( 0.000000000000000000, 0.000000000000000000, 1.000000000000000000 ) ) ;
#1112 = VECTOR ( 'NONE', #1531, 1000.000000000000000 ) ;
#1113 = CIRCLE ( 'NONE', #284, 39.99999999999999289 ) ;
#1114 = DIRECTION ( 'NONE',  ( -0.000000000000000000, -0.000000000000000000, 1.000000000000000000 ) ) ;
#1115 = EDGE_LOOP ( 'NONE', ( #574, #1326, #403, #965 ) ) ;
#1116 = AXIS2_PLACEMENT_3D ( 'NONE', #1620, #1916, #422 ) ;
#1117 = ORIENTED_EDGE ( 'NONE', *, *, #366, .T. ) ;
#1118 = CARTESIAN_POINT ( 'NONE',  ( -8.829356153105113236, -33.68543350024464189, 0.000000000000000000 ) ) ;
#1119 = ORIENTED_EDGE ( 'NONE', *, *, #1757, .F. ) ;
#1120 = CARTESIAN_POINT ( 'NONE',  ( -8.829356153105113236, 33.93456649975535555, 7.800000000000001599 ) ) ;
#1121 = DIRECTION ( 'NONE',  ( 1.000000000000000000, 0.000000000000000000, 0.000000000000000000 ) ) ;
#1122 = PRODUCT_RELATED_PRODUCT_CATEGORY ( 'detail', '', ( #53 ) ) ;
#1123 = EDGE_CURVE ( 'NONE', #1089, #518, #13, .T. ) ;
#1124 = EDGE_CURVE ( 'NONE', #1906, #1174, #653, .T. ) ;
#1125 = AXIS2_PLACEMENT_3D ( 'NONE', #1468, #1777, #1444 ) ;
#1126 = CARTESIAN_POINT ( 'NONE',  ( 24.25480021920963480, 15.75000000000031974, 11.80000000000000071 ) ) ;
#1127 = ORIENTED_EDGE ( 'NONE', *, *, #851, .F. ) ;
#1128 = ORIENTED_EDGE ( 'NONE', *, *, #369, .T. ) ;
#1129 = CARTESIAN_POINT ( 'NONE',  ( -35.76935615310511452, 10.12456649975535505, 7.800000000000001599 ) ) ;
#1130 = ORIENTED_EDGE ( 'NONE', *, *, #1071, .F. ) ;
#1131 = CARTESIAN_POINT ( 'NONE',  ( 32.73064384689489970, 10.12456649975535505, 0.000000000000000000 ) ) ;
#1132 = DIRECTION ( 'NONE',  ( -0.000000000000000000, -0.000000000000000000, -1.000000000000000000 ) ) ;
#1133 = DIRECTION ( 'NONE',  ( 1.000000000000000000, 0.000000000000000000, 0.000000000000000000 ) ) ;
#1134 = ADVANCED_FACE ( 'NONE', ( #1869, #1746, #80, #964, #111, #1263, #1421, #382, #844, #1440, #400, #1448, #1859, #1304, #1291, #1725 ), #1431, .F. ) ;
#1135 = DIRECTION ( 'NONE',  ( -1.000000000000000000, 0.000000000000000000, 0.000000000000000000 ) ) ;
#1136 = EDGE_LOOP ( 'NONE', ( #1492, #465, #879, #1130 ) ) ;
#1137 = AXIS2_PLACEMENT_3D ( 'NONE', #1201, #604, #895 ) ;
#1138 = DIRECTION ( 'NONE',  ( -0.000000000000000000, -0.000000000000000000, -1.000000000000000000 ) ) ;
#1139 = AXIS2_PLACEMENT_3D ( 'NONE', #208, #795, #982 ) ;
#1140 = EDGE_CURVE ( 'NONE', #1661, #445, #135, .T. ) ;
#1141 = ORIENTED_EDGE ( 'NONE', *, *, #29, .T. ) ;
#1142 = DIRECTION ( 'NONE',  ( 1.000000000000000000, 0.000000000000000000, 0.000000000000000000 ) ) ;
#1143 = FACE_OUTER_BOUND ( 'NONE', #85, .T. ) ;
#1144 = EDGE_CURVE ( 'NONE', #83, #1037, #536, .T. ) ;
#1145 = ORIENTED_EDGE ( 'NONE', *, *, #1490, .T. ) ;
#1146 = FACE_BOUND ( 'NONE', #1107, .T. ) ;
#1147 = ORIENTED_EDGE ( 'NONE', *, *, #128, .T. ) ;
#1148 = DIRECTION ( 'NONE',  ( -1.000000000000000000, 0.000000000000000000, 0.000000000000000000 ) ) ;
#1149 = EDGE_LOOP ( 'NONE', ( #728, #103 ) ) ;
#1150 = DIRECTION ( 'NONE',  ( 1.000000000000000000, 0.000000000000000000, 0.000000000000000000 ) ) ;
#1151 = VECTOR ( 'NONE', #1114, 1000.000000000000000 ) ;
#1152 = ORIENTED_EDGE ( 'NONE', *, *, #1352, .T. ) ;
#1153 = EDGE_CURVE ( 'NONE', #593, #1650, #528, .T. ) ;
#1154 = DIRECTION ( 'NONE',  ( -0.000000000000000000, -0.000000000000000000, 1.000000000000000000 ) ) ;
#1155 = CARTESIAN_POINT ( 'NONE',  ( -39.99999999999999289, 0.000000000000000000, 11.80000000000000071 ) ) ;
#1156 = EDGE_CURVE ( 'NONE', #695, #1002, #1085, .T. ) ;
#1157 = ORIENTED_EDGE ( 'NONE', *, *, #1414, .T. ) ;
#1158 = DIRECTION ( 'NONE',  ( 1.000000000000000000, 0.000000000000000000, 0.000000000000000000 ) ) ;
#1159 = CARTESIAN_POINT ( 'NONE',  ( 36.23064384689489970, -9.875433500244644947, 7.800000000000001599 ) ) ;
#1160 = ORIENTED_EDGE ( 'NONE', *, *, #460, .T. ) ;
#1161 = DIRECTION ( 'NONE',  ( -0.000000000000000000, -0.000000000000000000, -1.000000000000000000 ) ) ;
#1162 = ORIENTED_EDGE ( 'NONE', *, *, #1317, .T. ) ;
#1163 = AXIS2_PLACEMENT_3D ( 'NONE', #1108, #520, #1001 ) ;
#1164 = DIRECTION ( 'NONE',  ( -0.000000000000000000, -0.000000000000000000, 1.000000000000000000 ) ) ;
#1165 = CARTESIAN_POINT ( 'NONE',  ( -8.829356153105113236, -33.68543350024464189, 11.80000000000000071 ) ) ;
#1166 = EDGE_LOOP ( 'NONE', ( #1312, #922 ) ) ;
#1167 = FACE_BOUND ( 'NONE', #1297, .T. ) ;
#1168 = LOCAL_TIME ( 10, 44, 32.00000000000000000, #1344 ) ;
#1169 = LINE ( 'NONE', #1472, #286 ) ;
#1170 = ORIENTED_EDGE ( 'NONE', *, *, #187, .F. ) ;
#1171 = DIRECTION ( 'NONE',  ( -0.000000000000000000, -0.000000000000000000, 1.000000000000000000 ) ) ;
#1172 = CARTESIAN_POINT ( 'NONE',  ( -15.59999999999999964, 0.000000000000000000, 11.80000000000000071 ) ) ;
#1173 = CIRCLE ( 'NONE', #1574, 2.899999999999999911 ) ;
#1174 = VERTEX_POINT ( 'NONE', #1587 ) ;
#1175 = FACE_OUTER_BOUND ( 'NONE', #152, .T. ) ;
#1176 = APPROVAL_DATE_TIME ( #580, #950 ) ;
#1177 = ADVANCED_FACE ( 'NONE', ( #121 ), #242, .T. ) ;
#1178 = ORIENTED_EDGE ( 'NONE', *, *, #302, .F. ) ;
#1179 = CARTESIAN_POINT ( 'NONE',  ( 34.88064384689489827, 10.12456649975535505, 7.800000000000001599 ) ) ;
#1180 = DIRECTION ( 'NONE',  ( 0.000000000000000000, 0.000000000000000000, 1.000000000000000000 ) ) ;
#1181 = CARTESIAN_POINT ( 'NONE',  ( 36.23064384689489970, 10.12456649975535505, 7.800000000000001599 ) ) ;
#1182 = ORIENTED_EDGE ( 'NONE', *, *, #1909, .T. ) ;
#1183 = AXIS2_PLACEMENT_3D ( 'NONE', #1437, #109, #1780 ) ;
#1184 = DIRECTION ( 'NONE',  ( -0.000000000000000000, -0.000000000000000000, -1.000000000000000000 ) ) ;
#1185 = ORIENTED_EDGE ( 'NONE', *, *, #1210, .T. ) ;
#1186 = AXIS2_PLACEMENT_3D ( 'NONE', #1475, #868, #713 ) ;
#1187 = DIRECTION ( 'NONE',  ( -0.000000000000000000, -0.000000000000000000, -1.000000000000000000 ) ) ;
#1188 = APPROVAL_STATUS ( 'not_yet_approved' ) ;
#1189 = AXIS2_PLACEMENT_3D ( 'NONE', #1549, #217, #772 ) ;
#1190 = VERTEX_POINT ( 'NONE', #102 ) ;
#1191 = LINE ( 'NONE', #184, #677 ) ;
#1192 = ADVANCED_FACE ( 'NONE', ( #682 ), #823, .F. ) ;
#1193 = EDGE_CURVE ( 'NONE', #12, #674, #875, .T. ) ;
#1194 = EDGE_LOOP ( 'NONE', ( #1588, #591, #966, #971 ) ) ;
#1195 = PERSON ( 'æœª', 'æœª', 'æœª', ('æœª'), ('æœª'), ('æœª') ) ;
#1196 = DIRECTION ( 'NONE',  ( 1.000000000000000000, 0.000000000000000000, 0.000000000000000000 ) ) ;
#1197 = ORIENTED_EDGE ( 'NONE', *, *, #1612, .F. ) ;
#1198 = DIRECTION ( 'NONE',  ( 1.000000000000000000, 0.000000000000000000, -0.000000000000000000 ) ) ;
#1199 = PERSON_AND_ORGANIZATION ( #1195, #232 ) ;
#1200 = ORIENTED_EDGE ( 'NONE', *, *, #1334, .F. ) ;
#1201 = CARTESIAN_POINT ( 'NONE',  ( -8.829356153105113236, -33.68543350024464189, 7.800000000000001599 ) ) ;
#1202 = ADVANCED_FACE ( 'NONE', ( #1893 ), #1879, .F. ) ;
#1203 = DIRECTION ( 'NONE',  ( -0.000000000000000000, -0.000000000000000000, 1.000000000000000000 ) ) ;
#1204 = VERTEX_POINT ( 'NONE', #1735 ) ;
#1205 = DIRECTION ( 'NONE',  ( -0.000000000000000000, -0.000000000000000000, -1.000000000000000000 ) ) ;
#1206 = COORDINATED_UNIVERSAL_TIME_OFFSET ( 8, 0, .AHEAD. ) ;
#1207 = EDGE_CURVE ( 'NONE', #675, #1362, #1585, .T. ) ;
#1208 = AXIS2_PLACEMENT_3D ( 'NONE', #1392, #65, #508 ) ;
#1209 = ORIENTED_EDGE ( 'NONE', *, *, #806, .F. ) ;
#1210 = EDGE_CURVE ( 'NONE', #267, #1862, #855, .T. ) ;
#1211 = CARTESIAN_POINT ( 'NONE',  ( 11.04064384689489309, -33.68543350024464189, 7.800000000000001599 ) ) ;
#1212 = AXIS2_PLACEMENT_3D ( 'NONE', #1076, #1400, #73 ) ;
#1213 = AXIS2_PLACEMENT_3D ( 'NONE', #794, #1536, #1552 ) ;
#1214 = DIRECTION ( 'NONE',  ( 0.000000000000000000, 0.000000000000000000, -1.000000000000000000 ) ) ;
#1215 = VERTEX_POINT ( 'NONE', #224 ) ;
#1216 = CARTESIAN_POINT ( 'NONE',  ( 15.59999999999999964, 1.910449006669870914E-15, 11.80000000000000071 ) ) ;
#1217 = CARTESIAN_POINT ( 'NONE',  ( 39.99999999999999289, 4.898587196589412237E-15, 11.80000000000000071 ) ) ;
#1218 = APPLICATION_PROTOCOL_DEFINITION ( 'international standard', 'config_control_design', 1994, #778 ) ;
#1219 = ORIENTED_EDGE ( 'NONE', *, *, #223, .T. ) ;
#1220 = EDGE_CURVE ( 'NONE', #1908, #1913, #1410, .T. ) ;
#1221 = CIRCLE ( 'NONE', #596, 1.749999999999999778 ) ;
#1222 = CARTESIAN_POINT ( 'NONE',  ( 32.73064384689489970, 10.12456649975535505, 7.800000000000001599 ) ) ;
#1223 = VECTOR ( 'NONE', #816, 1000.000000000000000 ) ;
#1224 = ADVANCED_FACE ( 'NONE', ( #1 ), #297, .F. ) ;
#1225 = CARTESIAN_POINT ( 'NONE',  ( 27.27980021920963338, 15.75000000000031974, 11.80000000000000071 ) ) ;
#1226 = EDGE_LOOP ( 'NONE', ( #1604, #20, #1068, #1636 ) ) ;
#1227 = DIRECTION ( 'NONE',  ( -0.000000000000000000, -0.000000000000000000, -1.000000000000000000 ) ) ;
#1228 = LINE ( 'NONE', #323, #259 ) ;
#1229 = AXIS2_PLACEMENT_3D ( 'NONE', #257, #884, #1763 ) ;
#1230 = ORIENTED_EDGE ( 'NONE', *, *, #755, .T. ) ;
#1231 = CARTESIAN_POINT ( 'NONE',  ( 9.290643846894893088, -33.68543350024464189, 11.80000000000000071 ) ) ;
#1232 = DIRECTION ( 'NONE',  ( 1.000000000000000000, 0.000000000000000000, 0.000000000000000000 ) ) ;
#1233 = ORIENTED_EDGE ( 'NONE', *, *, #1503, .F. ) ;
#1234 = CARTESIAN_POINT ( 'NONE',  ( 6.390643846894894509, -33.68543350024464189, 11.80000000000000071 ) ) ;
#1235 = CARTESIAN_POINT ( 'NONE',  ( -8.829356153105113236, -33.68543350024464189, 7.800000000000001599 ) ) ;
#1236 = DIRECTION ( 'NONE',  ( 0.000000000000000000, 0.000000000000000000, -1.000000000000000000 ) ) ;
#1237 = FACE_OUTER_BOUND ( 'NONE', #1864, .T. ) ;
#1238 = AXIS2_PLACEMENT_3D ( 'NONE', #1222, #1519, #742 ) ;
#1239 = AXIS2_PLACEMENT_3D ( 'NONE', #1311, #831, #570 ) ;
#1240 = DIRECTION ( 'NONE',  ( 0.000000000000000000, 0.000000000000000000, 1.000000000000000000 ) ) ;
#1241 = ORIENTED_EDGE ( 'NONE', *, *, #191, .T. ) ;
#1242 = DIRECTION ( 'NONE',  ( 1.000000000000000000, 0.000000000000000000, 0.000000000000000000 ) ) ;
#1243 = FACE_OUTER_BOUND ( 'NONE', #790, .T. ) ;
#1244 = AXIS2_PLACEMENT_3D ( 'NONE', #923, #60, #52 ) ;
#1245 = DIRECTION ( 'NONE',  ( -1.000000000000000000, 0.000000000000000000, 0.000000000000000000 ) ) ;
#1246 = DIRECTION ( 'NONE',  ( -1.000000000000000000, 0.000000000000000000, 0.000000000000000000 ) ) ;
#1247 = CIRCLE ( 'NONE', #1466, 1.750000000000000666 ) ;
#1248 = AXIS2_PLACEMENT_3D ( 'NONE', #237, #827, #1424 ) ;
#1249 = DIRECTION ( 'NONE',  ( -0.000000000000000000, -0.000000000000000000, 1.000000000000000000 ) ) ;
#1250 = VERTEX_POINT ( 'NONE', #444 ) ;
#1251 = CARTESIAN_POINT ( 'NONE',  ( 32.73064384689489970, 10.12456649975535505, 11.80000000000000071 ) ) ;
#1252 = CYLINDRICAL_SURFACE ( 'NONE', #1087, 3.500000000000003109 ) ;
#1253 = FACE_OUTER_BOUND ( 'NONE', #84, .T. ) ;
#1254 = DIRECTION ( 'NONE',  ( -0.000000000000000000, -0.000000000000000000, -1.000000000000000000 ) ) ;
#1255 = VECTOR ( 'NONE', #1343, 1000.000000000000000 ) ;
#1256 = CARTESIAN_POINT ( 'NONE',  ( 29.23064384689489970, 10.12456649975535505, 7.800000000000001599 ) ) ;
#1257 = EDGE_CURVE ( 'NONE', #715, #721, #780, .T. ) ;
#1258 = ORIENTED_EDGE ( 'NONE', *, *, #525, .F. ) ;
#1259 = ORIENTED_EDGE ( 'NONE', *, *, #1419, .F. ) ;
#1260 = DIRECTION ( 'NONE',  ( -1.000000000000000000, 0.000000000000000000, 0.000000000000000000 ) ) ;
#1261 = FACE_OUTER_BOUND ( 'NONE', #768, .T. ) ;
#1262 = CARTESIAN_POINT ( 'NONE',  ( 9.290643846894893088, 33.93456649975535555, 7.800000000000001599 ) ) ;
#1263 = FACE_BOUND ( 'NONE', #180, .T. ) ;
#1264 = ORIENTED_EDGE ( 'NONE', *, *, #1543, .T. ) ;
#1265 = VERTEX_POINT ( 'NONE', #1033 ) ;
#1266 = FACE_OUTER_BOUND ( 'NONE', #1446, .T. ) ;
#1267 = EDGE_LOOP ( 'NONE', ( #1341, #288, #1416, #1474 ) ) ;
#1268 = EDGE_CURVE ( 'NONE', #162, #1739, #903, .T. ) ;
#1269 = FACE_BOUND ( 'NONE', #994, .T. ) ;
#1270 = CARTESIAN_POINT ( 'NONE',  ( 30.30480021920996236, -15.74999999999974598, 0.000000000000000000 ) ) ;
#1271 = AXIS2_PLACEMENT_3D ( 'NONE', #119, #1605, #1584 ) ;
#1272 = EDGE_CURVE ( 'NONE', #655, #835, #1247, .T. ) ;
#1273 = VECTOR ( 'NONE', #1306, 1000.000000000000000 ) ;
#1274 = DIRECTION ( 'NONE',  ( 0.000000000000000000, 0.000000000000000000, -1.000000000000000000 ) ) ;
#1275 = EDGE_LOOP ( 'NONE', ( #1043, #692, #968, #1727 ) ) ;
#1276 = CIRCLE ( 'NONE', #1402, 2.899999999999999911 ) ;
#1277 = VERTEX_POINT ( 'NONE', #1314 ) ;
#1278 = CYLINDRICAL_SURFACE ( 'NONE', #990, 2.149999999999999023 ) ;
#1279 = ORIENTED_EDGE ( 'NONE', *, *, #1695, .T. ) ;
#1280 = DIRECTION ( 'NONE',  ( 0.000000000000000000, 0.000000000000000000, -1.000000000000000000 ) ) ;
#1281 = DIRECTION ( 'NONE',  ( -0.000000000000000000, -0.000000000000000000, -1.000000000000000000 ) ) ;
#1282 = AXIS2_PLACEMENT_3D ( 'NONE', #941, #1571, #1544 ) ;
#1283 = DIRECTION ( 'NONE',  ( -1.000000000000000000, 0.000000000000000000, 0.000000000000000000 ) ) ;
#1284 = ORIENTED_EDGE ( 'NONE', *, *, #1900, .F. ) ;
#1285 = ORIENTED_EDGE ( 'NONE', *, *, #1863, .T. ) ;
#1286 = ORIENTED_EDGE ( 'NONE', *, *, #471, .T. ) ;
#1287 = CARTESIAN_POINT ( 'NONE',  ( 27.27980021920963338, 15.75000000000031974, 0.000000000000000000 ) ) ;
#1288 = CARTESIAN_POINT ( 'NONE',  ( 29.23064384689489970, 10.12456649975535505, 7.800000000000001599 ) ) ;
#1289 = DIRECTION ( 'NONE',  ( -1.000000000000000000, 0.000000000000000000, 0.000000000000000000 ) ) ;
#1290 = ORIENTED_EDGE ( 'NONE', *, *, #1666, .F. ) ;
#1291 = FACE_BOUND ( 'NONE', #852, .T. ) ;
#1292 = ORIENTED_EDGE ( 'NONE', *, *, #1407, .F. ) ;
#1293 = CIRCLE ( 'NONE', #1450, 2.899999999999999911 ) ;
#1294 = EDGE_CURVE ( 'NONE', #1047, #168, #1276, .T. ) ;
#1295 = CARTESIAN_POINT ( 'NONE',  ( -30.11935615310511594, -9.875433500244644947, 11.80000000000000071 ) ) ;
#1296 = AXIS2_PLACEMENT_3D ( 'NONE', #1445, #1281, #117 ) ;
#1297 = EDGE_LOOP ( 'NONE', ( #1815, #1160 ) ) ;
#1298 = DIRECTION ( 'NONE',  ( 0.000000000000000000, 0.000000000000000000, 1.000000000000000000 ) ) ;
#1299 = DIRECTION ( 'NONE',  ( 1.000000000000000000, 0.000000000000000000, 0.000000000000000000 ) ) ;
#1300 = VERTEX_POINT ( 'NONE', #1159 ) ;
#1301 = DIRECTION ( 'NONE',  ( -0.000000000000000000, -0.000000000000000000, -1.000000000000000000 ) ) ;
#1302 = AXIS2_PLACEMENT_3D ( 'NONE', #619, #1820, #43 ) ;
#1303 = CC_DESIGN_PERSON_AND_ORGANIZATION_ASSIGNMENT ( #182, #1364, ( #1539 ) ) ;
#1304 = FACE_BOUND ( 'NONE', #1022, .T. ) ;
#1305 = VERTEX_POINT ( 'NONE', #1758 ) ;
#1306 = DIRECTION ( 'NONE',  ( -0.000000000000000000, -0.000000000000000000, -1.000000000000000000 ) ) ;
#1307 = AXIS2_PLACEMENT_3D ( 'NONE', #1070, #809, #1685 ) ;
#1308 = AXIS2_PLACEMENT_3D ( 'NONE', #673, #264, #1148 ) ;
#1309 = EDGE_LOOP ( 'NONE', ( #977, #541, #1634, #1432 ) ) ;
#1310 = DIRECTION ( 'NONE',  ( 1.000000000000000000, 0.000000000000000000, 0.000000000000000000 ) ) ;
#1311 = CARTESIAN_POINT ( 'NONE',  ( 9.290643846894893088, 33.93456649975535555, 0.000000000000000000 ) ) ;
#1312 = ORIENTED_EDGE ( 'NONE', *, *, #1877, .F. ) ;
#1313 = DIRECTION ( 'NONE',  ( -1.000000000000000000, 0.000000000000000000, 0.000000000000000000 ) ) ;
#1314 = CARTESIAN_POINT ( 'NONE',  ( 7.540643846894893088, 33.93456649975535555, 7.800000000000001599 ) ) ;
#1315 = ORIENTED_EDGE ( 'NONE', *, *, #510, .F. ) ;
#1316 = CYLINDRICAL_SURFACE ( 'NONE', #1186, 2.149999999999999023 ) ;
#1317 = EDGE_CURVE ( 'NONE', #1913, #734, #1342, .T. ) ;
#1318 = DIRECTION ( 'NONE',  ( -0.000000000000000000, -0.000000000000000000, 1.000000000000000000 ) ) ;
#1319 = VERTEX_POINT ( 'NONE', #1021 ) ;
#1320 = FACE_OUTER_BOUND ( 'NONE', #663, .T. ) ;
#1321 = DATE_AND_TIME ( #1638, #1484 ) ;
#1322 = VERTEX_POINT ( 'NONE', #586 ) ;
#1323 = CARTESIAN_POINT ( 'NONE',  ( -32.26935615310511452, -9.875433500244644947, 7.800000000000001599 ) ) ;
#1324 = LOCAL_TIME ( 10, 44, 32.00000000000000000, #1039 ) ;
#1325 = DIRECTION ( 'NONE',  ( 0.000000000000000000, 0.000000000000000000, 1.000000000000000000 ) ) ;
#1326 = ORIENTED_EDGE ( 'NONE', *, *, #1008, .T. ) ;
#1327 = FACE_OUTER_BOUND ( 'NONE', #188, .T. ) ;
#1328 = LINE ( 'NONE', #158, #1573 ) ;
#1329 = AXIS2_PLACEMENT_3D ( 'NONE', #1483, #594, #1799 ) ;
#1330 = VERTEX_POINT ( 'NONE', #1607 ) ;
#1331 = DIRECTION ( 'NONE',  ( -0.000000000000000000, -0.000000000000000000, -1.000000000000000000 ) ) ;
#1332 = APPLICATION_PROTOCOL_DEFINITION ( 'international standard', 'config_control_design', 1994, #1881 ) ;
#1333 = VERTEX_POINT ( 'NONE', #573 ) ;
#1334 = EDGE_CURVE ( 'NONE', #1819, #1089, #1169, .T. ) ;
#1335 = CARTESIAN_POINT ( 'NONE',  ( -30.11935615310511594, 10.12456649975535505, 0.000000000000000000 ) ) ;
#1336 = EDGE_CURVE ( 'NONE', #1449, #1523, #1904, .T. ) ;
#1337 = CARTESIAN_POINT ( 'NONE',  ( 9.290643846894893088, -33.68543350024464189, 7.800000000000001599 ) ) ;
#1338 = VERTEX_POINT ( 'NONE', #311 ) ;
#1339 = CIRCLE ( 'NONE', #435, 3.024999999999999911 ) ;
#1340 = DIRECTION ( 'NONE',  ( -1.000000000000000000, 0.000000000000000000, 0.000000000000000000 ) ) ;
#1341 = ORIENTED_EDGE ( 'NONE', *, *, #813, .F. ) ;
#1342 = CIRCLE ( 'NONE', #1868, 3.500000000000003109 ) ;
#1343 = DIRECTION ( 'NONE',  ( -0.000000000000000000, -0.000000000000000000, 1.000000000000000000 ) ) ;
#1344 = COORDINATED_UNIVERSAL_TIME_OFFSET ( 8, 0, .AHEAD. ) ;
#1345 = CIRCLE ( 'NONE', #1683, 15.59999999999999964 ) ;
#1346 = ORIENTED_EDGE ( 'NONE', *, *, #1109, .T. ) ;
#1347 = LINE ( 'NONE', #21, #1487 ) ;
#1348 = EDGE_CURVE ( 'NONE', #1333, #1319, #71, .T. ) ;
#1349 = EDGE_CURVE ( 'NONE', #518, #1089, #561, .T. ) ;
#1350 = CARTESIAN_POINT ( 'NONE',  ( -3.024999999999999911, 31.50000000000000000, 11.80000000000000071 ) ) ;
#1351 = VECTOR ( 'NONE', #1331, 1000.000000000000000 ) ;
#1352 = EDGE_CURVE ( 'NONE', #1204, #228, #810, .T. ) ;
#1353 = ORIENTED_EDGE ( 'NONE', *, *, #658, .T. ) ;
#1354 = DIRECTION ( 'NONE',  ( -0.000000000000000000, -0.000000000000000000, 1.000000000000000000 ) ) ;
#1355 = DIRECTION ( 'NONE',  ( 0.000000000000000000, 0.000000000000000000, 1.000000000000000000 ) ) ;
#1356 = VECTOR ( 'NONE', #1138, 1000.000000000000000 ) ;
#1357 = EDGE_LOOP ( 'NONE', ( #24, #1747, #511, #1200 ) ) ;
#1358 = DIRECTION ( 'NONE',  ( -1.000000000000000000, 0.000000000000000000, 0.000000000000000000 ) ) ;
#1359 = DIRECTION ( 'NONE',  ( 1.000000000000000000, 0.000000000000000000, 0.000000000000000000 ) ) ;
#1360 = EDGE_CURVE ( 'NONE', #1642, #260, #23, .T. ) ;
#1361 = EDGE_CURVE ( 'NONE', #1010, #1330, #166, .T. ) ;
#1362 = VERTEX_POINT ( 'NONE', #321 ) ;
#1363 = DIRECTION ( 'NONE',  ( 0.000000000000000000, 0.000000000000000000, -1.000000000000000000 ) ) ;
#1364 = PERSON_AND_ORGANIZATION_ROLE ( 'design_supplier' ) ;
#1365 = AXIS2_PLACEMENT_3D ( 'NONE', #78, #1095, #649 ) ;
#1366 = EDGE_CURVE ( 'NONE', #1795, #1380, #904, .T. ) ;
#1367 = VERTEX_POINT ( 'NONE', #745 ) ;
#1368 = LINE ( 'NONE', #335, #770 ) ;
#1369 = AXIS2_PLACEMENT_3D ( 'NONE', #107, #1582, #1121 ) ;
#1370 = AXIS2_PLACEMENT_3D ( 'NONE', #1720, #497, #1692 ) ;
#1371 = FACE_BOUND ( 'NONE', #1736, .T. ) ;
#1372 = ORIENTED_EDGE ( 'NONE', *, *, #516, .T. ) ;
#1373 = CYLINDRICAL_SURFACE ( 'NONE', #776, 2.149999999999999023 ) ;
#1374 = CARTESIAN_POINT ( 'NONE',  ( -8.829356153105113236, 33.93456649975535555, 11.80000000000000071 ) ) ;
#1375 = ORIENTED_EDGE ( 'NONE', *, *, #187, .T. ) ;
#1376 = CIRCLE ( 'NONE', #532, 1.749999999999999778 ) ;
#1377 = CARTESIAN_POINT ( 'NONE',  ( 15.59999999999999964, 1.910449006669870914E-15, 11.80000000000000071 ) ) ;
#1378 = AXIS2_PLACEMENT_3D ( 'NONE', #484, #781, #1232 ) ;
#1379 = DIRECTION ( 'NONE',  ( 0.000000000000000000, 0.000000000000000000, 1.000000000000000000 ) ) ;
#1380 = VERTEX_POINT ( 'NONE', #476 ) ;
#1381 = CARTESIAN_POINT ( 'NONE',  ( 11.04064384689489309, -33.68543350024464189, 11.80000000000000071 ) ) ;
#1382 = ADVANCED_FACE ( 'NONE', ( #1465 ), #16, .F. ) ;
#1383 = FACE_OUTER_BOUND ( 'NONE', #1518, .T. ) ;
#1384 = AXIS2_PLACEMENT_3D ( 'NONE', #350, #1236, #1408 ) ;
#1385 = FACE_OUTER_BOUND ( 'NONE', #384, .T. ) ;
#1386 = CARTESIAN_POINT ( 'NONE',  ( -8.829356153105113236, 33.93456649975535555, 7.800000000000001599 ) ) ;
#1387 = ORIENTED_EDGE ( 'NONE', *, *, #173, .T. ) ;
#1388 = FACE_OUTER_BOUND ( 'NONE', #618, .T. ) ;
#1389 = FACE_BOUND ( 'NONE', #597, .T. ) ;
#1390 = APPROVAL ( #467, 'æœª' ) ;
#1391 = DIRECTION ( 'NONE',  ( 0.000000000000000000, 0.000000000000000000, -1.000000000000000000 ) ) ;
#1392 = CARTESIAN_POINT ( 'NONE',  ( 9.290643846894893088, -33.68543350024464189, 7.800000000000001599 ) ) ;
#1393 = AXIS2_PLACEMENT_3D ( 'NONE', #446, #1045, #464 ) ;
#1394 = EDGE_CURVE ( 'NONE', #1250, #1265, #31, .T. ) ;
#1395 = DIRECTION ( 'NONE',  ( 1.000000000000000000, 0.000000000000000000, 0.000000000000000000 ) ) ;
#1396 = ORIENTED_EDGE ( 'NONE', *, *, #839, .F. ) ;
#1397 = CARTESIAN_POINT ( 'NONE',  ( 32.73064384689489970, -9.875433500244644947, 7.800000000000001599 ) ) ;
#1398 = DIRECTION ( 'NONE',  ( -0.000000000000000000, -0.000000000000000000, 1.000000000000000000 ) ) ;
#1399 = CYLINDRICAL_SURFACE ( 'NONE', #727, 3.024999999999999911 ) ;
#1400 = DIRECTION ( 'NONE',  ( 0.000000000000000000, 0.000000000000000000, -1.000000000000000000 ) ) ;
#1401 = EDGE_CURVE ( 'NONE', #1362, #695, #1497, .T. ) ;
#1402 = AXIS2_PLACEMENT_3D ( 'NONE', #144, #1325, #1769 ) ;
#1403 = PLANE ( 'NONE',  #929 ) ;
#1404 = EDGE_CURVE ( 'NONE', #581, #817, #1644, .T. ) ;
#1405 = ORIENTED_EDGE ( 'NONE', *, *, #1349, .F. ) ;
#1406 = CARTESIAN_POINT ( 'NONE',  ( -8.829356153105113236, 33.93456649975535555, 7.800000000000001599 ) ) ;
#1407 = EDGE_CURVE ( 'NONE', #1300, #1739, #1328, .T. ) ;
#1408 = DIRECTION ( 'NONE',  ( -1.000000000000000000, 0.000000000000000000, 0.000000000000000000 ) ) ;
#1409 = FACE_OUTER_BOUND ( 'NONE', #225, .T. ) ;
#1410 = LINE ( 'NONE', #1181, #1625 ) ;
#1411 = ORIENTED_EDGE ( 'NONE', *, *, #223, .F. ) ;
#1412 = ORIENTED_EDGE ( 'NONE', *, *, #1723, .F. ) ;
#1413 = CARTESIAN_POINT ( 'NONE',  ( -10.57935615310511324, -33.68543350024464189, 0.000000000000000000 ) ) ;
#1414 = EDGE_CURVE ( 'NONE', #1059, #782, #176, .T. ) ;
#1415 = SECURITY_CLASSIFICATION ( '', '', #305 ) ;
#1416 = ORIENTED_EDGE ( 'NONE', *, *, #1360, .T. ) ;
#1417 = FACE_OUTER_BOUND ( 'NONE', #707, .T. ) ;
#1418 = CARTESIAN_POINT ( 'NONE',  ( -10.57935615310511324, -33.68543350024464189, 11.80000000000000071 ) ) ;
#1419 = EDGE_CURVE ( 'NONE', #1002, #695, #1050, .T. ) ;
#1420 = AXIS2_PLACEMENT_3D ( 'NONE', #1659, #326, #909 ) ;
#1421 = FACE_BOUND ( 'NONE', #1072, .T. ) ;
#1422 = EDGE_LOOP ( 'NONE', ( #1258, #1387, #888, #247 ) ) ;
#1423 = ORIENTED_EDGE ( 'NONE', *, *, #1478, .F. ) ;
#1424 = DIRECTION ( 'NONE',  ( -1.000000000000000000, 0.000000000000000000, 0.000000000000000000 ) ) ;
#1425 = EDGE_LOOP ( 'NONE', ( #1286, #118 ) ) ;
#1426 = DIRECTION ( 'NONE',  ( 0.000000000000000000, 0.000000000000000000, -1.000000000000000000 ) ) ;
#1427 = CYLINDRICAL_SURFACE ( 'NONE', #81, 3.024999999999999911 ) ;
#1428 = ORIENTED_EDGE ( 'NONE', *, *, #46, .T. ) ;
#1429 = AXIS2_PLACEMENT_3D ( 'NONE', #266, #725, #588 ) ;
#1430 = VECTOR ( 'NONE', #1826, 1000.000000000000000 ) ;
#1431 = PLANE ( 'NONE',  #1656 ) ;
#1432 = ORIENTED_EDGE ( 'NONE', *, *, #1401, .F. ) ;
#1433 = CYLINDRICAL_SURFACE ( 'NONE', #1694, 2.149999999999999023 ) ;
#1434 = ORIENTED_EDGE ( 'NONE', *, *, #793, .T. ) ;
#1435 = CARTESIAN_POINT ( 'NONE',  ( -10.57935615310511324, -33.68543350024464189, 7.800000000000001599 ) ) ;
#1436 = DIRECTION ( 'NONE',  ( -0.000000000000000000, -0.000000000000000000, -1.000000000000000000 ) ) ;
#1437 = CARTESIAN_POINT ( 'NONE',  ( -32.26935615310511452, -9.875433500244644947, 7.800000000000001599 ) ) ;
#1438 = ADVANCED_FACE ( 'NONE', ( #1505 ), #4, .F. ) ;
#1439 = AXIS2_PLACEMENT_3D ( 'NONE', #1287, #542, #873 ) ;
#1440 = FACE_BOUND ( 'NONE', #1485, .T. ) ;
#1441 = ORIENTED_EDGE ( 'NONE', *, *, #147, .T. ) ;
#1442 = CARTESIAN_POINT ( 'NONE',  ( 3.025000000000219735, -31.50000000000000000, 11.80000000000000071 ) ) ;
#1443 = EDGE_LOOP ( 'NONE', ( #1233, #1678, #1793, #1292 ) ) ;
#1444 = DIRECTION ( 'NONE',  ( 1.000000000000000000, 0.000000000000000000, 0.000000000000000000 ) ) ;
#1445 = CARTESIAN_POINT ( 'NONE',  ( -27.27980021920985365, 15.74999999999993783, 11.80000000000000071 ) ) ;
#1446 = EDGE_LOOP ( 'NONE', ( #303, #826 ) ) ;
#1447 = FACE_BOUND ( 'NONE', #27, .T. ) ;
#1448 = FACE_BOUND ( 'NONE', #565, .T. ) ;
#1449 = VERTEX_POINT ( 'NONE', #300 ) ;
#1450 = AXIS2_PLACEMENT_3D ( 'NONE', #308, #1782, #1632 ) ;
#1451 = FACE_OUTER_BOUND ( 'NONE', #1462, .T. ) ;
#1452 = AXIS2_PLACEMENT_3D ( 'NONE', #230, #1823, #1545 ) ;
#1453 = EDGE_LOOP ( 'NONE', ( #1481, #980 ) ) ;
#1454 = PLANE ( 'NONE',  #1848 ) ;
#1455 = FACE_OUTER_BOUND ( 'NONE', #245, .T. ) ;
#1456 = ORIENTED_EDGE ( 'NONE', *, *, #428, .F. ) ;
#1457 = FACE_BOUND ( 'NONE', #1835, .T. ) ;
#1458 = AXIS2_PLACEMENT_3D ( 'NONE', #505, #637, #512 ) ;
#1459 = CC_DESIGN_PERSON_AND_ORGANIZATION_ASSIGNMENT ( #1629, #26, ( #53 ) ) ;
#1460 = ORIENTED_EDGE ( 'NONE', *, *, #387, .F. ) ;
#1461 = CARTESIAN_POINT ( 'NONE',  ( 32.73064384689489970, -9.875433500244644947, 11.80000000000000071 ) ) ;
#1462 = EDGE_LOOP ( 'NONE', ( #1012, #938, #1806, #1353 ) ) ;
#1463 = CARTESIAN_POINT ( 'NONE',  ( -11.72935615310511359, 33.93456649975535555, 7.800000000000001599 ) ) ;
#1464 = VECTOR ( 'NONE', #1508, 1000.000000000000000 ) ;
#1465 = FACE_OUTER_BOUND ( 'NONE', #1708, .T. ) ;
#1466 = AXIS2_PLACEMENT_3D ( 'NONE', #431, #1633, #564 ) ;
#1467 = EDGE_LOOP ( 'NONE', ( #1606, #243, #684, #1423 ) ) ;
#1468 = CARTESIAN_POINT ( 'NONE',  ( -32.26935615310511452, 10.12456649975535505, 7.800000000000001599 ) ) ;
#1469 =( LENGTH_UNIT ( ) NAMED_UNIT ( * ) SI_UNIT ( .MILLI., .METRE. ) );
#1470 = ORIENTED_EDGE ( 'NONE', *, *, #491, .T. ) ;
#1471 = DIRECTION ( 'NONE',  ( 1.000000000000000000, 0.000000000000000000, 0.000000000000000000 ) ) ;
#1472 = CARTESIAN_POINT ( 'NONE',  ( -10.57935615310511324, 33.93456649975535555, 11.80000000000000071 ) ) ;
#1473 = AXIS2_PLACEMENT_3D ( 'NONE', #1637, #899, #1814 ) ;
#1474 = ORIENTED_EDGE ( 'NONE', *, *, #1548, .T. ) ;
#1475 = CARTESIAN_POINT ( 'NONE',  ( 32.73064384689489970, 10.12456649975535505, 11.80000000000000071 ) ) ;
#1476 = DIRECTION ( 'NONE',  ( 0.000000000000000000, 0.000000000000000000, -1.000000000000000000 ) ) ;
#1477 = EDGE_CURVE ( 'NONE', #711, #481, #739, .T. ) ;
#1478 = EDGE_CURVE ( 'NONE', #75, #1367, #1800, .T. ) ;
#1479 = ORIENTED_EDGE ( 'NONE', *, *, #944, .F. ) ;
#1480 = CARTESIAN_POINT ( 'NONE',  ( 32.73064384689489970, 10.12456649975535505, 0.000000000000000000 ) ) ;
#1481 = ORIENTED_EDGE ( 'NONE', *, *, #1627, .T. ) ;
#1482 = FACE_BOUND ( 'NONE', #730, .T. ) ;
#1483 = CARTESIAN_POINT ( 'NONE',  ( -8.829356153105113236, -33.68543350024464189, 11.80000000000000071 ) ) ;
#1484 = LOCAL_TIME ( 10, 44, 32.00000000000000000, #1206 ) ;
#1485 = EDGE_LOOP ( 'NONE', ( #683, #1630 ) ) ;
#1486 = CARTESIAN_POINT ( 'NONE',  ( 2.199633243471174140E-13, -31.50000000000000000, 11.80000000000000071 ) ) ;
#1487 = VECTOR ( 'NONE', #482, 1000.000000000000000 ) ;
#1488 = CIRCLE ( 'NONE', #644, 2.149999999999999023 ) ;
#1489 = ORIENTED_EDGE ( 'NONE', *, *, #1691, .T. ) ;
#1490 = EDGE_CURVE ( 'NONE', #1558, #1047, #30, .T. ) ;
#1491 = LINE ( 'NONE', #1074, #1351 ) ;
#1492 = ORIENTED_EDGE ( 'NONE', *, *, #460, .F. ) ;
#1493 = DIRECTION ( 'NONE',  ( 0.000000000000000000, 0.000000000000000000, -1.000000000000000000 ) ) ;
#1494 = ADVANCED_FACE ( 'NONE', ( #1024 ), #440, .F. ) ;
#1495 = EDGE_CURVE ( 'NONE', #1621, #777, #614, .T. ) ;
#1496 = CIRCLE ( 'NONE', #417, 3.024999999999999911 ) ;
#1497 = LINE ( 'NONE', #1350, #1771 ) ;
#1498 = ORIENTED_EDGE ( 'NONE', *, *, #491, .F. ) ;
#1499 = VECTOR ( 'NONE', #1818, 1000.000000000000000 ) ;
#1500 = CARTESIAN_POINT ( 'NONE',  ( -35.76935615310511452, -9.875433500244644947, 11.80000000000000071 ) ) ;
#1501 = EDGE_LOOP ( 'NONE', ( #645, #1178, #275, #122 ) ) ;
#1502 = CARTESIAN_POINT ( 'NONE',  ( -32.26935615310511452, 10.12456649975535505, 7.800000000000001599 ) ) ;
#1503 = EDGE_CURVE ( 'NONE', #609, #1300, #702, .T. ) ;
#1504 = EDGE_CURVE ( 'NONE', #1380, #140, #797, .T. ) ;
#1505 = FACE_OUTER_BOUND ( 'NONE', #104, .T. ) ;
#1506 = AXIS2_PLACEMENT_3D ( 'NONE', #1480, #861, #849 ) ;
#1507 = EDGE_LOOP ( 'NONE', ( #1861, #477, #1716, #1162 ) ) ;
#1508 = DIRECTION ( 'NONE',  ( -0.000000000000000000, -0.000000000000000000, 1.000000000000000000 ) ) ;
#1509 = PERSON_AND_ORGANIZATION_ROLE ( 'creator' ) ;
#1510 = AXIS2_PLACEMENT_3D ( 'NONE', #978, #1709, #76 ) ;
#1511 = EDGE_LOOP ( 'NONE', ( #678, #747 ) ) ;
#1512 = DIRECTION ( 'NONE',  ( 1.000000000000000000, 0.000000000000000000, 0.000000000000000000 ) ) ;
#1513 = VECTOR ( 'NONE', #1752, 1000.000000000000000 ) ;
#1514 = CARTESIAN_POINT ( 'NONE',  ( -39.99999999999999289, 0.000000000000000000, 11.80000000000000071 ) ) ;
#1515 = ORIENTED_EDGE ( 'NONE', *, *, #813, .T. ) ;
#1516 = CARTESIAN_POINT ( 'NONE',  ( 34.88064384689489827, -9.875433500244644947, 0.000000000000000000 ) ) ;
#1517 = LINE ( 'NONE', #767, #377 ) ;
#1518 = EDGE_LOOP ( 'NONE', ( #1770, #1724, #233, #1726 ) ) ;
#1519 = DIRECTION ( 'NONE',  ( -0.000000000000000000, -0.000000000000000000, -1.000000000000000000 ) ) ;
#1520 = ADVANCED_FACE ( 'NONE', ( #1791 ), #154, .F. ) ;
#1521 = CIRCLE ( 'NONE', #10, 3.024999999999999911 ) ;
#1522 = FACE_OUTER_BOUND ( 'NONE', #1598, .T. ) ;
#1523 = VERTEX_POINT ( 'NONE', #317 ) ;
#1524 = LINE ( 'NONE', #1828, #39 ) ;
#1525 = DIRECTION ( 'NONE',  ( 1.000000000000000000, 0.000000000000000000, 0.000000000000000000 ) ) ;
#1526 = CIRCLE ( 'NONE', #1429, 1.749999999999999778 ) ;
#1527 = CIRCLE ( 'NONE', #15, 2.899999999999999911 ) ;
#1528 = DIRECTION ( 'NONE',  ( -1.000000000000000000, 0.000000000000000000, 0.000000000000000000 ) ) ;
#1529 = CARTESIAN_POINT ( 'NONE',  ( 9.290643846894893088, -33.68543350024464189, 7.800000000000001599 ) ) ;
#1530 = ORIENTED_EDGE ( 'NONE', *, *, #1334, .T. ) ;
#1531 = DIRECTION ( 'NONE',  ( -0.000000000000000000, -0.000000000000000000, -1.000000000000000000 ) ) ;
#1532 = DIRECTION ( 'NONE',  ( -0.000000000000000000, -0.000000000000000000, 1.000000000000000000 ) ) ;
#1533 = EDGE_CURVE ( 'NONE', #1215, #265, #1191, .T. ) ;
#1534 = EDGE_CURVE ( 'NONE', #1795, #1892, #1829, .T. ) ;
#1535 = CIRCLE ( 'NONE', #882, 3.024999999999999911 ) ;
#1536 = DIRECTION ( 'NONE',  ( 0.000000000000000000, 0.000000000000000000, -1.000000000000000000 ) ) ;
#1537 = CYLINDRICAL_SURFACE ( 'NONE', #1139, 1.749999999999999778 ) ;
#1538 = CARTESIAN_POINT ( 'NONE',  ( 9.290643846894893088, 33.93456649975535555, 7.800000000000001599 ) ) ;
#1539 = PRODUCT_DEFINITION_FORMATION_WITH_SPECIFIED_SOURCE ( 'ä»', '', #53, .NOT_KNOWN. ) ;
#1540 = ORIENTED_EDGE ( 'NONE', *, *, #66, .F. ) ;
#1541 = CARTESIAN_POINT ( 'NONE',  ( -32.26935615310511452, 10.12456649975535505, 7.800000000000001599 ) ) ;
#1542 = CARTESIAN_POINT ( 'NONE',  ( 9.290643846894893088, 33.93456649975535555, 7.800000000000001599 ) ) ;
#1543 = EDGE_CURVE ( 'NONE', #773, #1642, #1293, .T. ) ;
#1544 = DIRECTION ( 'NONE',  ( -1.000000000000000000, 0.000000000000000000, 0.000000000000000000 ) ) ;
#1545 = DIRECTION ( 'NONE',  ( 1.000000000000000000, 0.000000000000000000, 0.000000000000000000 ) ) ;
#1546 = AXIS2_PLACEMENT_3D ( 'NONE', #130, #717, #427 ) ;
#1547 = EDGE_CURVE ( 'NONE', #628, #83, #1103, .T. ) ;
#1548 = EDGE_CURVE ( 'NONE', #260, #375, #1733, .T. ) ;
#1549 = CARTESIAN_POINT ( 'NONE',  ( 2.199633243471174140E-13, -31.50000000000000000, 11.80000000000000071 ) ) ;
#1550 = ORIENTED_EDGE ( 'NONE', *, *, #1257, .T. ) ;
#1551 = DIRECTION ( 'NONE',  ( -1.000000000000000000, 0.000000000000000000, 0.000000000000000000 ) ) ;
#1552 = DIRECTION ( 'NONE',  ( -1.000000000000000000, 0.000000000000000000, 0.000000000000000000 ) ) ;
#1553 = CARTESIAN_POINT ( 'NONE',  ( -28.76935615310511807, -9.875433500244644947, 11.80000000000000071 ) ) ;
#1554 = AXIS2_PLACEMENT_3D ( 'NONE', #1538, #1240, #1395 ) ;
#1555 = AXIS2_PLACEMENT_3D ( 'NONE', #545, #955, #1135 ) ;
#1556 = EDGE_CURVE ( 'NONE', #1854, #291, #89, .T. ) ;
#1557 = CARTESIAN_POINT ( 'NONE',  ( 30.30480021920996236, -15.74999999999974598, 11.80000000000000071 ) ) ;
#1558 = VERTEX_POINT ( 'NONE', #1061 ) ;
#1559 = VERTEX_POINT ( 'NONE', #165 ) ;
#1560 = ORIENTED_EDGE ( 'NONE', *, *, #1153, .T. ) ;
#1561 = EDGE_CURVE ( 'NONE', #1639, #833, #1368, .T. ) ;
#1562 = EDGE_LOOP ( 'NONE', ( #1762, #1315, #703, #322 ) ) ;
#1563 = DIRECTION ( 'NONE',  ( 0.000000000000000000, 0.000000000000000000, 1.000000000000000000 ) ) ;
#1564 = DIRECTION ( 'NONE',  ( 0.000000000000000000, 0.000000000000000000, -1.000000000000000000 ) ) ;
#1565 = AXIS2_PLACEMENT_3D ( 'NONE', #1120, #1563, #951 ) ;
#1566 = DIRECTION ( 'NONE',  ( 0.000000000000000000, 0.000000000000000000, 1.000000000000000000 ) ) ;
#1567 = ORIENTED_EDGE ( 'NONE', *, *, #1548, .F. ) ;
#1568 = EDGE_LOOP ( 'NONE', ( #1284, #470, #1182, #1750 ) ) ;
#1569 = CARTESIAN_POINT ( 'NONE',  ( -30.30480021920985578, 15.74999999999993783, 11.80000000000000071 ) ) ;
#1570 = ORIENTED_EDGE ( 'NONE', *, *, #1503, .T. ) ;
#1571 = DIRECTION ( 'NONE',  ( -0.000000000000000000, -0.000000000000000000, -1.000000000000000000 ) ) ;
#1572 = CARTESIAN_POINT ( 'NONE',  ( -5.929356153105113769, -33.68543350024464189, 7.800000000000001599 ) ) ;
#1573 = VECTOR ( 'NONE', #1203, 1000.000000000000000 ) ;
#1574 = AXIS2_PLACEMENT_3D ( 'NONE', #751, #1640, #1512 ) ;
#1575 = ORIENTED_EDGE ( 'NONE', *, *, #1749, .F. ) ;
#1576 = CARTESIAN_POINT ( 'NONE',  ( -32.26935615310511452, -9.875433500244644947, 7.800000000000001599 ) ) ;
#1577 = VERTEX_POINT ( 'NONE', #452 ) ;
#1578 = ORIENTED_EDGE ( 'NONE', *, *, #1352, .F. ) ;
#1579 = ORIENTED_EDGE ( 'NONE', *, *, #1366, .T. ) ;
#1580 = ORIENTED_EDGE ( 'NONE', *, *, #191, .F. ) ;
#1581 = CARTESIAN_POINT ( 'NONE',  ( 9.290643846894893088, -33.68543350024464189, 7.800000000000001599 ) ) ;
#1582 = DIRECTION ( 'NONE',  ( 0.000000000000000000, 0.000000000000000000, 1.000000000000000000 ) ) ;
#1583 = AXIS2_PLACEMENT_3D ( 'NONE', #583, #439, #1914 ) ;
#1584 = DIRECTION ( 'NONE',  ( 1.000000000000000000, 0.000000000000000000, 0.000000000000000000 ) ) ;
#1585 = CIRCLE ( 'NONE', #626, 3.024999999999999911 ) ;
#1586 = AXIS2_PLACEMENT_3D ( 'NONE', #1323, #251, #1158 ) ;
#1587 = CARTESIAN_POINT ( 'NONE',  ( -3.024999999999780087, -31.50000000000000000, 0.000000000000000000 ) ) ;
#1588 = ORIENTED_EDGE ( 'NONE', *, *, #1109, .F. ) ;
#1589 = ORIENTED_EDGE ( 'NONE', *, *, #1691, .F. ) ;
#1590 = ORIENTED_EDGE ( 'NONE', *, *, #1414, .F. ) ;
#1591 = CARTESIAN_POINT ( 'NONE',  ( 30.30480021920963196, 15.75000000000031974, 11.80000000000000071 ) ) ;
#1592 = DIRECTION ( 'NONE',  ( -1.000000000000000000, 0.000000000000000000, 0.000000000000000000 ) ) ;
#1593 = ORIENTED_EDGE ( 'NONE', *, *, #1394, .T. ) ;
#1594 = FACE_BOUND ( 'NONE', #1425, .T. ) ;
#1595 = DIRECTION ( 'NONE',  ( -1.000000000000000000, 0.000000000000000000, 0.000000000000000000 ) ) ;
#1596 = ORIENTED_EDGE ( 'NONE', *, *, #793, .F. ) ;
#1597 = AXIS2_PLACEMENT_3D ( 'NONE', #967, #1882, #694 ) ;
#1598 = EDGE_LOOP ( 'NONE', ( #1456, #820, #818, #1372 ) ) ;
#1599 = VERTEX_POINT ( 'NONE', #1211 ) ;
#1600 = FACE_BOUND ( 'NONE', #636, .T. ) ;
#1601 = CARTESIAN_POINT ( 'NONE',  ( -11.72935615310511359, -33.68543350024464189, 7.800000000000001599 ) ) ;
#1602 = CC_DESIGN_APPROVAL ( #1390, ( #1539 ) ) ;
#1603 = EDGE_CURVE ( 'NONE', #494, #836, #493, .T. ) ;
#1604 = ORIENTED_EDGE ( 'NONE', *, *, #330, .F. ) ;
#1605 = DIRECTION ( 'NONE',  ( 0.000000000000000000, 0.000000000000000000, 1.000000000000000000 ) ) ;
#1606 = ORIENTED_EDGE ( 'NONE', *, *, #796, .F. ) ;
#1607 = CARTESIAN_POINT ( 'NONE',  ( 3.025000000000219735, -31.50000000000000000, 11.80000000000000071 ) ) ;
#1608 = ORIENTED_EDGE ( 'NONE', *, *, #1824, .F. ) ;
#1609 = VECTOR ( 'NONE', #870, 1000.000000000000000 ) ;
#1610 = CARTESIAN_POINT ( 'NONE',  ( -32.26935615310511452, -9.875433500244644947, 11.80000000000000071 ) ) ;
#1611 = CARTESIAN_POINT ( 'NONE',  ( -5.929356153105113769, 33.93456649975535555, 7.800000000000001599 ) ) ;
#1612 = EDGE_CURVE ( 'NONE', #1892, #1795, #1173, .T. ) ;
#1613 = ORIENTED_EDGE ( 'NONE', *, *, #516, .F. ) ;
#1614 = DIRECTION ( 'NONE',  ( -1.000000000000000000, 0.000000000000000000, 0.000000000000000000 ) ) ;
#1615 = DIRECTION ( 'NONE',  ( 1.000000000000000000, 0.000000000000000000, 0.000000000000000000 ) ) ;
#1616 = ORIENTED_EDGE ( 'NONE', *, *, #285, .T. ) ;
#1617 = FACE_BOUND ( 'NONE', #1511, .T. ) ;
#1618 = AXIS2_PLACEMENT_3D ( 'NONE', #791, #646, #1073 ) ;
#1619 = EDGE_CURVE ( 'NONE', #721, #1621, #1347, .T. ) ;
#1620 = CARTESIAN_POINT ( 'NONE',  ( -8.829356153105113236, 33.93456649975535555, 11.80000000000000071 ) ) ;
#1621 = VERTEX_POINT ( 'NONE', #779 ) ;
#1622 = LINE ( 'NONE', #424, #1273 ) ;
#1623 = CIRCLE ( 'NONE', #808, 3.024999999999999911 ) ;
#1624 = DIRECTION ( 'NONE',  ( -0.000000000000000000, -0.000000000000000000, 1.000000000000000000 ) ) ;
#1625 = VECTOR ( 'NONE', #1905, 1000.000000000000000 ) ;
#1626 = ORIENTED_EDGE ( 'NONE', *, *, #35, .T. ) ;
#1627 = EDGE_CURVE ( 'NONE', #1873, #1338, #859, .T. ) ;
#1628 = CYLINDRICAL_SURFACE ( 'NONE', #1229, 2.149999999999999023 ) ;
#1629 = PERSON_AND_ORGANIZATION ( #1195, #232 ) ;
#1630 = ORIENTED_EDGE ( 'NONE', *, *, #1703, .F. ) ;
#1631 = FACE_BOUND ( 'NONE', #562, .T. ) ;
#1632 = DIRECTION ( 'NONE',  ( 1.000000000000000000, 0.000000000000000000, 0.000000000000000000 ) ) ;
#1633 = DIRECTION ( 'NONE',  ( -0.000000000000000000, -0.000000000000000000, -1.000000000000000000 ) ) ;
#1634 = ORIENTED_EDGE ( 'NONE', *, *, #1419, .T. ) ;
#1635 = CARTESIAN_POINT ( 'NONE',  ( 27.27980021920996379, -15.74999999999974598, 11.80000000000000071 ) ) ;
#1636 = ORIENTED_EDGE ( 'NONE', *, *, #1838, .T. ) ;
#1637 = CARTESIAN_POINT ( 'NONE',  ( 32.73064384689489970, -9.875433500244644947, 7.800000000000001599 ) ) ;
#1638 = CALENDAR_DATE ( 2026, 16, 5 ) ;
#1639 = VERTEX_POINT ( 'NONE', #1925 ) ;
#1640 = DIRECTION ( 'NONE',  ( 0.000000000000000000, 0.000000000000000000, 1.000000000000000000 ) ) ;
#1641 = AXIS2_PLACEMENT_3D ( 'NONE', #161, #1355, #151 ) ;
#1642 = VERTEX_POINT ( 'NONE', #1069 ) ;
#1643 = DIRECTION ( 'NONE',  ( -0.000000000000000000, 0.000000000000000000, -1.000000000000000000 ) ) ;
#1644 = CIRCLE ( 'NONE', #120, 2.899999999999999911 ) ;
#1645 = CIRCLE ( 'NONE', #463, 39.99999999999999289 ) ;
#1646 = ORIENTED_EDGE ( 'NONE', *, *, #1361, .T. ) ;
#1647 = DIRECTION ( 'NONE',  ( 0.000000000000000000, 0.000000000000000000, -1.000000000000000000 ) ) ;
#1648 = COORDINATED_UNIVERSAL_TIME_OFFSET ( 8, 0, .AHEAD. ) ;
#1649 = ADVANCED_FACE ( 'NONE', ( #763 ), #1807, .F. ) ;
#1650 = VERTEX_POINT ( 'NONE', #1553 ) ;
#1651 = DIRECTION ( 'NONE',  ( 1.000000000000000000, 0.000000000000000000, 0.000000000000000000 ) ) ;
#1652 = DESIGN_CONTEXT ( 'detailed design', #1881, 'design' ) ;
#1653 = DIRECTION ( 'NONE',  ( 1.000000000000000000, 0.000000000000000000, 0.000000000000000000 ) ) ;
#1654 = AXIS2_PLACEMENT_3D ( 'NONE', #200, #792, #62 ) ;
#1655 = ORIENTED_EDGE ( 'NONE', *, *, #1477, .F. ) ;
#1656 = AXIS2_PLACEMENT_3D ( 'NONE', #1104, #1566, #699 ) ;
#1657 = CARTESIAN_POINT ( 'NONE',  ( 0.000000000000000000, 31.50000000000000000, 11.80000000000000071 ) ) ;
#1658 = ORIENTED_EDGE ( 'NONE', *, *, #771, .F. ) ;
#1659 = CARTESIAN_POINT ( 'NONE',  ( 9.290643846894893088, 33.93456649975535555, 11.80000000000000071 ) ) ;
#1660 = DIRECTION ( 'NONE',  ( 0.000000000000000000, 0.000000000000000000, -1.000000000000000000 ) ) ;
#1661 = VERTEX_POINT ( 'NONE', #380 ) ;
#1662 = DIRECTION ( 'NONE',  ( -0.000000000000000000, -0.000000000000000000, -1.000000000000000000 ) ) ;
#1663 = DIRECTION ( 'NONE',  ( -0.000000000000000000, -0.000000000000000000, -1.000000000000000000 ) ) ;
#1664 = ORIENTED_EDGE ( 'NONE', *, *, #1909, .F. ) ;
#1665 = CARTESIAN_POINT ( 'NONE',  ( -27.27980021920975773, -15.75000000000012790, 11.80000000000000071 ) ) ;
#1666 = EDGE_CURVE ( 'NONE', #421, #518, #1673, .T. ) ;
#1667 = CARTESIAN_POINT ( 'NONE',  ( -24.25480021920975915, -15.75000000000012790, 11.80000000000000071 ) ) ;
#1668 = EDGE_LOOP ( 'NONE', ( #883, #299, #1375, #325 ) ) ;
#1669 = FACE_OUTER_BOUND ( 'NONE', #1884, .T. ) ;
#1670 = DIRECTION ( 'NONE',  ( -0.000000000000000000, -0.000000000000000000, -1.000000000000000000 ) ) ;
#1671 = AXIS2_PLACEMENT_3D ( 'NONE', #515, #952, #1842 ) ;
#1672 = ORIENTED_EDGE ( 'NONE', *, *, #1846, .T. ) ;
#1673 = LINE ( 'NONE', #639, #337 ) ;
#1674 = ADVANCED_FACE ( 'NONE', ( #1409 ), #48, .F. ) ;
#1675 = ADVANCED_FACE ( 'NONE', ( #1237 ), #1084, .F. ) ;
#1676 = VECTOR ( 'NONE', #1662, 1000.000000000000000 ) ;
#1677 = DIRECTION ( 'NONE',  ( 1.000000000000000000, 0.000000000000000000, 0.000000000000000000 ) ) ;
#1678 = ORIENTED_EDGE ( 'NONE', *, *, #642, .T. ) ;
#1679 = CARTESIAN_POINT ( 'NONE',  ( 3.024999999999999911, 31.50000000000000000, 11.80000000000000071 ) ) ;
#1680 = CYLINDRICAL_SURFACE ( 'NONE', #41, 3.499999999999999556 ) ;
#1681 = AXIS2_PLACEMENT_3D ( 'NONE', #271, #722, #731 ) ;
#1682 = CARTESIAN_POINT ( 'NONE',  ( 6.390643846894894509, 33.93456649975535555, 11.80000000000000071 ) ) ;
#1683 = AXIS2_PLACEMENT_3D ( 'NONE', #1804, #1363, #479 ) ;
#1684 = CARTESIAN_POINT ( 'NONE',  ( 0.000000000000000000, 0.000000000000000000, 0.000000000000000000 ) ) ;
#1685 = DIRECTION ( 'NONE',  ( 1.000000000000000000, 0.000000000000000000, 0.000000000000000000 ) ) ;
#1686 = ADVANCED_FACE ( 'NONE', ( #815 ), #489, .F. ) ;
#1687 = ORIENTED_EDGE ( 'NONE', *, *, #1153, .F. ) ;
#1688 = CARTESIAN_POINT ( 'NONE',  ( 32.73064384689489970, -9.875433500244644947, 11.80000000000000071 ) ) ;
#1689 = DIRECTION ( 'NONE',  ( 1.000000000000000000, 0.000000000000000000, 0.000000000000000000 ) ) ;
#1690 = CIRCLE ( 'NONE', #22, 2.149999999999999023 ) ;
#1691 = EDGE_CURVE ( 'NONE', #1367, #612, #828, .T. ) ;
#1692 = DIRECTION ( 'NONE',  ( 1.000000000000000000, 0.000000000000000000, -0.000000000000000000 ) ) ;
#1693 = DIRECTION ( 'NONE',  ( 1.000000000000000000, 0.000000000000000000, 0.000000000000000000 ) ) ;
#1694 = AXIS2_PLACEMENT_3D ( 'NONE', #1895, #556, #819 ) ;
#1695 = EDGE_CURVE ( 'NONE', #1059, #593, #241, .T. ) ;
#1696 = CARTESIAN_POINT ( 'NONE',  ( 9.290643846894893088, 33.93456649975535555, 7.800000000000001599 ) ) ;
#1697 = ORIENTED_EDGE ( 'NONE', *, *, #668, .F. ) ;
#1698 = PLANE ( 'NONE',  #1618 ) ;
#1699 = CARTESIAN_POINT ( 'NONE',  ( -27.27980021920985365, 15.74999999999993783, 11.80000000000000071 ) ) ;
#1700 = DIRECTION ( 'NONE',  ( -0.000000000000000000, -0.000000000000000000, -1.000000000000000000 ) ) ;
#1701 = AXIS2_PLACEMENT_3D ( 'NONE', #769, #37, #613 ) ;
#1702 = ADVANCED_FACE ( 'NONE', ( #935, #1851 ), #368, .T. ) ;
#1703 = EDGE_CURVE ( 'NONE', #445, #1661, #743, .T. ) ;
#1704 = CIRCLE ( 'NONE', #1212, 3.024999999999999911 ) ;
#1705 = EDGE_CURVE ( 'NONE', #375, #260, #309, .T. ) ;
#1706 = DIRECTION ( 'NONE',  ( 1.000000000000000000, 0.000000000000000000, 0.000000000000000000 ) ) ;
#1707 = VERTEX_POINT ( 'NONE', #524 ) ;
#1708 = EDGE_LOOP ( 'NONE', ( #1575, #1880, #1811, #1489 ) ) ;
#1709 = DIRECTION ( 'NONE',  ( 0.000000000000000000, 0.000000000000000000, 1.000000000000000000 ) ) ;
#1710 = CIRCLE ( 'NONE', #1271, 3.500000000000003109 ) ;
#1711 = DIRECTION ( 'NONE',  ( 0.000000000000000000, 0.000000000000000000, 1.000000000000000000 ) ) ;
#1712 = CARTESIAN_POINT ( 'NONE',  ( -27.27980021920985365, 15.74999999999993783, 0.000000000000000000 ) ) ;
#1713 = AXIS2_PLACEMENT_3D ( 'NONE', #344, #1834, #361 ) ;
#1714 = AXIS2_PLACEMENT_3D ( 'NONE', #1576, #691, #253 ) ;
#1715 = CARTESIAN_POINT ( 'NONE',  ( 0.000000000000000000, 31.50000000000000000, 0.000000000000000000 ) ) ;
#1716 = ORIENTED_EDGE ( 'NONE', *, *, #1220, .T. ) ;
#1717 = ORIENTED_EDGE ( 'NONE', *, *, #641, .T. ) ;
#1718 = CYLINDRICAL_SURFACE ( 'NONE', #1163, 3.500000000000003109 ) ;
#1719 = EDGE_LOOP ( 'NONE', ( #1578, #905 ) ) ;
#1720 = CARTESIAN_POINT ( 'NONE',  ( 32.73064384689489970, 10.12456649975535505, 7.800000000000001599 ) ) ;
#1721 = LINE ( 'NONE', #390, #979 ) ;
#1722 = AXIS2_PLACEMENT_3D ( 'NONE', #379, #830, #534 ) ;
#1723 = EDGE_CURVE ( 'NONE', #1322, #546, #1890, .T. ) ;
#1724 = ORIENTED_EDGE ( 'NONE', *, *, #1361, .F. ) ;
#1725 = FACE_OUTER_BOUND ( 'NONE', #1166, .T. ) ;
#1726 = ORIENTED_EDGE ( 'NONE', *, *, #318, .T. ) ;
#1727 = ORIENTED_EDGE ( 'NONE', *, *, #1877, .T. ) ;
#1728 = LINE ( 'NONE', #1442, #1356 ) ;
#1729 = ORIENTED_EDGE ( 'NONE', *, *, #1193, .F. ) ;
#1730 = CARTESIAN_POINT ( 'NONE',  ( 15.59999999999999964, 1.910449006669870914E-15, 0.000000000000000000 ) ) ;
#1731 = CYLINDRICAL_SURFACE ( 'NONE', #1296, 3.024999999999999911 ) ;
#1732 = FACE_OUTER_BOUND ( 'NONE', #1507, .T. ) ;
#1733 = CIRCLE ( 'NONE', #462, 2.899999999999999911 ) ;
#1734 = AXIS2_PLACEMENT_3D ( 'NONE', #1102, #498, #1528 ) ;
#1735 = CARTESIAN_POINT ( 'NONE',  ( 7.540643846894893088, 33.93456649975535555, 0.000000000000000000 ) ) ;
#1736 = EDGE_LOOP ( 'NONE', ( #973, #218 ) ) ;
#1737 = EDGE_CURVE ( 'NONE', #291, #1854, #896, .T. ) ;
#1738 = DIRECTION ( 'NONE',  ( -0.000000000000000000, -0.000000000000000000, 1.000000000000000000 ) ) ;
#1739 = VERTEX_POINT ( 'NONE', #805 ) ;
#1740 = CARTESIAN_POINT ( 'NONE',  ( 3.024999999999999911, 31.50000000000000000, 11.80000000000000071 ) ) ;
#1741 = LINE ( 'NONE', #1418, #800 ) ;
#1742 = ORIENTED_EDGE ( 'NONE', *, *, #1056, .T. ) ;
#1743 = FACE_BOUND ( 'NONE', #530, .T. ) ;
#1744 = MANIFOLD_SOLID_BREP ( '\X2\52079664\X0\-\X2\62c94f38\X0\4', #1003 ) ;
#1745 = VECTOR ( 'NONE', #1318, 1000.000000000000000 ) ;
#1746 = FACE_BOUND ( 'NONE', #91, .T. ) ;
#1747 = ORIENTED_EDGE ( 'NONE', *, *, #1666, .T. ) ;
#1748 = PLANE ( 'NONE',  #357 ) ;
#1749 = EDGE_CURVE ( 'NONE', #436, #612, #787, .T. ) ;
#1750 = ORIENTED_EDGE ( 'NONE', *, *, #1561, .F. ) ;
#1751 = CARTESIAN_POINT ( 'NONE',  ( -30.11935615310511594, -9.875433500244644947, 7.800000000000001599 ) ) ;
#1752 = DIRECTION ( 'NONE',  ( -0.000000000000000000, -0.000000000000000000, -1.000000000000000000 ) ) ;
#1753 = ORIENTED_EDGE ( 'NONE', *, *, #387, .T. ) ;
#1754 = FACE_BOUND ( 'NONE', #392, .T. ) ;
#1755 = EDGE_CURVE ( 'NONE', #75, #436, #1053, .T. ) ;
#1756 = CIRCLE ( 'NONE', #385, 15.59999999999999964 ) ;
#1757 = EDGE_CURVE ( 'NONE', #265, #1862, #1704, .T. ) ;
#1758 = CARTESIAN_POINT ( 'NONE',  ( 7.540643846894893088, -33.68543350024464189, 7.800000000000001599 ) ) ;
#1759 = EDGE_LOOP ( 'NONE', ( #1498, #1664 ) ) ;
#1760 = CIRCLE ( 'NONE', #79, 3.500000000000003109 ) ;
#1761 = CARTESIAN_POINT ( 'NONE',  ( -32.26935615310511452, -9.875433500244644947, 11.80000000000000071 ) ) ;
#1762 = ORIENTED_EDGE ( 'NONE', *, *, #1210, .F. ) ;
#1763 = DIRECTION ( 'NONE',  ( -1.000000000000000000, 0.000000000000000000, 0.000000000000000000 ) ) ;
#1764 = LINE ( 'NONE', #543, #551 ) ;
#1765 = ORIENTED_EDGE ( 'NONE', *, *, #1737, .F. ) ;
#1766 = CARTESIAN_POINT ( 'NONE',  ( 32.73064384689489970, 10.12456649975535505, 7.800000000000001599 ) ) ;
#1767 = ADVANCED_FACE ( 'NONE', ( #660 ), #342, .F. ) ;
#1768 = CIRCLE ( 'NONE', #1583, 3.024999999999999911 ) ;
#1769 = DIRECTION ( 'NONE',  ( 1.000000000000000000, 0.000000000000000000, 0.000000000000000000 ) ) ;
#1770 = ORIENTED_EDGE ( 'NONE', *, *, #29, .F. ) ;
#1771 = VECTOR ( 'NONE', #598, 1000.000000000000000 ) ;
#1772 = ADVANCED_FACE ( 'NONE', ( #1385 ), #1537, .F. ) ;
#1773 = CARTESIAN_POINT ( 'NONE',  ( 0.000000000000000000, 0.000000000000000000, 11.80000000000000071 ) ) ;
#1774 = UNCERTAINTY_MEASURE_WITH_UNIT (LENGTH_MEASURE( 1.000000000000000082E-05 ), #1469, 'distance_accuracy_value', 'NONE');
#1775 = CARTESIAN_POINT ( 'NONE',  ( 9.290643846894893088, -33.68543350024464189, 0.000000000000000000 ) ) ;
#1776 = EDGE_LOOP ( 'NONE', ( #156, #555 ) ) ;
#1777 = DIRECTION ( 'NONE',  ( -0.000000000000000000, -0.000000000000000000, 1.000000000000000000 ) ) ;
#1778 = PERSON_AND_ORGANIZATION ( #1195, #232 ) ;
#1779 = VERTEX_POINT ( 'NONE', #1288 ) ;
#1780 = DIRECTION ( 'NONE',  ( 1.000000000000000000, 0.000000000000000000, 0.000000000000000000 ) ) ;
#1781 = VECTOR ( 'NONE', #219, 1000.000000000000000 ) ;
#1782 = DIRECTION ( 'NONE',  ( 0.000000000000000000, 0.000000000000000000, 1.000000000000000000 ) ) ;
#1783 = CARTESIAN_POINT ( 'NONE',  ( -32.26935615310511452, -9.875433500244644947, 7.800000000000001599 ) ) ;
#1784 = ORIENTED_EDGE ( 'NONE', *, *, #642, .F. ) ;
#1785 = AXIS2_PLACEMENT_3D ( 'NONE', #1610, #138, #1014 ) ;
#1786 = CARTESIAN_POINT ( 'NONE',  ( -32.26935615310511452, 10.12456649975535505, 11.80000000000000071 ) ) ;
#1787 = EDGE_LOOP ( 'NONE', ( #131, #2 ) ) ;
#1788 = DIRECTION ( 'NONE',  ( -1.000000000000000000, 0.000000000000000000, 0.000000000000000000 ) ) ;
#1789 = APPROVAL_ROLE ( '' ) ;
#1790 = ORIENTED_EDGE ( 'NONE', *, *, #1534, .F. ) ;
#1791 = FACE_OUTER_BOUND ( 'NONE', #1115, .T. ) ;
#1792 = CIRCLE ( 'NONE', #936, 3.024999999999999911 ) ;
#1793 = ORIENTED_EDGE ( 'NONE', *, *, #1268, .T. ) ;
#1794 = DIRECTION ( 'NONE',  ( 0.000000000000000000, 0.000000000000000000, 1.000000000000000000 ) ) ;
#1795 = VERTEX_POINT ( 'NONE', #1572 ) ;
#1796 = DIRECTION ( 'NONE',  ( 1.000000000000000000, 0.000000000000000000, 0.000000000000000000 ) ) ;
#1797 = PERSON_AND_ORGANIZATION ( #1195, #232 ) ;
#1798 = ORIENTED_EDGE ( 'NONE', *, *, #1140, .T. ) ;
#1799 = DIRECTION ( 'NONE',  ( 1.000000000000000000, 0.000000000000000000, 0.000000000000000000 ) ) ;
#1800 = LINE ( 'NONE', #1172, #1015 ) ;
#1801 = AXIS2_PLACEMENT_3D ( 'NONE', #351, #216, #222 ) ;
#1802 = CIRCLE ( 'NONE', #947, 2.149999999999999023 ) ;
#1803 = ORIENTED_EDGE ( 'NONE', *, *, #1533, .F. ) ;
#1804 = CARTESIAN_POINT ( 'NONE',  ( 0.000000000000000000, 0.000000000000000000, 0.000000000000000000 ) ) ;
#1805 = COORDINATED_UNIVERSAL_TIME_OFFSET ( 8, 0, .AHEAD. ) ;
#1806 = ORIENTED_EDGE ( 'NONE', *, *, #806, .T. ) ;
#1807 = CYLINDRICAL_SURFACE ( 'NONE', #1420, 1.750000000000000666 ) ;
#1808 = CIRCLE ( 'NONE', #246, 2.150000000000002576 ) ;
#1809 = CARTESIAN_POINT ( 'NONE',  ( -27.27980021920975773, -15.75000000000012790, 11.80000000000000071 ) ) ;
#1810 = AXIS2_PLACEMENT_3D ( 'NONE', #67, #652, #1078 ) ;
#1811 = ORIENTED_EDGE ( 'NONE', *, *, #1478, .T. ) ;
#1812 = CYLINDRICAL_SURFACE ( 'NONE', #499, 3.500000000000003109 ) ;
#1813 = ADVANCED_FACE ( 'NONE', ( #416 ), #1731, .F. ) ;
#1814 = DIRECTION ( 'NONE',  ( 1.000000000000000000, 0.000000000000000000, -0.000000000000000000 ) ) ;
#1815 = ORIENTED_EDGE ( 'NONE', *, *, #1193, .T. ) ;
#1816 = DIRECTION ( 'NONE',  ( 0.000000000000000000, 0.000000000000000000, -1.000000000000000000 ) ) ;
#1817 = CIRCLE ( 'NONE', #539, 3.500000000000003109 ) ;
#1818 = DIRECTION ( 'NONE',  ( -0.000000000000000000, -0.000000000000000000, -1.000000000000000000 ) ) ;
#1819 = VERTEX_POINT ( 'NONE', #862 ) ;
#1820 = DIRECTION ( 'NONE',  ( -0.000000000000000000, -0.000000000000000000, -1.000000000000000000 ) ) ;
#1821 = DIRECTION ( 'NONE',  ( -1.000000000000000000, 0.000000000000000000, 0.000000000000000000 ) ) ;
#1822 = ORIENTED_EDGE ( 'NONE', *, *, #1294, .T. ) ;
#1823 = DIRECTION ( 'NONE',  ( -0.000000000000000000, -0.000000000000000000, -1.000000000000000000 ) ) ;
#1824 = EDGE_CURVE ( 'NONE', #623, #1277, #310, .T. ) ;
#1825 = EDGE_CURVE ( 'NONE', #228, #1204, #1105, .T. ) ;
#1826 = DIRECTION ( 'NONE',  ( -0.000000000000000000, -0.000000000000000000, -1.000000000000000000 ) ) ;
#1827 = ORIENTED_EDGE ( 'NONE', *, *, #510, .T. ) ;
#1828 = CARTESIAN_POINT ( 'NONE',  ( 30.30480021920963196, 15.75000000000031974, 11.80000000000000071 ) ) ;
#1829 = CIRCLE ( 'NONE', #1137, 2.899999999999999911 ) ;
#1830 = DIRECTION ( 'NONE',  ( 1.000000000000000000, 0.000000000000000000, 0.000000000000000000 ) ) ;
#1831 = FACE_OUTER_BOUND ( 'NONE', #1136, .T. ) ;
#1832 = DIRECTION ( 'NONE',  ( 0.000000000000000000, 0.000000000000000000, -1.000000000000000000 ) ) ;
#1833 = CIRCLE ( 'NONE', #984, 3.499999999999999556 ) ;
#1834 = DIRECTION ( 'NONE',  ( -0.000000000000000000, -0.000000000000000000, -1.000000000000000000 ) ) ;
#1835 = EDGE_LOOP ( 'NONE', ( #1479, #1917 ) ) ;
#1836 = LINE ( 'NONE', #1381, #1781 ) ;
#1837 = CARTESIAN_POINT ( 'NONE',  ( 27.27980021920963338, 15.75000000000031974, 11.80000000000000071 ) ) ;
#1838 = EDGE_CURVE ( 'NONE', #817, #581, #214, .T. ) ;
#1839 = AXIS2_PLACEMENT_3D ( 'NONE', #1775, #1643, #589 ) ;
#1840 = AXIS2_PLACEMENT_3D ( 'NONE', #153, #877, #261 ) ;
#1841 = DIRECTION ( 'NONE',  ( -1.000000000000000000, 0.000000000000000000, 0.000000000000000000 ) ) ;
#1842 = DIRECTION ( 'NONE',  ( -1.000000000000000000, 0.000000000000000000, 0.000000000000000000 ) ) ;
#1843 = DIRECTION ( 'NONE',  ( 1.000000000000000000, 0.000000000000000000, 0.000000000000000000 ) ) ;
#1844 = ORIENTED_EDGE ( 'NONE', *, *, #1849, .F. ) ;
#1845 = CARTESIAN_POINT ( 'NONE',  ( 6.390643846894894509, 33.93456649975535555, 7.800000000000001599 ) ) ;
#1846 = EDGE_CURVE ( 'NONE', #291, #1559, #1764, .T. ) ;
#1847 = DIRECTION ( 'NONE',  ( -0.000000000000000000, -0.000000000000000000, 1.000000000000000000 ) ) ;
#1848 = AXIS2_PLACEMENT_3D ( 'NONE', #160, #340, #1198 ) ;
#1849 = EDGE_CURVE ( 'NONE', #1305, #1333, #1721, .T. ) ;
#1850 = CARTESIAN_POINT ( 'NONE',  ( 39.99999999999999289, 4.898587196589412237E-15, 11.80000000000000071 ) ) ;
#1851 = FACE_BOUND ( 'NONE', #425, .T. ) ;
#1852 = CARTESIAN_POINT ( 'NONE',  ( -30.30480021920985578, 15.74999999999993783, 11.80000000000000071 ) ) ;
#1853 = ORIENTED_EDGE ( 'NONE', *, *, #1008, .F. ) ;
#1854 = VERTEX_POINT ( 'NONE', #550 ) ;
#1855 = FACE_OUTER_BOUND ( 'NONE', #450, .T. ) ;
#1856 = CARTESIAN_POINT ( 'NONE',  ( -24.25480021920975915, -15.75000000000012790, 0.000000000000000000 ) ) ;
#1857 = CARTESIAN_POINT ( 'NONE',  ( 9.290643846894893088, -33.68543350024464189, 11.80000000000000071 ) ) ;
#1858 = VECTOR ( 'NONE', #434, 1000.000000000000000 ) ;
#1859 = FACE_BOUND ( 'NONE', #408, .T. ) ;
#1860 = ORIENTED_EDGE ( 'NONE', *, *, #313, .F. ) ;
#1861 = ORIENTED_EDGE ( 'NONE', *, *, #1009, .F. ) ;
#1862 = VERTEX_POINT ( 'NONE', #1270 ) ;
#1863 = EDGE_CURVE ( 'NONE', #140, #1380, #63, .T. ) ;
#1864 = EDGE_LOOP ( 'NONE', ( #1765, #1672, #1079, #1209 ) ) ;
#1865 = DIRECTION ( 'NONE',  ( -1.000000000000000000, 0.000000000000000000, 0.000000000000000000 ) ) ;
#1866 = DIRECTION ( 'NONE',  ( 1.000000000000000000, 0.000000000000000000, 0.000000000000000000 ) ) ;
#1867 = CIRCLE ( 'NONE', #474, 2.149999999999999023 ) ;
#1868 = AXIS2_PLACEMENT_3D ( 'NONE', #136, #723, #1011 ) ;
#1869 = FACE_BOUND ( 'NONE', #1887, .T. ) ;
#1870 = ORIENTED_EDGE ( 'NONE', *, *, #1394, .F. ) ;
#1871 = ORIENTED_EDGE ( 'NONE', *, *, #46, .F. ) ;
#1872 = EDGE_LOOP ( 'NONE', ( #362, #485 ) ) ;
#1873 = VERTEX_POINT ( 'NONE', #1005 ) ;
#1874 = DIRECTION ( 'NONE',  ( -0.000000000000000000, -0.000000000000000000, 1.000000000000000000 ) ) ;
#1875 = DIRECTION ( 'NONE',  ( -0.000000000000000000, -0.000000000000000000, -1.000000000000000000 ) ) ;
#1876 = CARTESIAN_POINT ( 'NONE',  ( -39.99999999999999289, 0.000000000000000000, 0.000000000000000000 ) ) ;
#1877 = EDGE_CURVE ( 'NONE', #183, #599, #1645, .T. ) ;
#1878 = EDGE_CURVE ( 'NONE', #655, #36, #1741, .T. ) ;
#1879 = CYLINDRICAL_SURFACE ( 'NONE', #1555, 1.749999999999999778 ) ;
#1880 = ORIENTED_EDGE ( 'NONE', *, *, #1755, .F. ) ;
#1881 = APPLICATION_CONTEXT ( 'configuration controlled 3d designs of mechanical parts and assemblies' ) ;
#1882 = DIRECTION ( 'NONE',  ( 0.000000000000000000, 0.000000000000000000, -1.000000000000000000 ) ) ;
#1883 = LOCAL_TIME ( 10, 44, 32.00000000000000000, #1805 ) ;
#1884 = EDGE_LOOP ( 'NONE', ( #488, #418, #383, #958 ) ) ;
#1885 = CYLINDRICAL_SURFACE ( 'NONE', #693, 2.899999999999999911 ) ;
#1886 = DIRECTION ( 'NONE',  ( -0.000000000000000000, -0.000000000000000000, -1.000000000000000000 ) ) ;
#1887 = EDGE_LOOP ( 'NONE', ( #848, #1259 ) ) ;
#1888 = CARTESIAN_POINT ( 'NONE',  ( 2.199633243471174140E-13, -31.50000000000000000, 0.000000000000000000 ) ) ;
#1889 = AXIS2_PLACEMENT_3D ( 'NONE', #1502, #1180, #172 ) ;
#1890 = CIRCLE ( 'NONE', #365, 3.024999999999999911 ) ;
#1891 = ADVANCED_FACE ( 'NONE', ( #1143 ), #258, .F. ) ;
#1892 = VERTEX_POINT ( 'NONE', #1601 ) ;
#1893 = FACE_OUTER_BOUND ( 'NONE', #1194, .T. ) ;
#1894 = EDGE_LOOP ( 'NONE', ( #386, #1006 ) ) ;
#1895 = CARTESIAN_POINT ( 'NONE',  ( -32.26935615310511452, 10.12456649975535505, 11.80000000000000071 ) ) ;
#1896 = ADVANCED_FACE ( 'NONE', ( #1455 ), #269, .F. ) ;
#1897 = ORIENTED_EDGE ( 'NONE', *, *, #1046, .F. ) ;
#1898 = LINE ( 'NONE', #415, #603 ) ;
#1899 = DIRECTION ( 'NONE',  ( -1.000000000000000000, 0.000000000000000000, 0.000000000000000000 ) ) ;
#1900 = EDGE_CURVE ( 'NONE', #256, #1639, #1488, .T. ) ;
#1901 = ORIENTED_EDGE ( 'NONE', *, *, #1404, .F. ) ;
#1902 = LINE ( 'NONE', #698, #650 ) ;
#1903 = CIRCLE ( 'NONE', #1307, 1.750000000000000666 ) ;
#1904 = CIRCLE ( 'NONE', #1029, 3.024999999999999911 ) ;
#1905 = DIRECTION ( 'NONE',  ( -0.000000000000000000, -0.000000000000000000, 1.000000000000000000 ) ) ;
#1906 = VERTEX_POINT ( 'NONE', #697 ) ;
#1907 = DIRECTION ( 'NONE',  ( -1.000000000000000000, 0.000000000000000000, 0.000000000000000000 ) ) ;
#1908 = VERTEX_POINT ( 'NONE', #240 ) ;
#1909 = EDGE_CURVE ( 'NONE', #459, #833, #1802, .T. ) ;
#1910 = DIRECTION ( 'NONE',  ( -1.000000000000000000, 0.000000000000000000, 0.000000000000000000 ) ) ;
#1911 = CARTESIAN_POINT ( 'NONE',  ( 9.290643846894893088, 33.93456649975535555, 7.800000000000001599 ) ) ;
#1912 = ADVANCED_FACE ( 'NONE', ( #535 ), #1427, .F. ) ;
#1913 = VERTEX_POINT ( 'NONE', #559 ) ;
#1914 = DIRECTION ( 'NONE',  ( -1.000000000000000000, 0.000000000000000000, 0.000000000000000000 ) ) ;
#1915 = EDGE_CURVE ( 'NONE', #986, #183, #850, .T. ) ;
#1916 = DIRECTION ( 'NONE',  ( -0.000000000000000000, -0.000000000000000000, -1.000000000000000000 ) ) ;
#1917 = ORIENTED_EDGE ( 'NONE', *, *, #469, .F. ) ;
#1918 = CARTESIAN_POINT ( 'NONE',  ( 30.30480021920963196, 15.75000000000031974, 0.000000000000000000 ) ) ;
#1919 = DIRECTION ( 'NONE',  ( 0.000000000000000000, 0.000000000000000000, 1.000000000000000000 ) ) ;
#1920 = ORIENTED_EDGE ( 'NONE', *, *, #840, .T. ) ;
#1921 = DIRECTION ( 'NONE',  ( 1.000000000000000000, 0.000000000000000000, -0.000000000000000000 ) ) ;
#1922 = PERSON_AND_ORGANIZATION ( #1195, #232 ) ;
#1923 = EDGE_LOOP ( 'NONE', ( #334, #1264 ) ) ;
#1924 = DIRECTION ( 'NONE',  ( -0.000000000000000000, -0.000000000000000000, 1.000000000000000000 ) ) ;
#1925 = CARTESIAN_POINT ( 'NONE',  ( 30.58064384689489756, -9.875433500244644947, 7.800000000000001599 ) ) ;
ENDSEC;
END-ISO-10303-21;
